"","category","subcategory","ID","Description","GeneRatio","BgRatio","RichFactor","FoldEnrichment","zScore","pvalue","p.adjust","qvalue","geneID","Count","GeneRatio_a","BgRatio_a"
"hsa04510","Cellular Processes","Cellular community - eukaryotes","hsa04510","Focal adhesion","103/2394","203/8545",0.507389162561576,1.81104444197522,7.29587539297231,3.80137258051161e-12,1.31147354027651e-09,8.64312081463693e-10,"ITGA3/FYN/IGF1/HGF/VCL/FLT4/LAMC3/LAMA3/LAMC2/PPP1R12A/MYLK/ROCK1/ACTN1/PPP1R12B/PAK3/ITGA8/COL4A4/PXN/LAMB4/LAMB1/ITGA6/MAPK1/SOS2/ARHGAP5/MYL9/PAK5/LAMA1/FLT1/ITGB8/CAV2/CAV1/MET/MYL7/PIP5K1B/RAPGEF1/MAPK8/MAPK10/BIRC2/VWF/MYL2/CCND3/LAMA4/PDGFRB/SOS1/RAP1A/AKT3/CCND2/TNN/PIK3CA/PPP1R12C/RAP1B/KDR/RAF1/ITGB4/ROCK2/EMP1/PDGFRA/COL4A2/ITGA7/LAMC1/TLN1/EGF/ITGA10/ITGA9/PDGFC/PIK3R1/MYLK4/EGFR/SHC3/ITGB1/VEGFC/DOCK1/PRKCA/BRAF/ZYX/ITGA2/VEGFD/ILK/CRK/CTNNB1/TNXB/COL4A3/MAP2K1/PDGFD/PTEN/TLN2/LAMB2/VEGFB/JUN/CAV3/COL4A1/PARVB/RELN/LAMA2/LAMB3/FLNA/PDGFA/COL4A6/PARVA/COL6A6/PPP1CB/ITGA1/ITGB3",103,103,203
"hsa04820","Cellular Processes","Cell motility","hsa04820","Cytoskeleton in muscle cells","107/2394","232/8545",0.461206896551724,1.64620423184398,6.22522036250717,2.03494318723031e-09,3.51027699797229e-07,2.31340909706183e-07,"ITGA3/DCN/ATP1A2/FHL1/VIM/VCL/MYOM2/DSG2/SYNE2/PKP2/FBLN1/ITGA8/MYH7B/COL4A4/ITGA6/CAPN3/SUN2/DAAM1/MYL9/SNTA1/TNNC2/MYOM1/LAMA1/SGCG/ITGB8/MYL7/PDLIM1/SGCA/MYH1/MYH3/MYL2/SPTBN1/AMPD1/NID1/LDB3/SSPN/MYH2/SGCE/FLNC/TMOD2/ATP1B2/TNNT3/SYNE1/PDLIM4/ITGB4/MYH10/MYH11/DTNA/COL4A2/ITGA7/TMOD1/TLN1/TPM1/MYOM3/HSPG2/ITGA10/ITGA9/ANK2/DAAM2/DIAPH2/TRIM55/ITGB1/OBSCN/PDLIM3/TTN/FMN2/FMNL2/TRIM63/CSRP1/ACTC1/ZYX/MYL3/SDC3/ACTG2/SGCB/LMOD1/FBLN2/ITGA2/SUN1/FBN1/SNTB2/COL4A3/SDC2/SGCD/LMOD2/TMEM43/TLN2/SNTB1/MYOZ2/SYNPO2/DES/CSRP2/SYNE3/CAPZA3/SGCZ/COL4A1/MYBPC1/LAMA2/COL4A6/SPTAN1/TPM2/CAPZA2/DMD/COL6A6/ITGA1/ACTN3/ITGB3",107,107,232
"hsa04151","Environmental Information Processing","Signal transduction","hsa04151","PI3K-Akt signaling pathway","149/2394","362/8545",0.411602209944751,1.46914823892143,5.69020521666979,2.67944791147451e-08,3.08136509819569e-06,2.0307394697491e-06,"ITGA3/IGF1/HGF/FLT4/PHLPP2/LAMC3/LAMA3/LAMC2/EIF4B/NGFR/PKN2/PPP2R5A/PPP2R5B/GNB5/PPP2R3A/IL4R/FGFR1/ITGA8/PPP2R5C/FGF20/COL4A4/PHLPP1/FLT3LG/LAMB4/LAMB1/ITGA6/ANGPT2/PPP2R3C/JAK2/MAPK1/SOS2/SGK2/ANGPT4/LAMA1/FGF9/FLT1/RBL2/IL7/PPP2CB/CDK6/ITGB8/MET/FGF8/CSF3/IL2/VWF/GYS2/CCND3/LAMA4/GHR/IL4/FGF1/PDGFRB/SOS1/ATF2/AKT3/CREB1/SGK1/FOXO3/CCND2/TEK/IFNA8/TNN/PIK3CA/NR4A1/PCK1/CDKN1A/GNG11/KDR/G6PC1/RAF1/PRKAA1/ITGB4/NGF/PDGFRA/COL4A2/ITGA7/LAMC1/IL6/TLR4/MYC/RPS6/PPP2R1B/FGF2/EGF/LPAR6/FGF7/IFNAR1/EPHA2/ITGA10/MCL1/ITGA9/PDGFC/PIK3R1/CREB5/EGFR/LPAR4/NTRK2/ITGB1/VEGFC/MAGI1/G6PC2/ANGPT1/PRKCA/PPP2R2B/KIT/FGF17/PKN3/IL6R/JAK1/TGFA/ITGA2/NOS3/VEGFD/TSC1/IGF2/TNXB/CHRM1/COL4A3/MAP2K1/IRS1/YWHAG/PDGFD/PTEN/LAMB2/GNG12/VEGFB/GNG7/CHRM2/CREB3L2/CSF1R/EFNA5/CSF1/IL3RA/NTF3/RXRA/GNG2/COL4A1/RELN/FGF16/LAMA2/LAMB3/PDGFA/COL4A6/LPAR1/COL6A6/ITGA1/NTF4/ITGB3",149,149,362
"hsa04020","Environmental Information Processing","Signal transduction","hsa04020","Calcium signaling pathway","111/2394","254/8545",0.437007874015748,1.55982969234109,5.65052966159395,4.14970001871591e-08,3.47330757787771e-06,2.28904481104984e-06,"CACNA1G/HGF/FLT4/ADRB1/PHKA2/PTGER3/MCOLN3/ATP2B4/MYLK/ATP2B1/NFATC3/FGFR1/FGF20/ITPKC/NOS1/P2RX6/SLC8A3/NFATC2/TNNC2/HTR2A/FGF9/FLT1/PHKB/MET/PPP3CB/FGF8/STIM2/FGF1/PDGFRB/PDE1A/TACR1/CASQ2/ADRA1A/PPP3CC/PTGFR/ITPR2/PDE1B/KDR/ADCY4/HRC/NFATC1/CAMK1/NGF/PDGFRA/EDNRB/ADCY3/LHCGR/PLCE1/FGF2/EGF/PPP3CA/PLCZ1/FGF7/NTRK3/GNAL/ITPKB/CAMK2D/PDGFC/MYLK4/EGFR/NTRK2/CAMK2G/VEGFC/ITPR1/CACNA1C/SLC25A4/CYSLTR2/PRKCA/PDE1C/GNAQ/FGF17/PLCD3/TGFA/C4orf3/HTR4/PHKG1/NOS3/VEGFD/AVPR1A/CHRFAM7A/STIM1/BDKRB2/CHRM1/ADRB2/ADRA1B/ADORA2B/PDGFD/VEGFB/CHRNA7/OXTR/CHRM2/PLCB1/SLC8A1/GRIN2A/DRD1/TRDN/TPCN1/PLCD1/PPP3R2/ADRB3/RYR1/FGF16/HRH1/PDGFA/PLCG2/ASPH/PLN/CALM1/GRIN3A/RYR3/GRIN2B",111,111,254
"hsa04022","Environmental Information Processing","Signal transduction","hsa04022","cGMP-PKG signaling pathway","79/2394","166/8545",0.475903614457831,1.69866181518052,5.67080594589714,5.0337790983735e-08,3.47330757787771e-06,2.28904481104984e-06,"ATP1A2/ADRB1/PPP1R12A/ATP2B4/MYLK/ROCK1/MEF2A/ATP2B1/NFATC3/IRAG1/MEF2C/MAPK1/SLC8A3/NFATC2/MYL9/PPP3CB/SRF/GNAI2/ATF2/RGS2/AKT3/CREB1/ADRA1A/PPP3CC/KCNJ8/ITPR2/GNAI1/ATP1B2/ADCY4/NFATC1/RAF1/ROCK2/EDNRB/TRPC6/FXYD2/ADCY3/PRKG2/PDE5A/PPP3CA/KCNMB1/MYLK4/GNA12/CREB5/ADRA2A/ITPR1/CACNA1C/SLC25A4/PDE3B/GUCY1A2/GNAQ/KCNMA1/NPR2/GUCY1A1/NOS3/BDKRB2/MAP2K1/IRS1/ADRB2/NPR1/ADRA1B/PRKCE/PDE3A/ADCY5/ADCY6/NPPA/CREB3L2/PLCB1/SLC8A1/PRKG1/IRS2/PDE2A/PPP3R2/ADRB3/KCNMB2/CNGA1/PLN/CALM1/PPP1CB/ADRA2B",79,79,166
"hsa04015","Environmental Information Processing","Signal transduction","hsa04015","Rap1 signaling pathway","95/2394","212/8545",0.44811320754717,1.59946840371369,5.51382993044472,9.35867291564565e-08,5.38123692649625e-06,3.5464444732973e-06,"IGF1/HGF/MAP2K3/FLT4/NGFR/RASGRP2/APBB1IP/FGFR1/FGF20/RAPGEF3/RAPGEF4/ANGPT2/MAPK1/ANGPT4/FGF9/FLT1/MET/RAPGEF1/FGF8/MAP2K6/RAPGEF2/MAPK14/FGF1/PDGFRB/GNAI2/PRKD3/RAP1A/AKT3/CNR1/TEK/ARAP3/PIK3CA/ID1/RRAS/RAP1B/GNAI1/KDR/DOCK4/ADCY4/AFDN/RAF1/NGF/PDGFRA/RAPGEF5/TLN1/ADCY3/PLCE1/FGF2/EGF/FGF7/EPHA2/PDGFC/PIK3R1/EGFR/LPAR4/PARD3/DRD2/ITGB1/VEGFC/MAGI1/RASGRP3/ANGPT1/PRKCA/GNAQ/KIT/BRAF/MRAS/FGF17/RALGDS/VEGFD/CRK/CTNNB1/MAP2K1/P2RY1/ADORA2B/PDGFD/TLN2/ADCY5/VEGFB/ADCY6/PARD6G/CSF1R/PLCB1/GRIN2A/PRKD1/EFNA5/CSF1/MAPK11/FGF16/PDGFA/LPAR1/CTNND1/CALM1/ITGB3/GRIN2B",95,95,212
"hsa04010","Environmental Information Processing","Signal transduction","hsa04010","MAPK signaling pathway","125/2394","300/8545",0.416666666666667,1.48722500696185,5.35938180155751,1.62623437383702e-07,8.01501227105388e-06,5.28220488344055e-06,"MAP3K14/CACNA1G/IGF1/HGF/FAS/MAP2K3/FLT4/TAB2/NGFR/TNFRSF1A/RASGRP2/RPS6KA2/NFATC3/FGFR1/FGF20/MKNK1/MEF2C/MECOM/MAP3K4/FLT3LG/MAP3K20/ANGPT2/GADD45B/MAPK1/SOS2/PPM1A/RPS6KA5/ANGPT4/FGF9/FLT1/MET/MAPK8/PPP3CB/FGF8/MAP3K8/DUSP3/MAP2K6/MAPK10/RAPGEF2/PTPN5/MAPK14/SRF/RASGRF2/FGF1/PDGFRB/IL1R1/SOS1/ATF2/RAP1A/PLA2G4A/GADD45A/AKT3/DUSP1/TEK/PPP3CC/NR4A1/IL1B/RRAS/RAP1B/KDR/JUND/NFATC1/RAF1/RRAS2/NGF/PDGFRA/MYC/ARRB1/MAP2K5/FGF2/EGF/PPP3CA/DUSP6/FGF7/EPHA2/MAP3K6/PDGFC/GNA12/EGFR/NTRK2/VEGFC/CACNA1C/RASGRP3/CACNA2D1/ANGPT1/PRKCA/RASA2/KIT/BRAF/DUSP2/MRAS/FGF17/TGFA/TGFBR2/DUSP7/VEGFD/CACNG2/CRK/IGF2/JMJD7-PLA2G4B/MAP2K1/FOS/CD14/PDGFD/RASGRP4/GNG12/VEGFB/TRAF6/RPS6KA3/JUN/CACNB4/CSF1R/EFNA5/CSF1/MAPK11/NTF3/PPP3R2/IL1RAP/FGF16/FLNA/MAP3K5/PDGFA/MAP3K3/NTF4/PLA2G4B",125,125,300
"hsa00640","Metabolism","Carbohydrate metabolism","hsa00640","Propanoate metabolism","23/2394","32/8545",0.71875,2.56546313700919,5.53472882349926,3.13572811058234e-07,1.35228274768864e-05,8.91206936691824e-06,"ACACB/BCKDHB/HADHA/DLD/ECHDC1/MLYCD/ACSS3/LDHB/EHHADH/ALDH6A1/ACADS/ECHS1/ACSS2/SUCLA2/DBT/MMUT/ACOX1/SUCLG1/LDHAL6A/LDHAL6B/SUCLG2/PCCA/HIBCH",23,23,32
"hsa04014","Environmental Information Processing","Signal transduction","hsa04014","Ras signaling pathway","102/2394","238/8545",0.428571428571429,1.5297171500179,5.17047254587173,4.64304519240595e-07,1.77983399042228e-05,1.1729798380815e-05,"IGF1/HGF/GAB2/FLT4/NGFR/RASGRP2/GNB5/RASAL2/PLD1/PAK3/FGFR1/FGF20/FLT3LG/ANGPT2/ABL1/MAPK1/SOS2/ANGPT4/PAK5/FGF9/FLT1/RASA4/MET/MAPK8/FGF8/MAPK10/GAB1/RASGRF2/FGF1/PDGFRB/SOS1/RAP1A/PLA2G4A/AKT3/TEK/PIK3CA/RRAS/RAP1B/PLA2G5/GNG11/KDR/PLD2/AFDN/RAF1/RRAS2/NGF/PDGFRA/ETS1/RAPGEF5/PLCE1/FGF2/EGF/FGF7/KSR1/EPHA2/RGL1/PDGFC/PIK3R1/EGFR/NTRK2/SHC3/VEGFC/RASGRP3/ANGPT1/PRKCA/RASA2/KIT/ETS2/MRAS/FGF17/RALGDS/TGFA/VEGFD/IGF2/JMJD7-PLA2G4B/MAP2K1/RASA4B/PDGFD/RASGRP4/GNG12/VEGFB/PLAAT3/GNG7/PTPN11/CSF1R/GRIN2A/EFNA5/CSF1/PLA2G6/FOXO4/NTF3/RASA3/GNG2/PLA2G2A/RALGAPA2/FGF16/PDGFA/PLCG2/CALM1/NTF4/PLA2G4B/GRIN2B",102,102,238
"hsa04024","Environmental Information Processing","Signal transduction","hsa04024","cAMP signaling pathway","96/2394","226/8545",0.424778761061947,1.51617983010624,4.90613525761133,1.62667631463431e-06,5.5977653317953e-05,3.68914511569118e-05,"CFTR/ATP1A2/ADRB1/PTGER3/PPP1R12A/ATP2B4/ROCK1/ATP2B1/PLD1/EDN1/ADCYAP1R1/RAPGEF3/LIPE/RAPGEF4/MAPK1/EP300/NFKBIA/MYL9/OXT/CRHR2/MAPK8/MAPK10/GLI1/GLP1R/POPDC1/GNAI2/RAP1A/AKT3/CREB1/ARAP3/POPDC2/PIK3CA/EDN3/GRIA3/RRAS/RAP1B/GNAI1/PLD2/ATP1B2/ADCY4/AFDN/NFATC1/RAF1/RRAS2/TSHB/ROCK2/FXYD2/ADCY3/LHCGR/PLCE1/SSTR1/CAMK2D/PIK3R1/VIP/CREB5/CAMK2G/DRD2/CACNA1C/PDE3B/GRIA4/BRAF/ACOX1/HHIP/HTR4/TSHR/CHRM1/MAP2K1/ADRB2/NPR1/FOS/PDE3A/ADCY5/ADCY6/NPPA/JUN/HTR1F/OXTR/CHRM2/CREB3L2/HCAR2/GRIN2A/PDE4B/DRD1/PTCH1/PPARA/HCAR1/CNGA1/PLN/CALM1/GRIN3A/SUCNR1/GABBR1/PPP1CB/HCAR3/FXYD1/GRIN2B",96,96,226
"hsa04924","Organismal Systems","Endocrine system","hsa04924","Renin secretion","38/2394","69/8545",0.550724637681159,1.96572348746262,5.02460232269425,1.9423939192901e-06,5.5977653317953e-05,3.68914511569118e-05,"CLCA1/CLCA4/ADRB1/EDN1/ADCYAP1R1/PPP3CB/GNAI2/PDE1A/CREB1/PPP3CC/ITPR2/PDE1B/KCNJ2/EDN3/GNAI1/PRKG2/PPP3CA/ITPR1/CACNA1C/PDE3B/GUCY1A2/PDE1C/GNAQ/KCNMA1/ACE/GUCY1A1/ADRB2/NPR1/PTGER4/PDE3A/ADCY5/ADCY6/NPPA/PLCB1/PPP3R2/ADRB3/CALM1/AQP1",38,38,69
"hsa00071","Metabolism","Lipid metabolism","hsa00071","Fatty acid degradation","27/2394","43/8545",0.627906976744186,2.24121349886344,5.09026036559535,1.98647588008948e-06,5.5977653317953e-05,3.68914511569118e-05,"ACSL4/ALDH3A2/ACADVL/ACAT1/HADHA/ALDH2/EHHADH/ACADL/ACADM/ACADS/ECHS1/ACSBG2/HADHB/HADH/ALDH9A1/ACSL1/CYP2U1/ACOX1/ALDH7A1/ACAA2/ADH6/ADH1A/ADH1B/ACSL5/ADH5/ADH4/ADH1C",27,27,43
"hsa05224","Human Diseases","Cancer: specific types","hsa05224","Breast cancer","68/2394","148/8545",0.45945945945946,1.63996703470388,4.89943741184037,2.1093028786475e-06,5.5977653317953e-05,3.68914511569118e-05,"IGF1/FLT4/WNT8A/LRP6/FGFR1/FGF20/TCF7/NCOA1/WNT11/GADD45B/MAPK1/SOS2/JAG1/FGF9/CDK6/FGF8/WNT5B/FGF1/SOS1/GADD45A/AKT3/TNFSF11/PIK3CA/POLK/CDKN1A/WNT1/DLL4/RAF1/WNT2B/NOTCH2/DDB2/APC/HEY2/MYC/FGF2/EGF/RB1/ESR2/FGF7/PIK3R1/EGFR/SHC3/NOTCH1/TCF7L2/TCF7L1/FZD7/FZD1/KIT/BRAF/FGF17/WNT9B/LRP5/FZD5/HEY1/CTNNB1/AXIN2/MAP2K1/WNT10B/FOS/PTEN/FZD4/JUN/CSNK1A1L/JAG2/SP1/FGF16/DLL1/NOTCH4",68,68,148
"hsa00280","Metabolism","Amino acid metabolism","hsa00280","Valine, leucine and isoleucine degradation","29/2394","48/8545",0.604166666666667,2.15647626009468,5.01238430021016,2.59531632057407e-06,6.39560093284324e-05,4.21494981386465e-05,"ALDH3A2/ACAT1/MCCC1/AACS/BCKDHB/OXCT1/HADHA/DLD/HIBADH/ALDH2/EHHADH/ACADM/ALDH6A1/ACADS/ECHS1/HMGCS2/DBT/HADHB/AOX1/HADH/ALDH9A1/MMUT/HMGCLL1/AUH/ACAD8/ALDH7A1/ACAA2/PCCA/HIBCH",29,29,48
"hsa04923","Organismal Systems","Endocrine system","hsa04923","Regulation of lipolysis in adipocytes","33/2394","59/8545",0.559322033898305,1.99641051781997,4.79107119668915,5.8264836092081e-06,0.000134009123011786,8.83172252343123e-05,"ABHD5/ADRB1/PTGER3/PTGS2/MGLL/LIPE/GNAI2/AKT3/PIK3CA/GNAI1/ADCY4/TSHB/ADCY3/PRKG2/PIK3R1/PDE3B/AQP7/TSHR/PLIN1/IRS1/ADRB2/NPR1/FABP4/ADCY5/ADCY6/NPPA/PLAAT3/PNPLA2/PRKG1/IRS2/CIDEC/ADRB3/AQP7B",33,33,59
"hsa04921","Organismal Systems","Endocrine system","hsa04921","Oxytocin signaling pathway","69/2394","155/8545",0.445161290322581,1.58893200743795,4.61604311039628,7.01235802298737e-06,0.000151203969870665,9.96492982213994e-05,"PPP1R12A/MYLK/ROCK1/NFATC3/PTGS2/PPP1R12B/MEF2C/MAPK1/NFATC2/MYL9/OXT/EEF2K/PRKAG2/PPP3CB/CAMKK2/GNAI2/PLA2G4A/RGS2/KCNJ5/PPP3CC/ITPR2/KCNJ2/CDKN1A/PPP1R12C/GNAI1/ADCY4/NFATC1/PRKAB2/RAF1/PRKAA1/CAMK1/ROCK2/MAP2K5/ADCY3/PPP3CA/CAMK2D/MYLK4/EGFR/CAMK2G/ITPR1/CACNA1C/GUCY1A2/CACNA2D1/PRKCA/GNAQ/RCAN1/NPR2/GUCY1A1/NOS3/CACNG2/EEF2/JMJD7-PLA2G4B/MAP2K1/NPR1/FOS/ADCY5/ADCY6/NPPA/JUN/OXTR/CACNB4/PLCB1/KCNJ12/PPP3R2/RYR1/CALM1/RYR3/PPP1CB/PLA2G4B",69,69,155
"hsa05410","Human Diseases","Cardiovascular disease","hsa05410","Hypertrophic cardiomyopathy","48/2394","99/8545",0.484848484848485,1.73058909901015,4.56126259944436,1.11296343782782e-05,0.000225866109441529,0.000148854552675424,"ITGA3/IGF1/ITGA8/EDN1/NOS1/ITGA6/SLC8A3/SNTA1/LAMA1/SGCG/ITGB8/PRKAG2/SGCA/MYL2/SSPN/SGCE/PRKAB2/PRKAA1/ITGB4/DTNA/ITGA7/IL6/TPM1/ITGA10/ITGA9/ITGB1/CACNA1C/CACNA2D1/TTN/ACTC1/ACE/MYL3/SGCB/ITGA2/CACNG2/SNTB2/SGCD/SNTB1/DES/CACNB4/CAV3/SLC8A1/SGCZ/LAMA2/TPM2/DMD/ITGA1/ITGB3",48,48,99
"hsa05412","Human Diseases","Cardiovascular disease","hsa05412","Arrhythmogenic right ventricular cardiomyopathy","43/2394","86/8545",0.5,1.78467000835422,4.56243400855484,1.19643196528821e-05,0.000229316126680241,0.000151128248246932,"ITGA3/DSG2/PKP2/ITGA8/TCF7/NOS1/ITGA6/SLC8A3/SNTA1/LAMA1/SGCG/ITGB8/SGCA/SSPN/SGCE/ITGB4/DTNA/ITGA7/ITGA10/ITGA9/TCF7L2/ITGB1/CACNA1C/TCF7L1/CACNA2D1/SGCB/ITGA2/CACNG2/CTNNB1/SNTB2/SGCD/SNTB1/DES/CACNB4/CAV3/SLC8A1/CTNNA3/SGCZ/LAMA2/DMD/ITGA1/ACTN3/ITGB3",43,43,86
"hsa03320","Organismal Systems","Endocrine system","hsa03320","PPAR signaling pathway","39/2394","76/8545",0.513157894736842,1.83163500857407,4.54300612364061,1.38664799255112e-05,0.000251786082857967,0.000165936823485342,"NR1H3/ME1/ACSL4/SORBS1/SCD/PLTP/SLC27A6/EHHADH/ACADL/SCP2/ACADM/PCK1/SLC27A1/ACSBG2/PPARG/HMGCS2/CD36/RXRG/PLIN2/UBC/ME3/ACSL1/ACOX1/FABP5/AQP7/ILK/PLIN1/PLIN4/ANGPTL4/CYP7A1/FABP4/LPL/CYP8B1/ADIPOQ/RXRA/PPARA/ACSL5/PLIN5/AQP7B",39,39,76
"hsa04360","Organismal Systems","Development and regeneration","hsa04360","Axon guidance","78/2394","184/8545",0.423913043478261,1.51308978969162,4.3892771240186,1.65656081687205e-05,0.000285756740910429,0.000188324808654928,"SEMA3G/FYN/NEO1/ROCK1/NFATC3/NTN4/SEMA3A/SEMA3C/PAK3/SSH1/EFNB1/SEMA6A/DPYSL2/ABL1/ABLIM1/NRP1/MAPK1/NFATC2/MYL9/PAK5/MET/EPHB6/CXCL12/PPP3CB/EFNB3/WNT5B/SEMA5A/GNAI2/EPHA4/PPP3CC/PIK3CA/EFNB2/RRAS/GNAI1/RAF1/ROCK2/TRPC6/SEMA6D/PPP3CA/RGS3/SSH2/EPHA2/SEMA6C/GDF7/BOC/TRPC1/SLIT2/EPHA5/CAMK2D/PIK3R1/PARD3/CAMK2G/ITGB1/SEMA3D/ROBO3/PRKCA/EPHB1/NCK1/RYK/CFL2/ILK/ROBO1/SEMA3E/ABLIM3/PARD6G/PTPN11/RGMA/FES/SLIT3/EFNA5/PTCH1/DCC/PPP3R2/ARHGEF12/PLCG2/LRIG2/BMPR2/PLXNA4",78,78,184
"hsa04931","Human Diseases","Endocrine and metabolic disease","hsa04931","Insulin resistance","51/2394","109/8545",0.467889908256881,1.67005817295532,4.39215139530168,2.09408411933518e-05,0.00034402810531935,0.000226727904649824,"MLXIPL/NR1H3/TNFRSF1A/PYGM/RPS6KA2/ACACB/PYGL/NFKBIA/PYGB/PRKAG2/MAPK8/MLX/MAPK10/PPARGC1A/GYS2/SLC27A6/AKT3/CREB1/PIK3CA/PCK1/SLC27A1/GFPT2/G6PC1/PRKAB2/PRKAA1/CD36/TBC1D4/IL6/SLC27A3/PIK3R1/CREB5/OGT/FOXO1/G6PC2/PPARGC1B/NOS3/IRS1/PRKCE/PTEN/PPP1R3B/MLXIP/RPS6KA3/PTPN11/SLC2A4/CREB3L2/SOCS3/IRS2/PPARA/OGA/PPP1CB/PPP1R3E",51,51,109
"hsa04270","Organismal Systems","Circulatory system","hsa04270","Vascular smooth muscle contraction","60/2394","134/8545",0.447761194029851,1.5982119477799,4.35415108701372,2.20456973199415e-05,0.000345716617062719,0.000227840699574515,"PRKCH/PPP1R12A/CALCRL/MYLK/ROCK1/IRAG1/PPP1R12B/EDN1/MAPK1/AVP/MYL9/ACTA2/PLA2G4A/ADRA1A/CALD1/ITPR2/EDN3/PPP1R12C/PLA2G5/ADCY4/RAMP2/RAF1/MYH10/MYH11/ROCK2/ADCY3/KCNMB1/MYLK4/GNA12/ADM/ITPR1/CACNA1C/GUCY1A2/PRKCA/GNAQ/KCNMA1/BRAF/NPR2/ACTG2/GUCY1A1/AVPR1A/PPP1R14A/JMJD7-PLA2G4B/MAP2K1/NPR1/ADRA1B/ADORA2B/PRKCE/ADCY5/ADCY6/NPPA/PLCB1/PLA2G6/PRKG1/PLA2G2A/ARHGEF12/KCNMB2/CALM1/PPP1CB/PLA2G4B",60,60,134
"hsa04371","Environmental Information Processing","Signal transduction","hsa04371","Apelin signaling pathway","61/2394","140/8545",0.435714285714286,1.55521243585153,4.13213187491871,5.14480608330408e-05,0.000771720912495612,0.000508594102514271,"MYLK/HDAC4/MEF2A/GNB5/PIK3C3/LIPE/MEF2C/NOS1/MAPK1/SLC8A3/JAG1/NRF1/PRKAG2/ACTA2/HDAC5/PPARGC1A/MYL2/GNAI2/AKT3/CCN2/EGR1/ITPR2/RRAS/KLF2/GNG11/GNAI1/ADCY4/PRKAB2/RAF1/PRKAA1/RRAS2/APLNR/RPS6/ADCY3/MAP1LC3B/SMAD4/MYLK4/ITPR1/PDE3B/GNAQ/MRAS/MYL3/NOS3/PLIN1/SMAD3/MAP2K1/PRKCE/GNG12/ADCY5/ADCY6/SMAD2/GNG7/PLCB1/SLC8A1/GNG2/RYR1/PIK3R4/MAP1LC3C/CALM1/RYR3/MAP1LC3B2",61,61,140
"hsa05205","Human Diseases","Cancer: overview","hsa05205","Proteoglycans in cancer","83/2394","204/8545",0.406862745098039,1.45223147738628,4.07837015882322,5.44374159374568e-05,0.000782537854100941,0.000515722887828538,"DCN/IGF1/HGF/FAS/PPP1R12A/WNT8A/EIF4B/ROCK1/PPP1R12B/FGFR1/WNT11/PXN/MAPK1/TIMP3/SOS2/CAV2/CAV1/MET/DDX5/GAB1/CBL/WNT5B/MAPK14/HBEGF/SOS1/AKT3/PIK3CA/TWIST1/ITPR2/CDKN1A/WNT1/PPP1R12C/RRAS/KDR/HOXD10/RAF1/RRAS2/WNT2B/ROCK2/TLR4/MYC/RPS6/RDX/PLCE1/FGF2/HSPG2/CAMK2D/ANK2/PIK3R1/EGFR/MSN/GPC3/CAMK2G/ITGB1/ITPR1/PRKCA/FZD7/FZD1/BRAF/MRAS/WNT9B/FZD5/ITGA2/IGF2/CTNNB1/MAP2K1/SDC2/WNT10B/HSPB2/HPSE2/FZD4/SMAD2/PTPN11/CAV3/MAPK11/PTCH1/ARHGEF12/FLNA/PLCG2/MIR10B/PPP1CB/TWIST2/ITGB3",83,83,204
"hsa04810","Cellular Processes","Cell motility","hsa04810","Regulation of actin cytoskeleton","92/2394","232/8545",0.396551724137931,1.41542793766024,4.00203268446145,6.96186171212047e-05,0.000932978079935661,0.000614868849019383,"ITGA3/INSRR/VCL/C6/PPP1R12A/MYLK/ROCK1/ACTN1/PPP1R12B/PAK3/FGFR1/ITGA8/FGF20/SSH1/PXN/ITGA6/MAPK1/SOS2/MYL9/PAK5/ARHGEF7/FGF9/RGCC/ITGB8/MYL7/C5/PIP5K1B/CXCL12/FGF8/MYL2/C7/FGF1/PDGFRB/PIKFYVE/SOS1/AKT3/PIK3CA/PPP1R12C/RRAS/ARHGEF6/RAF1/ITGB4/MYH10/MYH11/RRAS2/ROCK2/PDGFRA/APC/ITGA7/ARHGEF4/RDX/ABI2/FGF2/EGF/FGF7/SSH2/ITGA10/ITGA9/PDGFC/PIK3R1/IQGAP2/MYLK4/GNA12/EGFR/MSN/LPAR4/DIAPH2/GSN/ITGB1/DOCK1/BRAF/MRAS/WASF2/FGF17/ITGA2/CFL2/CRK/BDKRB2/CHRM1/MAP2K1/PDGFD/GNG12/CHRM2/FGF16/ARHGEF12/PDGFA/CYRIA/LPAR1/PPP1CB/ITGA1/ITGB3/CYFIP1",92,92,232
"hsa00620","Metabolism","Carbohydrate metabolism","hsa00620","Pyruvate metabolism","26/2394","47/8545",0.553191489361702,1.97452851988126,4.17931348612158,7.30561665969869e-05,0.000932978079935661,0.000614868849019383,"MDH1/ME1/ALDH3A2/ACAT1/ACACB/DLD/ALDH2/LDHB/PCK1/ACSS2/PDHA1/ALDH9A1/DLAT/ME3/ALDH7A1/LDHAL6A/LDHD/ACYP2/LDHAL6B/ADH6/PC/ADH1A/ADH1B/ADH5/ADH4/ADH1C",26,26,47
"hsa05414","Human Diseases","Cardiovascular disease","hsa05414","Dilated cardiomyopathy","48/2394","105/8545",0.457142857142857,1.63169829335243,4.06305741294257,7.55865315866693e-05,0.000932978079935661,0.000614868849019383,"ITGA3/IGF1/ADRB1/ITGA8/NOS1/ITGA6/SLC8A3/SNTA1/LAMA1/SGCG/ITGB8/SGCA/MYL2/SSPN/SGCE/ADCY4/ITGB4/DTNA/ITGA7/ADCY3/TPM1/ITGA10/ITGA9/ITGB1/CACNA1C/CACNA2D1/TTN/ACTC1/MYL3/SGCB/ITGA2/CACNG2/SNTB2/SGCD/SNTB1/ADCY5/ADCY6/DES/CACNB4/CAV3/SLC8A1/SGCZ/LAMA2/TPM2/PLN/DMD/ITGA1/ITGB3",48,48,105
"hsa04068","Environmental Information Processing","Signal transduction","hsa04068","FoxO signaling pathway","58/2394","133/8545",0.43609022556391,1.55655429300067,4.03555764144879,7.57199601107203e-05,0.000932978079935661,0.000614868849019383,"IGF1/GABARAPL2/SIRT1/GADD45B/MAPK1/EP300/SOS2/SGK2/RBL2/HOMER2/PRKAG2/MAPK8/MAPK10/MAPK14/BCL6/SOS1/GADD45A/AKT3/SGK1/FOXO3/CCND2/CAT/PIK3CA/PCK1/CDKN1A/KLF2/G6PC1/PRKAB2/RAF1/PRKAA1/IL6/IL10/EGF/GABARAPL1/SMAD4/SETD7/PIK3R1/EGFR/FBXO25/CDKN2B/ATM/FOXO1/G6PC2/FBXO32/BRAF/TGFBR2/DEPP1/RAG1/SMAD3/MAP2K1/IRS1/S1PR1/PTEN/PLK3/SLC2A4/FOXO4/MAPK11/IRS2",58,58,133
"hsa04512","Environmental Information Processing","Signaling molecules and interaction","hsa04512","ECM-receptor interaction","42/2394","89/8545",0.471910112359551,1.68440764833432,4.04899462013502,8.57504840898933e-05,0.00102013506934528,0.000672308695586823,"ITGA3/LAMC3/LAMA3/LAMC2/ITGA8/COL4A4/LAMB4/LAMB1/ITGA6/LAMA1/ITGB8/VWF/LAMA4/TNN/SV2C/ITGB4/COL4A2/CD36/ITGA7/LAMC1/FRAS1/HSPG2/ITGA10/ITGA9/ITGB1/SV2A/ITGA2/FREM1/TNXB/COL4A3/GP9/LAMB2/SV2B/COL4A1/RELN/LAMA2/CD47/LAMB3/COL4A6/COL6A6/ITGA1/ITGB3",42,42,89
"hsa04520","Cellular Processes","Cellular community - eukaryotes","hsa04520","Adherens junction","43/2394","93/8545",0.462365591397849,1.65034000772541,3.93388836351217,0.000127800091924984,0.00146970105713732,0.000968590170378829,"FYN/SNAI2/VCL/ROCK1/CSNK2A2/ACTN1/FGFR1/TCF7/SORBS1/MAPK1/EP300/MYL9/TJP1/RASIP1/MET/MYL7/SMURF2/NECTIN1/MYL2/RAP1A/RAP1B/PTPRB/AFDN/WASF3/ROCK2/ARHGAP29/SMAD4/EGFR/PARD3/TCF7L2/FER/TCF7L1/RADIL/WASF2/TGFBR2/SMAD3/CTNNB1/PTPRM/HEG1/NECTIN3/CDH5/CTNNA3/CTNND1",43,43,93
"hsa05218","Human Diseases","Cancer: specific types","hsa05218","Melanoma","35/2394","73/8545",0.47945205479452,1.71132740527117,3.80765706506941,0.000221464205968123,0.00239082659524567,0.00157564773325115,"IGF1/HGF/FGFR1/FGF20/GADD45B/MAPK1/FGF9/CDK6/MET/FGF8/FGF1/PDGFRB/GADD45A/AKT3/PIK3CA/POLK/CDKN1A/RAF1/DDB2/PDGFRA/FGF2/EGF/RB1/FGF7/PDGFC/PIK3R1/EGFR/BRAF/FGF17/MAP2K1/PDGFD/PTEN/MITF/FGF16/PDGFA",35,35,73
"hsa04072","Environmental Information Processing","Signal transduction","hsa04072","Phospholipase D signaling pathway","62/2394","149/8545",0.416107382550336,1.48522873178472,3.72754810969598,0.000221757829124236,0.00239082659524567,0.00157564773325115,"CYTH3/FYN/AGPAT4/GAB2/DGKG/PLPP1/PLD1/RAPGEF3/RAPGEF4/MAPK1/SOS2/AVP/DNM1/PIP5K1B/GAB1/PDGFRB/SOS1/PLA2G4A/AKT3/PIK3CA/PTGFR/RRAS/AVPR2/PLD2/ADCY4/RAF1/RRAS2/PDGFRA/DGKB/ADCY3/EGF/LPAR6/PDGFC/PIK3R1/GNA12/EGFR/LPAR4/SHC3/PRKCA/KIT/DGKI/MRAS/RALGDS/PLPP3/TSC1/AVPR1A/JMJD7-PLA2G4B/MAP2K1/AGPAT2/PDGFD/ADCY5/ADCY6/PTPN11/FCER1A/CXCR2/PLCB1/GRM7/PDGFA/PLCG2/DNM3/LPAR1/PLA2G4B",62,62,149
"hsa04928","Organismal Systems","Endocrine system","hsa04928","Parathyroid hormone synthesis, secretion and action","50/2394","115/8545",0.434782608695652,1.55188696378628,3.71710730018535,0.000252371231826528,0.00263842651455006,0.00173882571210622,"MEF2A/LRP6/PLD1/FGFR1/MEF2C/PTHLH/MAPK1/HBEGF/GNAI2/ATF2/CREB1/SGK1/TNFSF11/EGR1/ITPR2/CDKN1A/MMP24/GNAI1/PLD2/ADCY4/JUND/RAF1/KL/ARRB1/ADCY3/RXRG/GNA12/CREB5/EGFR/ITPR1/NR4A2/PRKCA/GNAQ/BRAF/SLC34A2/PTH1R/LRP5/WNK2/MAP2K1/FOS/AKAP13/OXSR1/ADCY5/ADCY6/CREB3L2/PLCB1/PDE4B/SP1/RXRA/NACA",50,50,115
"hsa04148","Cellular Processes","Transport and catabolism","hsa04148","Efferocytosis","64/2394","157/8545",0.407643312101911,1.45501758642892,3.58978655906045,0.000351411938239988,0.00356579760861165,0.00234999933931385,"CX3CL1/STAB1/NR1H3/ATP11B/ATP11A/NFATC3/PTGS2/SCARF1/TYRO3/SIRT1/JAK2/MAPK1/NFATC2/ATP11C/LIPA/MAPK14/CREB1/SGK1/ARG1/LRP1/ATP8A1/NFATC1/PPARG/ANO3/CD36/STAB2/IL10/CASP1/CH25H/MFGE8/ARNT/GULP1/CAMK2D/CAMK2G/DOCK1/ANO4/MERTK/ELMO1/DUSP2/VPS11/DUSP7/ABCA1/VPS39/CRK/AXL/CX3CR1/MAP2K1/P2RY12/S1PR1/XKR6/PTGER4/ANO6/PTPN11/GAS6/PLA2G6/PROS1/MAPK11/RXRA/CD47/SIRPA/XKR4/ITGB3/PECAM1/RAB7B",64,64,157
"hsa01521","Human Diseases","Drug resistance: antineoplastic","hsa01521","EGFR tyrosine kinase inhibitor resistance","37/2394","80/8545",0.4625,1.65081975772765,3.64848084515329,0.000366565857726811,0.00361329202616428,0.00238130000808996,"IGF1/HGF/JAK2/MAPK1/SOS2/MET/GAB1/PDGFRB/SOS1/AKT3/FOXO3/PIK3CA/KDR/RAF1/PDGFRA/IL6/RPS6/FGF2/EGF/PDGFC/PIK3R1/EGFR/SHC3/PRKCA/NRG1/BRAF/NRG2/IL6R/JAK1/TGFA/AXL/MAP2K1/PDGFD/PTEN/GAS6/PDGFA/PLCG2",37,37,80
"hsa00410","Metabolism","Metabolism of other amino acids","hsa00410","beta-Alanine metabolism","18/2394","31/8545",0.580645161290323,2.07252000970167,3.7319795629846,0.000426286785946392,0.00408524836531959,0.0026923375954509,"ALDH3A2/HADHA/MLYCD/ALDH3A1/ALDH2/EHHADH/ALDH6A1/ACADS/ECHS1/AOC3/AOC2/ALDH9A1/GADL1/DPYS/ACOX1/ALDH7A1/DPYD/HIBCH",18,18,31
"hsa05226","Human Diseases","Cancer: specific types","hsa05226","Gastric cancer","61/2394","150/8545",0.406666666666667,1.45153160679476,3.48051303491575,0.000515253461222308,0.00480439038166747,0.00316628016000053,"HGF/WNT8A/LRP6/RARB/FGF20/CDH17/TCF7/ABCB1/WNT11/GADD45B/MAPK1/SOS2/FGF9/MET/FGF8/GAB1/WNT5B/FGF1/SOS1/GADD45A/AKT3/PIK3CA/POLK/CDKN1A/WNT1/RAF1/WNT2B/DDB2/APC/MYC/FGF2/EGF/RB1/FGF7/SMAD4/RXRG/PIK3R1/EGFR/CDKN2B/SHC3/TCF7L2/TCF7L1/FZD7/FZD1/BRAF/FGF17/WNT9B/LRP5/FZD5/TGFBR2/SMAD3/CTNNB1/AXIN2/MAP2K1/WNT10B/FZD4/SMAD2/CSNK1A1L/CTNNA3/RXRA/FGF16",61,61,150
"hsa04310","Environmental Information Processing","Signal transduction","hsa04310","Wnt signaling pathway","69/2394","174/8545",0.396551724137931,1.41542793766024,3.45383417276126,0.000538785643045563,0.00489160649607155,0.00322375897223938,"WNT8A/TLE2/LRP6/CSNK2A2/NFATC3/FBXW11/TCF7/WNT11/SIRT1/EP300/DAAM1/NFATC2/SFRP1/DKK4/SFRP4/TLE4/MAPK8/PPP3CB/MAPK10/WNT5B/CCND3/CCND2/INVS/PPP3CC/WNT1/NFATC1/SERPINF1/LGR6/WNT2B/ROCK2/APC/MYC/PPP3CA/SMAD4/CAMK2D/DAAM2/RSPO3/CER1/CAMK2G/TCF7L2/TCF7L1/PRKCA/APCDD1/DKK2/FZD7/WIF1/FZD1/WNT9B/LRP5/FZD5/PRICKLE2/RYK/SOX17/SMAD3/CTNNB1/AXIN2/RSPO1/WNT10B/MCC/FZD4/JUN/CSNK1A1L/PLCB1/ZNRF3/ROR1/PPP3R2/TLE1/APCDD1L/LGR4",69,69,174
"hsa05222","Human Diseases","Cancer: specific types","hsa05222","Small cell lung cancer","41/2394","93/8545",0.440860215053763,1.57358000736609,3.46956928639917,0.000624959499265914,0.0054679450457892,0.00360358849699609,"ITGA3/LAMC3/LAMA3/LAMC2/PTGS2/RARB/COL4A4/LAMB4/LAMB1/ITGA6/GADD45B/NFKBIA/LAMA1/CDK6/BIRC2/LAMA4/GADD45A/AKT3/PIK3CA/POLK/CDKN1A/DDB2/COL4A2/LAMC1/MYC/RB1/RXRG/PIK3R1/CDKN2B/ITGB1/ITGA2/COL4A3/PTEN/LAMB2/TRAF6/RXRA/COL4A1/FHIT/LAMA2/LAMB3/COL4A6",41,41,93
"hsa04390","Environmental Information Processing","Signal transduction","hsa04390","Hippo signaling pathway","63/2394","157/8545",0.401273885350318,1.43228293664097,3.41042527134793,0.000640623362400235,0.0054679450457892,0.00360358849699609,"WWTR1/SNAI2/WNT8A/PALS1/FBXW11/GLI2/DLG1/AFP/TCF7/WNT11/PPP2CB/BMPR1A/BIRC2/WNT5B/BMP5/CCND3/FGF1/CCN2/CCND2/WNT1/BMP2/ID1/AMOT/AJUBA/LATS1/WNT2B/CRB1/APC/MYC/YAP1/PPP2R1B/FRMD6/SMAD4/WTIP/GDF7/CRB2/PARD3/TCF7L2/LATS2/DLG2/SAV1/TCF7L1/BMP6/FRMD1/FZD7/PPP2R2B/FZD1/WNT9B/FZD5/TGFBR2/SMAD3/CTNNB1/AXIN2/RASSF6/WNT10B/YWHAG/FZD4/SMAD2/PARD6G/CTNNA3/TEAD1/BMPR2/PPP1CB",63,63,157
"hsa00650","Metabolism","Carbohydrate metabolism","hsa00650","Butanoate metabolism","16/2394","27/8545",0.592592592592593,2.11516445434574,3.62052717445798,0.000652828997676449,0.0054679450457892,0.00360358849699609,"ACSM3/ACSM2B/ACAT1/AACS/OXCT1/HADHA/ALDH5A1/EHHADH/ACADS/ECHS1/HMGCS2/HADH/HMGCLL1/ACSM1/ACSM5/ACSM2A",16,16,27
"hsa04668","Environmental Information Processing","Signal transduction","hsa04668","TNF signaling pathway","50/2394","119/8545",0.420168067226891,1.49972269609598,3.42461423112108,0.000665662875139555,0.0054679450457892,0.00360358849699609,"CASP10/CFLAR/MAP3K14/CX3CL1/SELE/FAS/TNFRSF1B/MAP2K3/TAB2/TNFRSF1A/PTGS2/EDN1/CXCL2/MAPK1/RPS6KA5/NFKBIA/JAG1/MAPK8/MAP3K8/CCL2/MAP2K6/MAPK10/BIRC2/MAPK14/IL18R1/ATF2/AKT3/CREB1/PIK3CA/CXCL6/IL1B/LIF/IL6/DAB2IP/RIPK1/PIK3R1/CREB5/VEGFC/CXCL3/IL15/VEGFD/MAP2K1/FOS/JUNB/JUN/CREB3L2/CSF1/SOCS3/MAPK11/MAP3K5",50,50,119
"hsa04350","Environmental Information Processing","Signal transduction","hsa04350","TGF-beta signaling pathway","46/2394","108/8545",0.425925925925926,1.520274451561,3.39445599262393,0.000756991282950607,0.00604125133649592,0.00398141964510486,"HFE/DCN/NEO1/ROCK1/TF/MAPK1/EP300/PPP2CB/BMPR1A/SMURF2/BMP5/SMAD5/ACVR1/ID3/SMAD9/ACVR2A/FMOD/ACVR1C/BMP2/ID1/MYC/LRRC32/PPP2R1B/SMAD6/NCOR1/SMAD4/EMP3/LEFTY2/GDF7/CDKN2B/BMP6/NODAL/ZFYVE9/SKI/INHBB/TGFBR2/FBN1/SMAD3/ID4/NRROS/RGMB/SMAD2/GREM2/RGMA/SP1/BMPR2",46,46,108
"hsa04934","Human Diseases","Endocrine and metabolic disease","hsa04934","Cushing syndrome","62/2394","155/8545",0.4,1.42773600668338,3.35259048885577,0.000776130172787887,0.00604125133649592,0.00398141964510486,"CACNA1G/WNT8A/SCARB1/PDE8A/TCF7/WNT11/MAPK1/CDK6/CRHR2/AHR/RASD1/WNT5B/PDE8B/GNAI2/ATF2/RAP1A/KMT2A/CREB1/CDKN2C/ITPR2/NR4A1/CDKN1A/WNT1/RAP1B/GNAI1/PDE11A/ADCY4/LDLR/WNT2B/APC/ADCY3/USP8/RB1/CYP11A1/ARNT/CAMK2D/CREB5/EGFR/CDKN2B/CAMK2G/TCF7L2/ITPR1/CACNA1C/TCF7L1/FZD7/GNAQ/FZD1/BRAF/WNT9B/FZD5/CTNNB1/AXIN2/MAP2K1/WNT10B/MRAP/ADCY5/ADCY6/FZD4/CREB3L2/KCNA4/PLCB1/SP1",62,62,155
"hsa05144","Human Diseases","Infectious disease: parasitic","hsa05144","Malaria","25/2394","50/8545",0.5,1.78467000835422,3.47144423566304,0.000787989304760338,0.00604125133649592,0.00398141964510486,"SELE/HGF/CD40/MET/CSF3/CCL2/CD81/KLRB1/LRP1/IL1B/CD36/IL6/IL10/GYPC/TLR4/SDC2/SELP/HBA2/CR1/HBA1/ACKR1/KLRK1/TLR9/HBB/PECAM1",25,25,50
"hsa00020","Metabolism","Carbohydrate metabolism","hsa00020","Citrate cycle (TCA cycle)","17/2394","30/8545",0.566666666666667,2.02262600946811,3.50029755754424,0.000902817564242743,0.00677113173182057,0.00446243921914033,"MDH1/CS/DLD/ACO2/OGDH/DLST/ACO1/PCK1/PDHA1/SUCLA2/IDH1/DLAT/SUCLG1/IDH3A/SUCLG2/PC/SDHD",17,17,30
"hsa04936","Human Diseases","Endocrine and metabolic disease","hsa04936","Alcoholic liver disease","58/2394","144/8545",0.402777777777778,1.43765084006312,3.30417734756167,0.000925569802701763,0.00678119650650624,0.00446907229719404,"MAP3K14/FAS/MAP2K3/TAB2/TNFRSF1A/ALDH3A2/ACADVL/ACACB/CXCL2/TCF7/SIRT1/SCD/NFKBIA/MLYCD/PRKAG2/C5/MAPK8/MAP2K6/MAPK10/PPARGC1A/CAMKK2/ALDH2/MAPK14/AKT3/ACADM/FOXO3/IFNA8/IL1B/C3/PRKAB2/PRKAA1/LPIN3/LPIN1/IL6/TLR4/RIPK1/ALDH9A1/TCF7L2/FOXO1/TCF7L1/LY96/ACOX1/CXCL3/ALDH7A1/CTNNB1/CD14/ADH6/TRAF6/IL17RA/ADIPOQ/MAPK11/PPARA/ADH1A/ADH1B/MAP3K5/ADH5/ADH4/ADH1C",58,58,144
"hsa04630","Environmental Information Processing","Signal transduction","hsa04630","JAK-STAT signaling pathway","66/2394","168/8545",0.392857142857143,1.40224072084974,3.28485532603619,0.00094347081829652,0.00678119650650624,0.00446907229719404,"IL20RA/FHL1/IFNGR1/PIAS1/IL4R/JAK2/EP300/SOS2/IL7/CSF3/IL2/CCND3/GHR/IL4/IL5/LIFR/PDGFRB/SOS1/LEPR/AKT3/MPL/CCND2/IFNA8/SOCS2/PIK3CA/CNTFR/CDKN1A/STAT5A/LIF/GFAP/RAF1/IL15RA/PDGFRA/IL6/IL10/MYC/IL11RA/PIM1/AOX1/STAT4/EGF/IFNAR1/IL22RA1/MCL1/PIK3R1/TSLP/EGFR/CTF1/IL6R/JAK1/IL23R/IL15/IL22RA2/STAT6/IL13/SOCS5/STAT5B/LEP/PTPN11/SOCS3/IFNE/IL3RA/IFNLR1/PDGFA/CSF2RA/CNTF",66,66,168
"hsa04933","Human Diseases","Endocrine and metabolic disease","hsa04933","AGE-RAGE signaling pathway in diabetic complications","43/2394","101/8545",0.425742574257426,1.51962000711349,3.27711942649333,0.00112011790504263,0.00772019979565643,0.00508791199347609,"SELE/EDN1/COL4A4/JAK2/MAPK1/MAPK8/CCL2/MAPK10/MAPK14/AKT3/F3/EGR1/PIK3CA/IL1B/STAT5A/NFATC1/COL4A2/IL6/PIM1/PLCE1/SMAD4/PIK3R1/VEGFC/FOXO1/PRKCA/PLCD3/TGFBR2/NOS3/VEGFD/SMAD3/COL4A3/PRKCE/VEGFB/STAT5B/SMAD2/JUN/THBD/PLCB1/MAPK11/PLCD1/COL4A1/COL4A6/PLCG2",43,43,101
"hsa04261","Organismal Systems","Circulatory system","hsa04261","Adrenergic signaling in cardiomyocytes","61/2394","154/8545",0.396103896103896,1.41382948713776,3.23291854161134,0.00113799673787349,0.00772019979565643,0.00508791199347609,"ATP1A2/ADRB1/ATP2B4/PPP2R5A/PPP2R5B/ATP2B1/PPP2R3A/PPP2R5C/RAPGEF3/RAPGEF4/PPP2R3C/MAPK1/SLC8A3/RPS6KA5/PPP2CB/MYL2/MAPK14/POPDC1/GNAI2/ATF2/AKT3/CREB1/ADRA1A/POPDC2/GNAI1/ATP1B2/ADCY4/PPP1R1A/SCN7A/PPP2R1B/FXYD2/ADCY3/TPM1/CAMK2D/CREB5/CAMK2G/CACNA1C/CACNA2D1/PRKCA/GNAQ/PPP2R2B/ACTC1/MYL3/CACNG2/ADRB2/ADRA1B/ADCY5/ADCY6/SCN4B/KCNE1/CREB3L2/CACNB4/PLCB1/SLC8A1/SCN5A/MAPK11/TPM2/PLN/CALM1/PPP1CB/LOC102723475",61,61,154
"hsa04920","Organismal Systems","Endocrine system","hsa04920","Adipocytokine signaling pathway","32/2394","70/8545",0.457142857142857,1.63169829335243,3.31061516045032,0.00114124692631443,0.00772019979565643,0.00508791199347609,"TNFRSF1B/TNFRSF1A/ACSL4/ACACB/JAK2/NFKBIA/PRKAG2/MAPK8/MAPK10/PPARGC1A/CAMKK2/LEPR/AKT3/PCK1/ACSBG2/G6PC1/PRKAB2/PRKAA1/CD36/RXRG/ACSL1/G6PC2/IRS1/LEP/PTPN11/ADIPOQ/SLC2A4/SOCS3/IRS2/RXRA/PPARA/ACSL5",32,32,70
"hsa04922","Organismal Systems","Endocrine system","hsa04922","Glucagon signaling pathway","45/2394","107/8545",0.420560747663551,1.50112430609233,3.25414893386819,0.00118166224752967,0.00783987452687953,0.00516678229689086,"PHKA2/PYGM/ACACB/SIRT1/EP300/PYGL/PYGB/PHKB/PRKAG2/GCK/PPP3CB/PPARGC1A/GYS2/LDHB/ATF2/AKT3/CREB1/PPP3CC/ITPR2/PCK1/G6PC1/PRKAB2/PDHA1/PRKAA1/PPP3CA/SIK1/CAMK2D/CREB5/CAMK2G/FOXO1/ITPR1/G6PC2/PDE3B/GNAQ/PFKFB1/PHKG1/LDHAL6A/SIK2/LDHAL6B/CREB3L2/PLCB1/PPARA/PPP3R2/CALM1/LOC102724428",45,45,107
"hsa04152","Environmental Information Processing","Signal transduction","hsa04152","AMPK signaling pathway","50/2394","122/8545",0.40983606557377,1.4628442691428,3.21219006917399,0.00129440570100212,0.00842584843105151,0.0055529618950637,"CFTR/IGF1/PPP2R5A/PPP2R5B/PPP2R3A/ACACB/PPP2R5C/LIPE/STRADB/PPP2R3C/SIRT1/SCD/CAB39L/MLYCD/EEF2K/PPP2CB/PRKAG2/PPARGC1A/CAMKK2/GYS2/LEPR/AKT3/CREB1/FOXO3/ADRA1A/PIK3CA/PCK1/G6PC1/PRKAB2/PPARG/PRKAA1/CD36/CAB39/PPP2R1B/PIK3R1/CREB5/FOXO1/G6PC2/PPP2R2B/PFKFB1/TSC1/EEF2/IRS1/PFKFB3/LEP/CIDEA/ADIPOQ/SLC2A4/CREB3L2/IRS2",50,50,122
"hsa05225","Human Diseases","Cancer: specific types","hsa05225","Hepatocellular carcinoma","66/2394","170/8545",0.388235294117647,1.38574377119269,3.16920844272992,0.00135306244517443,0.00864456562194776,0.0056971050323134,"MGST1/HGF/ARID1B/WNT8A/LRP6/SMARCA2/TCF7/SMARCD3/WNT11/GADD45B/GSTT2/MAPK1/SOS2/CDK6/MET/GAB1/WNT5B/SOS1/NFE2L2/GADD45A/AKT3/PIK3CA/POLK/CDKN1A/WNT1/PHF10/RAF1/GSTM5/WNT2B/DDB2/APC/MYC/SMARCC2/RB1/SMAD4/MGST3/PIK3R1/EGFR/SHC3/TCF7L2/TCF7L1/PRKCA/FZD7/FZD1/BRAF/WNT9B/LRP5/TGFA/FZD5/TGFBR2/PBRM1/SMAD3/IGF2/CTNNB1/AXIN2/MAP2K1/WNT10B/PTEN/FZD4/SMAD2/CSNK1A1L/TXNRD3/PLCG2/DPF3/GSTM2/GSTA1",66,66,170
"hsa04625","Organismal Systems","Immune system","hsa04625","C-type lectin receptor signaling pathway","44/2394","105/8545",0.419047619047619,1.49572343557306,3.18847272641082,0.00145401933334858,0.00912066672736836,0.00601087418188121,"MAP3K14/NFATC3/PTGS2/CD209/MAPK1/NFKBIA/NFATC2/CLEC4M/MAPK8/PPP3CB/MAPK10/IL2/MAPK14/CBLB/AKT3/PPP3CC/PIK3CA/EGR2/ITPR2/IL1B/RRAS/NFATC1/RAF1/RRAS2/IL6/IL10/CASP1/PPP3CA/KSR1/PIK3R1/ITPR1/MRAS/NLRP3/MALT1/IL17D/PLK3/JUN/PTPN11/EGR3/MAPK11/PPP3R2/ARHGEF12/PLCG2/CALM1",44,44,105
"hsa04722","Organismal Systems","Nervous system","hsa04722","Neurotrophin signaling pathway","49/2394","120/8545",0.408333333333333,1.45748050682261,3.1484593552574,0.00158047324627645,0.00973684410652458,0.00641695904503222,"NGFR/RPS6KA2/IRAK3/ABL1/MAPK1/SOS2/RPS6KA5/NFKBIA/RAPGEF1/MAPK8/MAPK10/GAB1/SH2B3/MAPK14/SOS1/RAP1A/AKT3/FOXO3/PIK3CA/RAP1B/RAF1/IRAK2/SORT1/NGF/KIDINS220/MAP2K5/NTRK3/CAMK2D/PIK3R1/NTRK2/SHC3/CAMK2G/BRAF/CRK/MAP2K1/IRS1/TRAF6/RPS6KA3/JUN/PTPN11/MAPK11/NTF3/MAP3K5/PLCG2/CALM1/MAP3K3/NTF4/ARHGDIG/PSEN2",49,49,120
"hsa04910","Organismal Systems","Endocrine system","hsa04910","Insulin signaling pathway","55/2394","138/8545",0.398550724637681,1.42256305013742,3.12198180425092,0.00164944782829755,0.00979920763362296,0.00645805903543115,"PRKAR2B/PHKA2/INPP5A/PYGM/ACACB/MKNK1/LIPE/SORBS1/MAPK1/SOS2/PYGL/PYGB/PHKB/PRKAG2/GCK/RAPGEF1/MAPK8/PRKAR1A/MAPK10/PPARGC1A/CBL/GYS2/PRKAR2A/CBLB/SOS1/AKT3/RHOQ/SOCS2/PIK3CA/PCK1/TRIP10/G6PC1/PRKAB2/RAF1/PRKAA1/RPS6/PIK3R1/SHC3/FOXO1/G6PC2/PDE3B/BRAF/PHKG1/TSC1/CRK/MAP2K1/IRS1/PPP1R3B/SLC2A4/EXOC7/SOCS3/IRS2/CALM1/PPP1CB/PPP1R3E",55,55,138
"hsa00310","Metabolism","Amino acid metabolism","hsa00310","Lysine degradation","29/2394","63/8545",0.46031746031746,1.64302953150071,3.19574331146826,0.00167580652285146,0.00979920763362296,0.00645805903543115,"KMT2E/AASS/KMT2C/ALDH3A2/ACAT1/HADHA/MECOM/DLD/EZH1/ALDH2/EHHADH/SMYD1/PRDM2/KMT2A/DLST/ECHS1/BBOX1/SETDB2/HADH/PRDM16/ALDH9A1/SETD7/ALDH7A1/SETMAR/PHYKPL/SETD2/TMLHE/HYKK/COLGALT2",29,29,63
"hsa05217","Human Diseases","Cancer: specific types","hsa05217","Basal cell carcinoma","29/2394","63/8545",0.46031746031746,1.64302953150071,3.19574331146826,0.00167580652285146,0.00979920763362296,0.00645805903543115,"WNT8A/GLI2/TCF7/WNT11/GADD45B/GLI1/WNT5B/GADD45A/PTCH2/POLK/CDKN1A/WNT1/BMP2/WNT2B/DDB2/APC/TCF7L2/TCF7L1/FZD7/FZD1/WNT9B/FZD5/HHIP/KIF7/CTNNB1/AXIN2/WNT10B/FZD4/PTCH1",29,29,63
"hsa04713","Organismal Systems","Environmental adaptation","hsa04713","Circadian entrainment","41/2394","97/8545",0.422680412371134,1.50869011015511,3.14327253746814,0.00170640076514233,0.00981180439956841,0.00646636079422358,"CACNA1G/PER3/GNB5/ADCYAP1R1/NOS1/MAPK1/RPS6KA5/RASD1/GNAI2/CREB1/KCNJ5/GRIA3/GNG11/GNAI1/ADCY4/PER2/ADCY3/PRKG2/CAMK2D/CAMK2G/ITPR1/CACNA1C/GUCY1A2/GRIA4/PRKCA/GNAQ/GUCY1A1/FOS/GNG12/ADCY5/ADCY6/GNG7/PER1/PLCB1/GRIN2A/PRKG1/GNG2/RYR1/CALM1/RYR3/GRIN2B",41,41,97
"hsa04012","Environmental Information Processing","Signal transduction","hsa04012","ErbB signaling pathway","37/2394","86/8545",0.430232558139535,1.53564628625828,3.11449501951356,0.00192744766635203,0.0109011384408434,0.00718427430426295,"PAK3/ABL1/MAPK1/SOS2/PAK5/MAPK8/MAPK10/GAB1/CBL/HBEGF/CBLB/SOS1/AKT3/PIK3CA/CDKN1A/STAT5A/RAF1/MYC/EGF/CAMK2D/PIK3R1/EGFR/SHC3/CAMK2G/PRKCA/NRG1/BRAF/NCK1/NRG2/TGFA/CRK/MAP2K1/STAT5B/BTC/JUN/NRG3/PLCG2",37,37,86
"hsa04926","Organismal Systems","Endocrine system","hsa04926","Relaxin signaling pathway","52/2394","130/8545",0.4,1.42773600668338,3.0657748412341,0.00198379356345925,0.0110388512805394,0.00727503242287263,"GNB5/EDN1/COL4A4/NOS1/MAPK1/SOS2/NFKBIA/MAPK8/ACTA2/MAPK10/MAPK14/GNAI2/SOS1/ATF2/AKT3/CREB1/PIK3CA/GNG11/GNAI1/ADCY4/RAF1/RXFP2/COL4A2/EDNRB/ARRB1/ADCY3/PIK3R1/CREB5/EGFR/SHC3/VEGFC/PRKCA/TGFBR2/NOS3/VEGFD/COL4A3/MAP2K1/FOS/GNG12/ADCY5/VEGFB/ADCY6/SMAD2/GNG7/JUN/CREB3L2/PLCB1/MAPK11/GNG2/COL4A1/COL4A6/INSL3",52,52,130
"hsa04540","Cellular Processes","Cellular community - eukaryotes","hsa04540","Gap junction","39/2394","92/8545",0.423913043478261,1.51308978969162,3.08675159325929,0.00205040616231394,0.0112284146983859,0.00739996208955407,"ADRB1/MAPK1/SOS2/TUBB1/HTR2A/TJP1/PDGFRB/GNAI2/SOS1/ITPR2/GNAI1/ADCY4/RAF1/PDGFRA/TUBB2A/TUBB2B/MAP2K5/ADCY3/PRKG2/EGF/PDGFC/EGFR/DRD2/ITPR1/GUCY1A2/PRKCA/GNAQ/GUCY1A1/TUBA1A/MAP2K1/PDGFD/ADCY5/ADCY6/TUBB6/PLCB1/DRD1/PRKG1/PDGFA/LPAR1",39,39,92
"hsa04935","Organismal Systems","Endocrine system","hsa04935","Growth hormone synthesis, secretion and action","49/2394","122/8545",0.401639344262295,1.43358738375995,3.00914407088212,0.0023838685365753,0.0128505413299762,0.00846900664309645,"IGF1/MAP2K3/POU1F1/JAK2/MAPK1/EP300/SOS2/MAPK8/MAP2K6/MAPK10/MAPK14/GHR/GNAI2/SOS1/ATF2/AKT3/CREB1/SOCS2/PIK3CA/ITPR2/STAT5A/GNAI1/ADCY4/RAF1/MRAP2/ADCY3/SSTR1/PIK3R1/CREB5/IGFBP3/SHC3/ITPR1/CACNA1C/PRKCA/GNAQ/CRK/MAP2K1/IRS1/FOS/JUNB/ADCY5/STAT5B/ADCY6/CREB3L2/PLCB1/SOCS3/MAPK11/IRS2/PLCG2",49,49,122
"hsa05213","Human Diseases","Cancer: specific types","hsa05213","Endometrial cancer","27/2394","59/8545",0.457627118644068,1.63342678730725,3.04572541297424,0.00265134500251317,0.0140725234748776,0.00927434041364929,"TCF7/GADD45B/MAPK1/SOS2/SOS1/GADD45A/AKT3/FOXO3/PIK3CA/POLK/CDKN1A/RAF1/DDB2/APC/MYC/EGF/PIK3R1/EGFR/TCF7L2/TCF7L1/BRAF/ILK/CTNNB1/AXIN2/MAP2K1/PTEN/CTNNA3",27,27,59
"hsa05231","Human Diseases","Cancer: overview","hsa05231","Choline metabolism in cancer","41/2394","99/8545",0.414141414141414,1.47821152207117,2.98560207536889,0.00269718554249095,0.0140989244266573,0.00929173966791142,"DGKG/PLPP1/PLD1/MAPK1/SOS2/PCYT1B/PIP5K1B/MAPK8/MAPK10/CHPT1/PDGFRB/SOS1/PLA2G4A/AKT3/PIK3CA/GPCPD1/PLD2/RAF1/WASF3/PDGFRA/DGKB/EGF/PDGFC/PIK3R1/SLC22A3/EGFR/PRKCA/DGKI/WASF2/RALGDS/PCYT1A/PLPP3/TSC1/JMJD7-PLA2G4B/MAP2K1/FOS/PDGFD/JUN/SP1/PDGFA/PLA2G4B",41,41,99
"hsa04137","Cellular Processes","Transport and catabolism","hsa04137","Mitophagy - animal","43/2394","105/8545",0.40952380952381,1.46172972112822,2.96982655477788,0.00277846639762952,0.0143070284654057,0.00942888832502711,"GABARAPL2/TFE3/CSNK2A2/MUL1/BCL2L13/SAMM50/MON1B/BNIP3L/TBC1D17/MAPK8/SMURF2/MAPK10/MFN2/FOXO3/TBC1D15/OPTN/RRAS/RHOT1/RRAS2/USP30/USP15/CALCOCO2/USP8/GABARAPL1/MAP1LC3B/RPS27A/UBC/MRAS/PINK1/NLRX1/CITED2/ARIH1/JUN/PRKN/SP1/MITF/NBR1/TOMM7/TOMM20L/MAP1LC3C/ATG9A/MAP1LC3B2/RAB7B",43,43,105
"hsa00760","Metabolism","Metabolism of cofactors and vitamins","hsa00760","Nicotinate and nicotinamide metabolism","19/2394","38/8545",0.5,1.78467000835422,3.02419969041172,0.00328468651253792,0.016664953629788,0.0109828527354209,"SARM1/NADK/SIRT2/NT5C2/NMRK2/SIRT4/SIRT1/NAMPT/NMRK1/BST1/NT5C1A/NT5E/AOX1/SIRT3/NMNAT2/NUDT13/NNMT/NMNAT1/ASPDH",19,19,38
"hsa04218","Cellular Processes","Cell growth and death","hsa04218","Cellular senescence","60/2394","157/8545",0.382165605095541,1.36407898727711,2.87234140821035,0.00333636473966988,0.0166818236983494,0.0109939707668756,"MRE11/MAP2K3/TRAF3IP2/HIPK2/NFATC3/FBXW11/TRPM7/SIRT1/GADD45B/MAPK1/NFATC2/RBL2/CDK6/PPP3CB/MAP2K6/HIPK3/MAPK14/CCND3/GADD45A/AKT3/FOXO3/CCND2/PPP3CC/PIK3CA/ITPR2/CDKN1A/RRAS/NFATC1/RAF1/RRAS2/ETS1/IL6/MYC/PPP3CA/RB1/PIK3R1/IGFBP3/CDKN2B/ATM/FOXO1/ITPR1/RAD9B/SLC25A4/ZFP36L2/MRAS/HIPK4/HIPK1/TGFBR2/TSC1/SMAD3/MAP2K1/PTEN/SMAD2/MAPK11/ZFP36L1/PPP3R2/CALM1/HLA-E/LIN52/PPP1CB",60,60,157
"hsa04730","Organismal Systems","Nervous system","hsa04730","Long-term depression","27/2394","60/8545",0.45,1.6062030075188,2.93959579800135,0.00355388812597893,0.017515591478039,0.0115434561685932,"IGF1/NOS1/MAPK1/PPP2CB/PPP1R17/GNAI2/PLA2G4A/ITPR2/GRIA3/GNAI1/GNAZ/RAF1/PPP2R1B/PRKG2/GNA12/ITPR1/GUCY1A2/PRKCA/GNAQ/BRAF/GUCY1A1/JMJD7-PLA2G4B/MAP2K1/PLCB1/PRKG1/RYR1/PLA2G4B",27,27,60
"hsa04380","Organismal Systems","Development and regeneration","hsa04380","Osteoclast differentiation","55/2394","143/8545",0.384615384615385,1.3728230833494,2.80478323829409,0.0041202252757717,0.0200208129597357,0.0131944945821599,"CALCR/MAP3K14/FYN/IFNGR1/GAB2/TAB2/TNFRSF1A/FCGR2B/FOSL2/MAPK1/NCF4/NFKBIA/NFATC2/LILRA1/LILRB5/MAPK8/PPP3CB/MAP2K6/MAPK10/MAPK14/IL1R1/AKT3/CREB1/TNFSF11/PPP3CC/PIK3CA/ITPR2/IL1B/FOSB/JUND/NFATC1/PPARG/TEC/PPP3CA/TNFRSF11A/IFNAR1/PIK3R1/ITPR1/JAK1/TGFBR2/MAP2K1/FOS/JUNB/TRAF6/JUN/CSF1R/CSF1/SOCS3/MAPK11/MITF/PPP3R2/PLCG2/SIRPA/LILRA6/ITGB3",55,55,143
"hsa04060","Environmental Information Processing","Signaling molecules and interaction","hsa04060","Cytokine-cytokine receptor interaction","104/2394","298/8545",0.348993288590604,1.24567571052912,2.69303616043074,0.00491870324785629,0.0235687863959781,0.0155327470984935,"CX3CL1/IL20RA/FAS/IFNGR1/TNFRSF1B/NGFR/TNFRSF1A/IL4R/CXCL2/CD40/IL7/CCL24/CXCL12/BMPR1A/CSF3/CCL2/CCL8/PF4V1/IL2/BMP5/GHR/IL4/IL5/LIFR/ACVR1/IL1R1/IL1RL2/IL18R1/IL18RAP/LEPR/MPL/IFNA8/TNFSF11/TNFRSF8/ACVR2A/CNTFR/ACVR1C/CXCL6/IL1B/BMP2/IL17B/LIF/ACKR4/EDA2R/NGF/IL15RA/EDAR/IL6/IL10/IL33/IL11RA/CCL21/MSTN/ACVRL1/TNFRSF11A/IFNAR1/IL22RA1/GDF7/ACKR3/TSLP/TNFRSF21/CTF1/CCL28/BMP3/BMP6/NODAL/IL34/EDA/IL6R/IL23R/INHBB/TGFBR2/CXCL3/PPBP/PF4/IL15/IL25/CX3CR1/IL13/IL16/IL17D/TNFRSF10D/LEP/IL17RA/CXCR2/CCL13/CSF1R/CSF1/CCR10/IFNE/IL3RA/IFNLR1/IL1RAP/CSF2RA/BMPR2/TNFSF12/CNTF/GDF10/CCL23/CCL16/CCL4/CCL18/CCL14/CCL3",104,104,298
"hsa04728","Organismal Systems","Nervous system","hsa04728","Dopaminergic synapse","51/2394","132/8545",0.386363636363636,1.37906318827371,2.73806000553493,0.00503970858052655,0.0238178008257762,0.0156968572947907,"PPP2R5A/PPP2R5B/MAOB/GNB5/PPP2R3A/PPP2R5C/PPP2R3C/PPP2CB/MAPK8/PPP3CB/MAPK10/MAPK14/GNAI2/ATF2/AKT3/CREB1/KCNJ5/PPP3CC/ITPR2/GRIA3/GNG11/GNAI1/BMAL1/ARRB1/PPP2R1B/PPP3CA/GNAL/CAMK2D/CREB5/CAMK2G/DRD2/ITPR1/CACNA1C/GRIA4/PRKCA/GNAQ/PPP2R2B/FOS/GNG12/ADCY5/GNG7/CREB3L2/PLCB1/GRIN2A/DRD1/MAPK11/GNG2/MAOA/CALM1/PPP1CB/GRIN2B",51,51,132
"hsa04081",NA,NA,"hsa04081","Hormone signaling","79/2394","219/8545",0.360730593607306,1.28757014301355,2.68947478485005,0.00522262694583988,0.0241665382520877,0.0159266888251745,"CALCR/IGF1/ADRB1/GNB5/RAPGEF3/PTHLH/NOS1/HEPH/RAPGEF4/JAK2/AVP/OXT/CRHR2/BMPR1A/GLP1R/GHR/NPR3/SMAD5/GNAI2/VIPR1/ACVR1/LEPR/MPL/SMAD9/ADRA1A/HCRTR1/PIK3CA/THRA/STAT5A/AVPR2/GNG11/GNAI1/ADCY4/RAMP2/TSHB/ADCY3/LHCGR/PRKG2/SLCO1C1/SSTR1/ESR2/SMAD4/PIK3R1/VIP/GNA12/SLC16A2/GNRH1/DRD2/ADRA2A/THRB/GNAQ/NPR2/PTH1R/GPER1/TSHR/AVPR1A/IGF2/IRS1/ADRB2/NPR1/ADRA1B/GNG12/ADCY5/STAT5B/ADCY6/LEP/NPPA/GNG7/OXTR/ADIPOQ/PENK/PLCB1/DRD1/PRKG1/IRS2/GNG2/ADRB3/ITGB3/ADRA2B",79,79,219
"hsa00380","Metabolism","Amino acid metabolism","hsa00380","Tryptophan metabolism","20/2394","42/8545",0.476190476190476,1.69968572224211,2.83570727142762,0.00527882111882632,0.0241665382520877,0.0159266888251745,"MAOB/ALDH3A2/ACAT1/HADHA/DLD/ALDH2/EHHADH/DLST/CAT/ECHS1/KYAT3/AOX1/HADH/CYP1A1/CYP1A2/ALDH9A1/HAAO/ALDH7A1/MAOA/INMT",20,20,42
"hsa04710","Organismal Systems","Environmental adaptation","hsa04710","Circadian rhythm","17/2394","34/8545",0.5,1.78467000835422,2.85993423130592,0.00532461760552712,0.0241665382520877,0.0159266888251745,"FBXL3/PER3/RORA/FBXW11/PRKAG2/CREB1/CRY2/BHLHE41/NR1D1/PRKAB2/PER2/PRKAA1/BMAL1/NFIL3/NR1D2/PER1/RORB",17,17,34
"hsa00562","Metabolism","Carbohydrate metabolism","hsa00562","Inositol phosphate metabolism","31/2394","73/8545",0.424657534246575,1.51574713038304,2.76073744697579,0.00546373908308071,0.0241665382520877,0.0159266888251745,"PIK3C2A/INPP5A/PIK3C3/ITPKC/MTMR2/MTMR3/ITPK1/MTMR8/PIP5K1B/PIKFYVE/ALDH6A1/PIK3CA/INPP5K/PIK3C2B/PLCE1/PIK3C2G/PLCZ1/MTMR6/ITPKB/PLCH2/INPP1/SYNJ1/PLCD3/INPP5D/MTM1/PTEN/PLCB1/PLCD1/PLCG2/INPP5B/SACM1L",31,31,73
"hsa05223","Human Diseases","Cancer: specific types","hsa05223","Non-small cell lung cancer","31/2394","73/8545",0.424657534246575,1.51574713038304,2.76073744697579,0.00546373908308071,0.0241665382520877,0.0159266888251745,"HGF/RARB/GADD45B/MAPK1/SOS2/CDK6/MET/SOS1/GADD45A/AKT3/FOXO3/PIK3CA/POLK/CDKN1A/STAT5A/RAF1/DDB2/EGF/RB1/RXRG/PIK3R1/EGFR/PRKCA/BRAF/TGFA/MAP2K1/ALK/STAT5B/RXRA/FHIT/PLCG2",31,31,73
"hsa05165","Human Diseases","Infectious disease: viral","hsa05165","Human papillomavirus infection","114/2394","333/8545",0.342342342342342,1.22193622193622,2.57718541239994,0.0066508340068132,0.0290447814221589,0.0191416408457249,"ITGA3/FAS/ATP6V0A1/TUBG2/LAMC3/LAMA3/LAMC2/WNT8A/PPP2R5A/TNFRSF1A/PPP2R5B/PALS1/PPP2R3A/PTGS2/DLG1/ITGA8/PPP2R5C/COL4A4/TCF7/WNT11/PXN/LAMB4/LAMB1/ITGA6/PPP2R3C/MAPK1/MFNG/EP300/SOS2/JAG1/LAMA1/RBL2/PPP2CB/CDK6/ITGB8/VWF/WNT5B/CCND3/LAMA4/PDGFRB/SOS1/AKT3/CREB1/CCND2/IFNA8/TNN/PIK3CA/CDKN1A/WNT1/UBR4/RAF1/ITGB4/WNT2B/NOTCH2/COL4A2/APC/ITGA7/HEY2/LAMC1/PPP2R1B/EGF/RB1/IFNAR1/ITGA10/ITGA9/PIK3R1/CREB5/EGFR/NOTCH1/PARD3/TCF7L2/ATM/ITGB1/DLG2/FOXO1/MAGI1/TCF7L1/FZD7/PPP2R2B/FZD1/WNT9B/JAK1/FZD5/ITGA2/TLR3/HEY1/TSC1/CTNNB1/RBPJ/TNXB/AXIN2/COL4A3/MAP2K1/WNT10B/PTGER4/PTEN/LAMB2/FZD4/PARD6G/CSNK1A1L/CREB3L2/MAML2/COL4A1/RELN/LAMA2/MAML3/LAMB3/COL4A6/NOTCH4/HLA-E/COL6A6/ITGA1/ATP6V1E2/ITGB3",114,114,333
"hsa01212","Metabolism","Global and overview maps","hsa01212","Fatty acid metabolism","25/2394","57/8545",0.43859649122807,1.56550000732826,2.67231215241073,0.0073656624576002,0.0313069786356733,0.0206325168125261,"ACSL4/ACADVL/ACAT1/HADHA/SCD/EHHADH/ACADL/SCP2/MECR/ACADM/ELOVL3/ACADS/ECHS1/ACSBG2/HSD17B4/HADHB/HADH/HSD17B12/ACSL1/ACOX1/ELOVL7/HACD1/ACAA2/ACSL5/HACD2",25,25,57
"hsa01200","Metabolism","Global and overview maps","hsa01200","Carbon metabolism","45/2394","116/8545",0.387931034482759,1.38465776510241,2.60216781538381,0.00744380110452943,0.0313069786356733,0.0206325168125261,"TKTL1/MDH1/CPS1/H6PD/CS/ME1/ACAT1/DLD/ACO2/OGDH/GCK/ALDOC/DLST/ALDH6A1/CAT/ACO1/ACADS/ECHS1/RGN/ACSS2/PDHA1/SUCLA2/ALDOB/IDH1/ESD/MMUT/IDNK/GLUD1/DLAT/ME3/ACOX1/SUCLG1/TKT/GPT2/IDH3A/GPT/GLYCTK/SUCLG2/AGXT/PC/PCCA/SHMT1/ADH5/HIBCH/SDHD",45,45,116
"hsa00120","Metabolism","Lipid metabolism","hsa00120","Primary bile acid biosynthesis","10/2394","17/8545",0.588235294117647,2.09961177453438,2.83113172105195,0.00751182052874491,0.0313069786356733,0.0206325168125261,"CYP46A1/SCP2/AKR1D1/HSD17B4/BAAT/CH25H/CYP39A1/CYP7A1/CYP7B1/CYP8B1",10,10,17
"hsa04070","Environmental Information Processing","Signal transduction","hsa04070","Phosphatidylinositol signaling system","39/2394","98/8545",0.397959183673469,1.42045163930234,2.61154594150637,0.00753182384568372,0.0313069786356733,0.0206325168125261,"PIK3C2A/DGKG/INPP5A/PIK3C3/ITPKC/MTMR2/MTMR3/ITPK1/CDS2/MTMR8/PIP5K1B/PIKFYVE/PIK3CA/ITPR2/PIK3C2B/DGKB/PLCE1/PIK3C2G/PLCZ1/MTMR6/ITPKB/PIK3R1/ITPR1/INPP1/PRKCA/PIP4P2/DGKI/SYNJ1/PLCD3/INPP5D/MTM1/PTEN/IP6K1/PLCB1/PLCD1/PLCG2/CALM1/INPP5B/SACM1L",39,39,98
"hsa04550","Cellular Processes","Cellular community - eukaryotes","hsa04550","Signaling pathways regulating pluripotency of stem cells","54/2394","144/8545",0.375,1.33850250626566,2.5556270225245,0.00805335497518038,0.033076279362348,0.0217985548200371,"IGF1/WNT8A/FGFR1/RIF1/TCF7/WNT11/JAK2/MAPK1/HOXA1/BMPR1A/WNT5B/MAPK14/LIFR/SMAD5/ACVR1/AKT3/ID3/ESRRB/SMAD9/PIK3CA/ACVR2A/ACVR1C/WNT1/ID1/LIF/RAF1/WNT2B/APC/KLF4/MYC/FGF2/SMAD4/LEFTY2/MEIS1/PIK3R1/FZD7/PCGF6/NODAL/FZD1/WNT9B/JAK1/INHBB/FZD5/SMAD3/CTNNB1/AXIN2/MAP2K1/WNT10B/ID4/FZD4/SMAD2/PCGF5/MAPK11/BMPR2",54,54,144
"hsa04140","Cellular Processes","Transport and catabolism","hsa04140","Autophagy - animal","62/2394","169/8545",0.366863905325444,1.30946201796404,2.53484962363789,0.0082596498352737,0.0335244610961109,0.0220939240175742,"CFLAR/RRAGD/GABARAPL2/DAPK2/ATG2B/PIK3C3/STX7/IGBP1/SH3GLB1/MAPK1/MTMR3/PPP2CB/MAPK8/MAPK10/CAMKK2/GORASP1/RRAGC/AKT3/PIK3CA/OPTN/ATG4C/RRAS/ATG14/RAF1/PRKAA1/RRAS2/CALCOCO2/TANK/STX17/GABARAPL1/MAP1LC3B/RPS27A/PIK3R1/C9orf72/NRBF2/UBC/ITPR1/EPG5/ATG10/DEPTOR/RRAGA/MRAS/VPS11/WDFY3/TSC1/PRAP1/ZFYVE1/VPS39/MAP2K1/IRS1/PTEN/RAB33B/TRAF6/IRS2/NBR1/PIK3R4/MAP1LC3C/UVRAG/ATG9A/PLEKHM1/MAP1LC3B2/RAB7B",62,62,169
"hsa05210","Human Diseases","Cancer: specific types","hsa05210","Colorectal cancer","35/2394","87/8545",0.402298850574713,1.43594138603213,2.54960977739905,0.00906559488807611,0.0362138593510326,0.0238663420894677,"TCF7/GADD45B/MAPK1/SOS2/MAPK8/MAPK10/MSH3/SOS1/GADD45A/AKT3/PIK3CA/POLK/CDKN1A/RAF1/DDB2/APC/MYC/EGF/SMAD4/PIK3R1/EGFR/TCF7L2/TCF7L1/BRAF/RALGDS/TGFA/TGFBR2/SMAD3/CTNNB1/AXIN2/MAP2K1/FOS/SMAD2/JUN/DCC",35,35,87
"hsa04658","Organismal Systems","Immune system","hsa04658","Th1 and Th2 cell differentiation","37/2394","93/8545",0.397849462365591,1.42006000664744,2.54093113217316,0.00913219061895606,0.0362138593510326,0.0238663420894677,"IFNGR1/NFATC3/IL4R/JAK2/MAPK1/NFKBIA/NFATC2/JAG1/MAPK8/PPP3CB/MAPK10/IL2/MAPK14/IL4/IL5/PPP3CC/STAT5A/DLL4/NFATC1/NOTCH2/STAT4/PPP3CA/NOTCH1/JAK1/STAT6/RBPJ/IL13/FOS/STAT5B/JUN/MAF/MAML2/JAG2/MAPK11/PPP3R2/MAML3/DLL1",37,37,93
"hsa00350","Metabolism","Amino acid metabolism","hsa00350","Tyrosine metabolism","17/2394","36/8545",0.472222222222222,1.68552167455676,2.57130153223049,0.0108334304820055,0.0416300861317947,0.0274358462378876,"MAOB/DCT/FAH/ALDH3A1/TPO/AOC3/AOC2/AOX1/HPD/ADH6/ADH1A/MAOA/ADH1B/ADH5/ADH4/TAT/ADH1C",17,17,36
"hsa05214","Human Diseases","Cancer: specific types","hsa05214","Glioma","31/2394","76/8545",0.407894736842105,1.45591500681528,2.49054530709672,0.010834596102752,0.0416300861317947,0.0274358462378876,"IGF1/GADD45B/MAPK1/SOS2/CDK6/PDGFRB/SOS1/GADD45A/AKT3/PIK3CA/POLK/CDKN1A/RAF1/CAMK1/DDB2/PDGFRA/EGF/RB1/CAMK2D/PIK3R1/EGFR/SHC3/CAMK2G/PRKCA/BRAF/TGFA/MAP2K1/PTEN/PDGFA/PLCG2/CALM1",31,31,76
"hsa00564","Metabolism","Lipid metabolism","hsa00564","Glycerophospholipid metabolism","40/2394","103/8545",0.388349514563107,1.38615146279939,2.45965078902808,0.010964724748416,0.0416300861317947,0.0274358462378876,"AGPAT4/DGKG/PLPP1/PLD1/LPCAT2/CDS2/PCYT1B/CHPT1/PLA2G4A/GPAM/GPCPD1/PLA2G5/PLD2/PNPLA7/LPIN3/PEMT/CEPT1/LPIN1/DGKB/GPAT3/GPD1L/SAMD8/DGKI/PCYT1A/PLPP3/PLB1/SGMS2/GPD1/JMJD7-PLA2G4B/AGPAT2/ADPRM/PHOSPHO1/LPCAT4/PLAAT3/PLA2G6/PLA2G2A/SGMS1/LCAT/PISD/PLA2G4B",40,40,103
"hsa04061","Environmental Information Processing","Signaling molecules and interaction","hsa04061","Viral protein interaction with cytokine and cytokine receptor","39/2394","100/8545",0.39,1.39204260651629,2.4601028854477,0.0110174645238666,0.0416300861317947,0.0274358462378876,"CX3CL1/IL20RA/TNFRSF1B/TNFRSF1A/CXCL2/CCL24/CXCL12/CCL2/CCL8/PF4V1/IL2/IL18R1/IL18RAP/CXCL6/ACKR4/IL6/IL10/CCL21/IL22RA1/ACKR3/CCL28/IL34/IL6R/CXCL3/PPBP/PF4/CX3CR1/TNFRSF10D/CXCR2/CCL13/CSF1R/CSF1/CCR10/CCL23/CCL16/CCL4/CCL18/CCL14/CCL3",39,39,100
"hsa00062","Metabolism","Lipid metabolism","hsa00062","Fatty acid elongation","14/2394","28/8545",0.5,1.78467000835422,2.59443368709384,0.0111013563018119,0.0416300861317947,0.0274358462378876,"HADHA/MECR/ACOT2/ELOVL3/ECHS1/HADHB/HADH/HSD17B12/ELOVL7/HACD1/ACAA2/MBLAC2/ACOT1/HACD2",14,14,28
"hsa04660","Organismal Systems","Immune system","hsa04660","T cell receptor signaling pathway","46/2394","122/8545",0.377049180327869,1.34581672761138,2.4000060760065,0.0123064794200956,0.0456530688164836,0.0300871483275682,"MAP3K14/FYN/PPP2R5A/PPP2R5B/NFATC3/PPP2R3A/DLG1/PAK3/PPP2R5C/PPP2R3C/MAPK1/SOS2/NFKBIA/NFATC2/PAK5/PPP2CB/MAPK8/PPP3CB/MAP3K8/MAPK10/IL2/MAPK14/IL4/IL5/CBLB/SOS1/AKT3/PPP3CC/PIK3CA/NFATC1/RAF1/TEC/IL10/PPP2R1B/PPP3CA/PIK3R1/PPP2R2B/NCK1/MAP2K1/FOS/MALT1/JUN/PTPN11/MAPK11/PPP3R2/CD8B2",46,46,122
"hsa04670","Organismal Systems","Immune system","hsa04670","Leukocyte transendothelial migration","44/2394","116/8545",0.379310344827586,1.35388759254458,2.39401095500566,0.0126039306904427,0.0462591073213055,0.0304865512781144,"CLDN11/VCL/CLDN18/ROCK1/ACTN1/RAPGEF3/PXN/RAPGEF4/NCF4/ARHGAP5/MYL9/CD99L2/CLDN15/MYL7/CXCL12/MYL2/MAPK14/GNAI2/RAP1A/PIK3CA/RAP1B/GNAI1/AFDN/ROCK2/CLDN10/PIK3R1/MSN/ESAM/ITGB1/PRKCA/JAM2/CLDN8/CLDN19/CLDN2/JAM3/CTNNB1/PTPN11/CDH5/CTNNA3/CLDN5/MAPK11/PLCG2/CTNND1/PECAM1",44,44,116
"hsa04917","Organismal Systems","Endocrine system","hsa04917","Prolactin signaling pathway","29/2394","71/8545",0.408450704225352,1.45789944344429,2.41699020026552,0.013164845904527,0.0467853131635906,0.0308333413984304,"JAK2/MAPK1/SOS2/GCK/MAPK8/MAPK10/MAPK14/SOS1/AKT3/FOXO3/CCND2/TNFSF11/SOCS2/PIK3CA/STAT5A/RAF1/ELF5/LHCGR/ESR2/TNFRSF11A/PIK3R1/SHC3/MAP2K1/FOS/SOCS5/STAT5B/SOCS3/MAPK11/GALT",29,29,71
"hsa04916","Organismal Systems","Endocrine system","hsa04916","Melanogenesis","39/2394","101/8545",0.386138613861386,1.37826000645177,2.38559562456926,0.0132037508820112,0.0467853131635906,0.0308333413984304,"WNT8A/EDN1/DCT/TCF7/WNT11/MAPK1/EP300/ASIP/WNT5B/GNAI2/CREB1/WNT1/GNAI1/ADCY4/RAF1/WNT2B/EDNRB/ADCY3/CAMK2D/CAMK2G/TCF7L2/TCF7L1/PRKCA/FZD7/GNAQ/FZD1/KIT/WNT9B/FZD5/CTNNB1/MAP2K1/WNT10B/ADCY5/ADCY6/FZD4/CREB3L2/PLCB1/MITF/CALM1",39,39,101
"hsa04925","Organismal Systems","Endocrine system","hsa04925","Aldosterone synthesis and secretion","38/2394","98/8545",0.387755102040816,1.38402980239715,2.38531944727797,0.0132897411305272,0.0467853131635906,0.0308333413984304,"CACNA1G/ATP1A2/ATP2B4/ATP2B1/SCARB1/LIPE/PRKD3/ATF2/CREB1/KCNJ5/ITPR2/ATF1/NR4A1/ATP1B2/ADCY4/LDLR/CAMK1/DAGLA/ADCY3/CYP11A1/CAMK2D/CREB5/CAMK2G/ITPR1/CACNA1C/NR4A2/PRKCA/GNAQ/NPR1/PRKCE/ADCY5/ADCY6/NPPA/CREB3L2/PLCB1/PRKD1/PDE2A/CALM1",38,38,98
"hsa05215","Human Diseases","Cancer: specific types","hsa05215","Prostate cancer","38/2394","98/8545",0.387755102040816,1.38402980239715,2.38531944727797,0.0132897411305272,0.0467853131635906,0.0308333413984304,"IGF1/INSRR/FGFR1/TCF7/MAPK1/EP300/SOS2/NFKBIA/PDGFRB/SOS1/AKT3/CREB1/PIK3CA/CDKN1A/RAF1/PDGFRA/EGF/RB1/KLK3/PDGFC/PIK3R1/CREB5/EGFR/ZEB1/TCF7L2/FOXO1/TCF7L1/ERG/BRAF/TGFA/CTNNB1/MAP2K1/PDGFD/PTEN/CREB3L2/TMPRSS2/PDGFA/ETV5",38,38,98
"hsa04611","Organismal Systems","Immune system","hsa04611","Platelet activation","47/2394","126/8545",0.373015873015873,1.33142048242299,2.33805214184963,0.0142325570399324,0.049598304836128,0.0326872123405145,"FYN/PPP1R12A/MYLK/ROCK1/RASGRP2/APBB1IP/MAPK1/VWF/MAPK14/GNAI2/RAP1A/PLA2G4A/AKT3/PIK3CA/ITPR2/RAP1B/GNAI1/ADCY4/ROCK2/TLN1/ADCY3/PRKG2/PIK3R1/MYLK4/ITGB1/ITPR1/GUCY1A2/GNAQ/GUCY1A1/ITGA2/NOS3/STIM1/JMJD7-PLA2G4B/P2RY12/GP9/P2RY1/TLN2/ADCY5/ADCY6/PLCB1/MAPK11/PRKG1/ARHGEF12/PLCG2/PPP1CB/PLA2G4B/ITGB3",47,47,126
"hsa04979","Organismal Systems","Digestive system","hsa04979","Cholesterol metabolism","22/2394","51/8545",0.431372549019608,1.53971530132521,2.41164578255294,0.014417076204804,0.0497389129065736,0.0327798785288174,"MYLIP/SCARB1/ABCB11/APOB/CETP/PLTP/LIPA/LRP1/LDLR/ANGPTL8/SORT1/CD36/NPC1/ABCG8/ABCA1/LIPC/ANGPTL4/SOAT2/CYP7A1/LPL/LPA/LCAT",22,22,51
"hsa05216","Human Diseases","Cancer: specific types","hsa05216","Thyroid cancer","17/2394","37/8545",0.45945945945946,1.63996703470388,2.43368605961332,0.0149091942722903,0.0509274457815856,0.033563167929283,"TCF7/GADD45B/MAPK1/GADD45A/POLK/CDKN1A/PPARG/DDB2/MYC/RXRG/TCF7L2/TCF7L1/BRAF/CTNNB1/MAP2K1/RXRA/NCOA4",17,17,37
"hsa01522","Human Diseases","Drug resistance: antineoplastic","hsa01522","Endocrine resistance","38/2394","99/8545",0.383838383838384,1.37004970338304,2.31031899362226,0.0158761982855852,0.0531220527287037,0.0350094992811594,"IGF1/ABCB11/MAPK1/SOS2/JAG1/MAPK8/MAPK10/MAPK14/HBEGF/SOS1/AKT3/PIK3CA/CDKN2C/CDKN1A/DLL4/ADCY4/RAF1/NOTCH2/ADCY3/RB1/ESR2/NCOR1/PIK3R1/EGFR/SHC3/NOTCH1/BRAF/GPER1/MAP2K1/FOS/ADCY5/ADCY6/JUN/JAG2/MAPK11/SP1/DLL1/NOTCH4",38,38,99
"hsa04392","Environmental Information Processing","Signal transduction","hsa04392","Hippo signaling pathway - multiple species","14/2394","29/8545",0.482758620689655,1.72312966323856,2.43342059236,0.0160255347905365,0.0531220527287037,0.0350094992811594,"WWTR1/RASSF4/AJUBA/LATS1/YAP1/FRMD6/WTIP/LATS2/SAV1/FRMD1/DCHS1/RASSF6/TEAD1/FAT4",14,14,29
"hsa04912","Organismal Systems","Endocrine system","hsa04912","GnRH signaling pathway","36/2394","93/8545",0.387096774193548,1.38168000646778,2.30877159361666,0.0161217227310293,0.0531220527287037,0.0350094992811594,"MAP2K3/PLD1/MAP3K4/MAPK1/SOS2/MAPK8/MAP2K6/MAPK10/MAPK14/HBEGF/SOS1/PLA2G4A/EGR1/ITPR2/PLD2/ADCY4/RAF1/ADCY3/CAMK2D/EGFR/GNRH1/CAMK2G/ITPR1/CACNA1C/PRKCA/GNAQ/JMJD7-PLA2G4B/MAP2K1/ADCY5/ADCY6/JUN/PLCB1/MAPK11/CALM1/MAP3K3/PLA2G4B",36,36,93
"hsa05031","Human Diseases","Substance dependence","hsa05031","Amphetamine addiction","28/2394","69/8545",0.405797101449275,1.44842783286719,2.33314355489615,0.0161675812652576,0.0531220527287037,0.0350094992811594,"MAOB/SIRT1/PPP3CB/ATF2/CREB1/PPP3CC/GRIA3/FOSB/PPP3CA/CAMK2D/CREB5/CAMK2G/CACNA1C/GRIA4/PRKCA/FOS/ADCY5/JUN/CREB3L2/GRIN2A/DRD1/PPP3R2/MAOA/ARC/CALM1/GRIN3A/PPP1CB/GRIN2B",28,28,69
"hsa05032","Human Diseases","Substance dependence","hsa05032","Morphine addiction","35/2394","91/8545",0.384615384615385,1.3728230833494,2.23055120602398,0.0194228205109838,0.0631894617816974,0.0416443134854207,"GNB5/PDE8A/GABRP/GRK3/GABRE/GABRA4/PDE8B/GNAI2/PDE1A/KCNJ5/PDE1B/GNG11/GNAI1/PDE11A/ADCY4/ARRB1/ADCY3/GABRR1/GABRA2/PDE3B/PRKCA/PDE1C/GABRG1/PDE7B/GNG12/PDE3A/ADCY5/ADCY6/GNG7/PDE4B/DRD1/GNG2/PDE2A/GRK5/GABBR1",35,35,91
"hsa04720","Organismal Systems","Nervous system","hsa04720","Long-term potentiation","27/2394","67/8545",0.402985074626866,1.43839075300191,2.24735618540071,0.0198324994384966,0.0631894617816974,0.0416443134854207,"RPS6KA2/RAPGEF3/MAPK1/EP300/PPP3CB/RAP1A/PPP3CC/ITPR2/RAP1B/RAF1/PPP1R1A/PPP3CA/CAMK2D/CAMK2G/ITPR1/CACNA1C/PRKCA/GNAQ/BRAF/MAP2K1/RPS6KA3/PLCB1/GRIN2A/PPP3R2/CALM1/PPP1CB/GRIN2B",27,27,67
"hsa05211","Human Diseases","Cancer: specific types","hsa05211","Renal cell carcinoma","28/2394","70/8545",0.4,1.42773600668338,2.2416861392507,0.0199113373788571,0.0631894617816974,0.0416443134854207,"HGF/TFE3/PAK3/MAPK1/EP300/SOS2/PAK5/MET/RAPGEF1/GAB1/SOS1/EPAS1/RAP1A/AKT3/PIK3CA/CDKN1A/RAP1B/RAF1/ETS1/ARNT/PIK3R1/FLCN/BRAF/TGFA/CRK/MAP2K1/JUN/PTPN11",28,28,70
"hsa04071","Environmental Information Processing","Signal transduction","hsa04071","Sphingolipid signaling pathway","45/2394","122/8545",0.368852459016393,1.31655984222852,2.19696007771463,0.0199642067658116,0.0631894617816974,0.0416443134854207,"FYN/GAB2/NSMAF/PPP2R5A/TNFRSF1A/ROCK1/PPP2R5B/PPP2R3A/PLD1/PPP2R5C/PPP2R3C/MAPK1/PPP2CB/MAPK8/MAPK10/MAPK14/GNAI2/AKT3/PIK3CA/SGPP1/GNAI1/PLD2/RAF1/ROCK2/PPP2R1B/PIK3R1/GNA12/PRKCA/GNAQ/PPP2R2B/SGMS2/NOS3/BDKRB2/MAP2K1/S1PR1/PRKCE/PTEN/SPTLC3/ACER2/FCER1A/PLCB1/MAPK11/MAP3K5/SGMS1/S1PR2",45,45,122
"hsa04724","Organismal Systems","Nervous system","hsa04724","Glutamatergic synapse","43/2394","116/8545",0.370689655172414,1.32311741998675,2.18585409462751,0.0206460393887042,0.0647534871736631,0.0426750670618192,"GNB5/PLD1/SLC1A3/MAPK1/GRK3/HOMER2/SLC17A7/GRIK5/PPP3CB/GNAI2/PLA2G4A/PPP3CC/ITPR2/GRIA3/GNG11/GNAI1/PLD2/ADCY4/SLC38A2/ADCY3/PPP3CA/TRPC1/ITPR1/CACNA1C/GRIA4/PRKCA/GNAQ/SLC1A7/JMJD7-PLA2G4B/GRIK1/GNG12/ADCY5/ADCY6/GNG7/PLCB1/GRIN2A/GNG2/PPP3R2/GRM7/GRIN3A/PLA2G4B/SHANK3/GRIN2B",43,43,116
"hsa05207","Human Diseases","Cancer: overview","hsa05207","Chemical carcinogenesis - receptor activation","74/2394","215/8545",0.344186046511628,1.22851702900663,2.11706955973733,0.0221835464452894,0.0689488605731969,0.0454399813388574,"MGST1/ADRB1/RPS6KA2/FGF20/JAK2/GSTT2/MAPK1/SOS2/JAG1/KLF5/FGF9/KPNA3/AHR/FGF8/CCND3/BCL6/GNAI2/SOS1/ATF2/AKT3/CREB1/TNFSF11/EPHX2/PIK3CA/WNT1/STAT5A/GNAI1/DLL4/ADCY4/RAF1/GSTM5/NOTCH2/UGT2B28/KLF4/MYC/ARRB1/ADCY3/FGF2/EGF/RB1/ESR2/FGF7/CYP1A1/CYP1A2/RXRG/MGST3/ARNT/EPHX1/PIK3R1/CREB5/EGFR/CACNA1C/PRKCA/FGF17/CYP3A4/CHRFAM7A/MAP2K1/ADRB2/FOS/ADCY5/STAT5B/ADCY6/CHRNA7/RPS6KA3/JUN/CREB3L2/RXRA/PPARA/ADRB3/FGF16/KPNA5/DLL1/GSTM2/GSTA1",74,74,215
"hsa05171","Human Diseases","Infectious disease: viral","hsa05171","Coronavirus disease - COVID-19","81/2394","238/8545",0.340336134453782,1.21477538383775,2.09638337294648,0.022986926468574,0.0702702580166977,0.0463108336586017,"RPS20/MASP2/C6/TAB2/TNFRSF1A/RPL31/MAVS/RPL6/NRP1/MAPK1/RPL3/NFKBIA/C5/MAPK8/CSF3/CCL2/MAPK10/IL2/RPL34/RPS13/VWF/MAPK14/RPS12/C7/HBEGF/RPL22/RPS25/IFNA8/PIK3CA/RPL21/RPL5/F13A1/IL1B/C3/MASP1/RPS4Y1/ACE2/MAS1/RPL27/IL6/TLR4/RPS6/CASP1/RSL24D1/IFNAR1/RPL11/RPS27A/RPL32/RPS3A/PIK3R1/EGFR/RPL10/PRKCA/C1R/ACE/IL6R/RPL26/JAK1/NLRP3/RPL9/TLR3/RPS14/RPL13/FOS/RPS7/SELP/RPL4/RPL15/TRAF6/RPLP2/JUN/C1S/RPL35A/TMPRSS2/MAPK11/RPS23/RPL37A/CFD/PLCG2/RPS4X/RPL10A",81,81,238
"hsa05167","Human Diseases","Infectious disease: viral","hsa05167","Kaposi sarcoma-associated herpesvirus infection","68/2394","196/8545",0.346938775510204,1.2383424547764,2.10587235070411,0.0230160555243097,0.0702702580166977,0.0463108336586017,"FAS/IFNGR1/TNFRSF1A/GNB5/NFATC3/PTGS2/PIK3C3/CXCL2/TCF7/ANGPT2/JAK2/MAPK1/EP300/NFKBIA/NFATC2/CDK6/MAPK8/PPP3CB/MAP2K6/MAPK10/CLEC2B/MAPK14/AKT3/CREB1/IFNA8/PPP3CC/PIK3CA/ITPR2/CDKN1A/C3/ATG14/GNG11/ZFP36/NFATC1/RAF1/IL6/MYC/FGF2/PPP3CA/RB1/MAP1LC3B/IFNAR1/RPS27A/PIK3R1/TCF7L2/UBC/ITPR1/TCF7L1/RCAN1/JAK1/CD200R1/CXCL3/TLR3/CTNNB1/MAP2K1/FOS/GNG12/GNG7/JUN/MAPK11/GNG2/PPP3R2/MAP1LC3C/PLCG2/CALM1/MICA/HLA-E/MAP1LC3B2",68,68,196
"hsa01210","Metabolism","Global and overview maps","hsa01210","2-Oxocarboxylic acid metabolism","15/2394","33/8545",0.454545454545455,1.62242728032202,2.23485633815766,0.0240718606178896,0.0719972319896457,0.0474489766888283,"CS/BCKDHB/DLD/ACO2/OGDH/DLST/ACO1/PDHA1/DBT/IDH1/DLAT/GPT2/IDH3A/GPT/AGXT",15,15,33
"hsa05220","Human Diseases","Cancer: specific types","hsa05220","Chronic myeloid leukemia","30/2394","77/8545",0.38961038961039,1.39065195456173,2.14815081640339,0.0241231535736367,0.0719972319896457,0.0474489766888283,"GAB2/MECOM/ABL1/GADD45B/MAPK1/SOS2/NFKBIA/CDK6/CBL/SOS1/GADD45A/AKT3/PIK3CA/POLK/CDKN1A/STAT5A/RAF1/DDB2/MYC/RB1/SMAD4/PIK3R1/SHC3/BRAF/TGFBR2/SMAD3/CRK/MAP2K1/STAT5B/PTPN11",30,30,77
"hsa04330","Environmental Information Processing","Signal transduction","hsa04330","Notch signaling pathway","25/2394","62/8545",0.403225806451613,1.43925000673727,2.16547272228668,0.0242077649588374,0.0719972319896457,0.0474489766888283,"SPEN/TLE2/MFNG/EP300/JAG1/TLE4/DTX4/KAT2B/DLL4/NUMB/NOTCH2/DTX1/HEY2/APH1B/NOTCH1/HEY1/RBPJ/MAML2/JAG2/TLE1/MAML3/DLL1/NOTCH4/ATXN1L/PSEN2",25,25,62
"hsa04750","Organismal Systems","Sensory system","hsa04750","Inflammatory mediator regulation of TRP channels","37/2394","99/8545",0.373737373737374,1.33399576382033,2.08522463304005,0.0265472322910598,0.0782803003454328,0.0515897631567155,"IGF1/PRKCH/MAP2K3/HTR2A/MAPK8/MAP2K6/MAPK10/MAPK14/IL1R1/PLA2G4A/PIK3CA/ITPR2/IL1B/ADCY4/NGF/ADCY3/CAMK2D/PIK3R1/CAMK2G/ITPR1/PRKCA/GNAQ/BDKRB2/JMJD7-PLA2G4B/PRKCE/PTGER4/ADCY5/ADCY6/PLCB1/PLA2G6/MAPK11/IL1RAP/HRH1/PLCG2/CALM1/PPP1CB/PLA2G4B",37,37,99
"hsa05133","Human Diseases","Infectious disease: bacterial","hsa05133","Pertussis","30/2394","78/8545",0.384615384615385,1.3728230833494,2.06350319045413,0.0289654073939337,0.0846869961941283,0.0558120249517368,"MAPK1/NOD1/C5/MAPK8/MAPK10/MAPK14/GNAI2/SFTPA1/C4BPA/CXCL6/IL1B/C3/GNAI1/IL6/IL10/TLR4/CASP1/SERPING1/ITGB1/LY96/C1R/NLRP3/CFL2/FOS/CD14/TRAF6/JUN/C1S/MAPK11/CALM1",30,30,78
"hsa00785","Metabolism","Metabolism of cofactors and vitamins","hsa00785","Lipoic acid metabolism","10/2394","20/8545",0.5,1.78467000835422,2.19166759649522,0.0304275410468786,0.088069051000775,0.0580409306366664,"BCKDHB/DLD/OGDH/DLST/LIAS/PDHA1/DBT/LIPT1/DLAT/ACSM1",10,10,20
"hsa00630","Metabolism","Carbohydrate metabolism","hsa00630","Glyoxylate and dicarboxylate metabolism","14/2394","31/8545",0.451612903225806,1.61196000754575,2.12939825911489,0.0306327133915739,0.088069051000775,0.0580409306366664,"MDH1/CS/ACAT1/DLD/ACO2/CAT/ACO1/ACSS2/MMUT/GLYCTK/AGXT/PCCA/SHMT1/HOGA1",14,14,31
"hsa04530","Cellular Processes","Cellular community - eukaryotes","hsa04530","Tight junction","59/2394","170/8545",0.347058823529412,1.23877094697528,1.96170348698821,0.0322312465251351,0.0918990086873688,0.0605650217436206,"CFTR/CLDN11/NEDD4L/YBX3/CLDN18/ROCK1/NEDD4/ACTN1/PALS1/DLG1/EPB41L4B/MYL9/TJP1/PPP2CB/CLDN15/PRKAG2/MPDZ/MAPK8/MAPK10/RAPGEF2/MYL2/POPDC1/AMOTL2/RAP1A/TJP2/AMOT/CGNL1/AFDN/PRKAB2/PRKAA1/MYH10/MYH11/ROCK2/CLDN10/RDX/PPP2R1B/ARHGAP17/MSN/PARD3/ITGB1/DLG2/MAGI1/JAM2/WHAMM/CLDN8/PPP2R2B/CD1C/CLDN19/CLDN2/AMOTL1/JAM3/RAB8B/TUBA1A/PRKCE/SYNPO/JUN/PARD6G/CLDN5/MAP3K5",59,59,170
"hsa04610","Organismal Systems","Immune system","hsa04610","Complement and coagulation cascades","33/2394","88/8545",0.375,1.33850250626566,1.99120002331447,0.0331353661237848,0.0937024697762768,0.0617535727587362,"CFH/TFPI/MASP2/C6/CD59/SERPIND1/PROCR/C5/VWF/C7/F3/CLU/C4BPA/F13A1/C3/F10/MASP1/SERPING1/VSIG4/C1R/KLKB1/SERPINF2/BDKRB2/A2M/THBD/C1S/PROS1/F8/CD55/CFD/CR1/CFI/CFHR1",33,33,88
"hsa05163","Human Diseases","Infectious disease: viral","hsa05163","Human cytomegalovirus infection","76/2394","226/8545",0.336283185840708,1.20030903216744,1.90387757873532,0.0353630644587626,0.0991890832379926,0.0653694644680592,"CX3CL1/FAS/PTGER3/TNFRSF1A/ROCK1/GNB5/NFATC3/PTGS2/PXN/MAPK1/SOS2/NFKBIA/NFATC2/CDK6/CXCL12/PPP3CB/CCL2/MAP2K6/MAPK14/GNAI2/IL1R1/SOS1/ATF2/AKT3/CREB1/IFNA8/PPP3CC/PIK3CA/ITPR2/CDKN1A/IL1B/GNG11/GNAI1/ADCY4/NFATC1/RAF1/ROCK2/PDGFRA/IL6/MYC/RIPK1/ADCY3/PPP3CA/RB1/PIK3R1/GNA12/CREB5/EGFR/ITPR1/PRKCA/GNAQ/IL6R/JAK1/TSC1/CRK/CTNNB1/MAP2K1/AKAP13/PTGER4/GNG12/ADCY5/ADCY6/GNG7/CXCR2/CREB3L2/PLCB1/MAPK11/SP1/GNG2/PPP3R2/ARHGEF12/CALM1/HLA-E/ITGB3/CCL4/CCL3",76,76,226
"hsa05221","Human Diseases","Cancer: specific types","hsa05221","Acute myeloid leukemia","26/2394","68/8545",0.382352941176471,1.36474765344734,1.88384731602581,0.0431069013567657,0.119934523936163,0.0790415169190271,"MPO/RUNX1T1/TCF7/MAPK1/SOS2/ZBTB16/SOS1/AKT3/PIK3CA/STAT5A/RAF1/PER2/MYC/PIM1/DUSP6/PML/PIK3R1/TCF7L2/TCF7L1/KIT/BRAF/MAP2K1/CD14/STAT5B/CSF1R/CEBPA",26,26,68
"hsa00561","Metabolism","Lipid metabolism","hsa00561","Glycerolipid metabolism","25/2394","65/8545",0.384615384615385,1.3728230833494,1.88226763795021,0.0435674400688256,0.120246134589959,0.0792468804620323,"AGPAT4/DGKG/DGAT2/PLPP1/ALDH3A2/MGLL/AKR1B1/ALDH2/GPAM/MOGAT1/LPIN3/LPIN1/DGKB/GPAT3/ALDH9A1/DGKI/PLPP3/ALDH7A1/LIPC/GLYCTK/AGPAT2/LPL/PNPLA2/DGAT1/AKR1B15",25,25,65
"hsa00565","Metabolism","Lipid metabolism","hsa00565","Ether lipid metabolism","20/2394","50/8545",0.4,1.42773600668338,1.89233904568483,0.0447200759584981,0.122447827029221,0.0806978814288687,"PAFAH1B1/PLPP1/PLD1/LPCAT2/CHPT1/PLA2G4A/PLA2G5/GAL3ST1/PLD2/CEPT1/ENPP2/PLPP3/PLB1/ENPP6/JMJD7-PLA2G4B/LPCAT4/PLAAT3/PLA2G6/PLA2G2A/PLA2G4B",20,20,50
"hsa05235","Human Diseases","Cancer: overview","hsa05235","PD-L1 expression and PD-1 checkpoint pathway in cancer","33/2394","90/8545",0.366666666666667,1.30875800612643,1.83697186971685,0.0453768312800076,0.123267770012619,0.0812382557520235,"IFNGR1/MAP2K3/CSNK2A2/NFATC3/JAK2/MAPK1/NFKBIA/NFATC2/PPP3CB/MAP2K6/MAPK14/AKT3/PPP3CC/PIK3CA/NFATC1/RAF1/TLR4/EGF/PPP3CA/PIK3R1/EGFR/JAK1/MAP2K1/FOS/ALK/PTEN/TRAF6/JUN/PTPN11/MAPK11/PPP3R2/MAP3K3/TLR9",33,33,90
"hsa05142","Human Diseases","Infectious disease: parasitic","hsa05142","Chagas disease","37/2394","103/8545",0.359223300970874,1.28219010308944,1.79745301154132,0.0482058593438123,0.129929855262619,0.0856288290975613,"CFLAR/FAS/IFNGR1/TNFRSF1A/MAPK1/NFKBIA/PPP2CB/MAPK8/CCL2/MAPK10/IL2/MAPK14/GNAI2/AKT3/PIK3CA/IL1B/C3/GNAI1/IL6/IL10/TLR4/PPP2R1B/GNAL/PIK3R1/GNAQ/PPP2R2B/ACE/TGFBR2/BDKRB2/FOS/TRAF6/SMAD2/JUN/PLCB1/MAPK11/TLR9/CCL3",37,37,103
"hsa01040","Metabolism","Lipid metabolism","hsa01040","Biosynthesis of unsaturated fatty acids","12/2394","27/8545",0.444444444444444,1.58637334075931,1.90373770103918,0.0497818617685016,0.133137537287853,0.0877428163361595,"SCD/SCP2/ACOT2/ELOVL3/HSD17B4/BAAT/HSD17B12/ACOX1/ELOVL7/HACD1/ACOT1/HACD2",12,12,27
"hsa04664","Organismal Systems","Immune system","hsa04664","Fc epsilon RI signaling pathway","26/2394","69/8545",0.376811594202899,1.34496870194811,1.79485180133653,0.051289819974003,0.13611529146947,0.0897052721812523,"FYN/GAB2/MAP2K3/MAPK1/SOS2/MAPK8/MAP2K6/MAPK10/MAPK14/IL4/IL5/SOS1/PLA2G4A/AKT3/PIK3CA/RAF1/PIK3R1/PRKCA/INPP5D/JMJD7-PLA2G4B/MAP2K1/IL13/FCER1A/MAPK11/PLCG2/PLA2G4B",26,26,69
"hsa02010","Environmental Information Processing","Membrane transport","hsa02010","ABC transporters","18/2394","45/8545",0.4,1.42773600668338,1.79470236026386,0.0551156418723447,0.145151881266862,0.0956607363955521,"CFTR/ABCB5/ABCC9/ABCB11/ABCB1/ABCC6/ABCG2/ABCD4/ABCB7/ABCA8/ABCG8/ABCA9/ABCA6/ABCA10/ABCA5/DEFB1/ABCA1/ABCD2",18,18,45
"hsa05202","Human Diseases","Cancer: overview","hsa05202","Transcriptional misregulation in cancer","66/2394","198/8545",0.333333333333333,1.18978000556948,1.68553460315644,0.0559309157550605,0.146183075268908,0.096340333357999,"MPO/ETV1/PROM1/IGF1/NGFR/TFE3/HOXA9/RUNX1T1/MEF2C/CCNT2/GADD45B/CD40/FLT1/MET/DDX5/KLF3/ZBTB16/BIRC2/BCL6/GADD45A/KMT2A/CCND2/NR4A3/POLK/CDKN2C/ATF1/CDKN1A/GRIA3/CCNT1/PPARG/PER2/DDB2/LMO2/PAX3/IL6/MYC/BMP2K/DUSP6/PML/NCOR1/RXRG/MEIS1/NFKBIZ/IGFBP3/ZEB1/ATM/FOXO1/FLI1/TSPAN7/ERG/TGFBR2/CD14/JMJD1C/AFF1/MAF/CSF1R/TMPRSS2/SP1/RXRA/MITF/SUPT3H/PDGFA/ELANE/ETV5/CEBPA/HOXA10",66,66,198
"hsa05132","Human Diseases","Infectious disease: bacterial","hsa05132","Salmonella infection","82/2394","251/8545",0.326693227091633,1.16607920864578,1.66605732897789,0.0569232560750683,0.147658070269914,0.0973124124433301,"CYTH3/PIK3C2A/MAP2K3/TAB2/TNFRSF1A/PAK3/PIK3C3/TCF7/MAPK1/NFKBIA/TUBB1/MYL9/KPNA3/DCTN6/NOD1/MYL7/MAPK8/MAP2K6/MAPK10/BIRC2/MYL2/MAPK14/ACTR1B/PLEKHM2/AKT3/PIK3CA/RAB9B/RAB9A/AHNAK/IL1B/KLC1/RRAS/RHOJ/PODXL/SNX9/ACTR10/RAF1/WASF3/PIK3C2B/ROCK2/DYNC1LI2/GCC2/IL6/TLR4/MYC/TUBB2A/RIPK1/TUBB2B/CASP1/PIK3C2G/TCF7L2/TCF7L1/LY96/ELMO1/DYNC1I1/VPS11/NLRP3/FYCO1/VPS39/TUBA1A/RILP/CTNNB1/MAP2K1/FOS/CD14/SNX33/TRAF6/TUBB6/JUN/SNX18/EXOC7/ANXA2/MAPK11/DYNC2H1/FLNA/CASP4/DYNC1H1/S100A10/PLEKHM1/TLR9/CYFIP1/RAB7B",82,82,251
"hsa00982","Metabolism","Xenobiotics biodegradation and metabolism","hsa00982","Drug metabolism - cytochrome P450","27/2394","73/8545",0.36986301369863,1.3201668554949,1.71381782888216,0.0594286593879025,0.153006623050943,0.100837316793299,"MGST1/FMO1/MAOB/FMO4/FMO2/GSTT2/CYP3A5/ALDH3A1/GSTM5/UGT2B28/CYP2C9/AOX1/CYP1A2/MGST3/CYP3A4/HPGDS/CYP2C19/ADH6/ADH1A/MAOA/ADH1B/GSTK1/ADH5/ADH4/GSTM2/GSTA1/ADH1C",27,27,73
"hsa00010","Metabolism","Carbohydrate metabolism","hsa00010","Glycolysis / Gluconeogenesis","25/2394","67/8545",0.373134328358209,1.33184328981658,1.70115374205844,0.061622804369254,0.15670358166783,0.10327375633944,"ALDH3A2/PGM1/DLD/GCK/ALDH3A1/ALDOC/ALDH2/LDHB/PCK1/ACSS2/G6PC1/PDHA1/ALDOB/ALDH9A1/DLAT/G6PC2/ALDH7A1/LDHAL6A/LDHAL6B/ADH6/ADH1A/ADH1B/ADH5/ADH4/ADH1C",25,25,67
"hsa05161","Human Diseases","Infectious disease: viral","hsa05161","Hepatitis B","55/2394","163/8545",0.337423312883436,1.20437853324518,1.64352033295432,0.0617730061067389,0.15670358166783,0.10327375633944,"CASP10/FAS/MAP2K3/TAB2/NFATC3/MAVS/JAK2/MAPK1/EP300/SOS2/NFKBIA/NFATC2/MAPK8/MAP2K6/MAPK10/MAPK14/SOS1/ATF2/AKT3/CREB1/IFNA8/PIK3CA/EGR2/CDKN1A/STAT5A/NFATC1/RAF1/DDB2/IL6/TLR4/MYC/STAT4/RB1/SMAD4/IFNAR1/HSPG2/PIK3R1/CREB5/PRKCA/BRAF/JAK1/TGFBR2/TLR3/STAT6/SMAD3/MAP2K1/FOS/STAT5B/TRAF6/JUN/EGR3/CREB3L2/MAPK11/CASP12/DDX3X",55,55,163
"hsa04062","Organismal Systems","Immune system","hsa04062","Chemokine signaling pathway","64/2394","193/8545",0.33160621761658,1.18361534232819,1.60957866829719,0.0648712377982704,0.163361876207323,0.107661831459288,"FGR/CX3CL1/ROCK1/RASGRP2/GNB5/CXCL2/PXN/JAK2/MAPK1/GRK3/SOS2/NFKBIA/CCL24/CXCL12/CCL2/CCL8/PF4V1/GNAI2/SOS1/RAP1A/AKT3/FOXO3/PIK3CA/CXCL6/RAP1B/GNG11/GNAI1/ADCY4/RAF1/ROCK2/CCL21/ARRB1/ADCY3/PIK3R1/SHC3/PARD3/CCL28/ELMO1/GNAQ/BRAF/CXCL3/PPBP/PF4/CRK/CX3CR1/MAP2K1/GNG12/ADCY5/STAT5B/ADCY6/GNG7/CXCR2/CCL13/PLCB1/CCR10/GNG2/PLCG2/GRK5/CCL23/CCL16/CCL4/CCL18/CCL14/CCL3",64,64,193
"hsa04913","Organismal Systems","Endocrine system","hsa04913","Ovarian steroidogenesis","20/2394","52/8545",0.384615384615385,1.3728230833494,1.68226237995423,0.0663483560115663,0.165500957533214,0.109071569266741,"IGF1/SCARB1/PTGS2/HSD17B2/PLA2G4A/ACOT2/ADCY4/LDLR/ADCY3/LHCGR/CYP11A1/CYP1A1/BMP6/JMJD7-PLA2G4B/ADCY5/ADCY6/ACOT1/AKR1C3/PLA2G4B/AKR1C8",20,20,52
"hsa05418","Human Diseases","Cardiovascular disease","hsa05418","Fluid shear stress and atherosclerosis","48/2394","141/8545",0.340425531914894,1.21509447377309,1.60662905407149,0.0671797785036989,0.165500957533214,0.109071569266741,"SELE/MGST1/TNFRSF1A/MEF2A/EDN1/MEF2C/GSTT2/CAV2/CAV1/MAPK8/BMPR1A/CCL2/MAP2K6/MAPK10/MAPK14/ACVR1/IL1R1/NFE2L2/AKT3/DUSP1/PIK3CA/ACVR2A/IL1B/KLF2/KDR/ASS1/PRKAA1/GSTM5/MAP2K5/MGST3/PIK3R1/NOS3/CTNNB1/SDC2/FOS/JUN/THBD/CDH5/CAV3/MAPK11/MAP3K5/PDGFA/CALM1/BMPR2/GSTM2/GSTA1/ITGB3/PECAM1",48,48,141
"hsa05212","Human Diseases","Cancer: specific types","hsa05212","Pancreatic cancer","28/2394","77/8545",0.363636363636364,1.29794182425761,1.63834831887056,0.0679294908434216,0.165500957533214,0.109071569266741,"PLD1/GADD45B/MAPK1/CDK6/MAPK8/MAPK10/GADD45A/AKT3/PIK3CA/POLK/CDKN1A/PLD2/ARHGEF6/RAF1/DDB2/EGF/RB1/SMAD4/PIK3R1/EGFR/BRAF/RALGDS/JAK1/TGFA/TGFBR2/SMAD3/MAP2K1/SMAD2",28,28,77
"hsa00250","Metabolism","Amino acid metabolism","hsa00250","Alanine, aspartate and glutamate metabolism","15/2394","37/8545",0.405405405405405,1.44702973650342,1.69997824726143,0.0681192346948302,0.165500957533214,0.109071569266741,"CPS1/FOLH1/ASPA/ALDH5A1/ASS1/GFPT2/GLUD1/ALDH4A1/GPT2/RIMKLB/GPT/AGXT/ADSS1/NAT8L/DDO",15,15,37
"hsa05143","Human Diseases","Infectious disease: parasitic","hsa05143","African trypanosomiasis","15/2394","37/8545",0.405405405405405,1.44702973650342,1.69997824726143,0.0681192346948302,0.165500957533214,0.109071569266741,"SELE/FAS/LAMA4/IL1B/IL6/IL10/PRKCA/GNAQ/NPPA/PLCB1/HBA2/HBA1/TLR9/HBB/HPR",15,15,37
"hsa05135","Human Diseases","Infectious disease: bacterial","hsa05135","Yersinia infection","47/2394","138/8545",0.340579710144928,1.21564478829925,1.59322757877874,0.0690265687297061,0.166532630851389,0.109751482117162,"SKAP2/MAP2K3/TAB2/PKN2/ROCK1/RPS6KA2/NFATC3/PXN/MAPK1/NFKBIA/NFATC2/ARHGEF7/PIP5K1B/MAPK8/CCL2/MAP2K6/MAPK10/IL2/MAPK14/AKT3/PIK3CA/WIPF3/IL1B/NFATC1/ROCK2/IL6/IL10/TLR4/CASP1/GIT2/PIK3R1/ITGB1/DOCK1/ELMO1/GNAQ/WASF2/NLRP3/CRK/MAP2K1/FOS/TRAF6/RPS6KA3/JUN/MAPK11/ARHGEF12/ARHGEF28/CD8B2",47,47,138
"hsa04659","Organismal Systems","Immune system","hsa04659","Th17 cell differentiation","38/2394","109/8545",0.348623853211009,1.24435707004514,1.60173144581906,0.0696653922094546,0.166906668835152,0.109997987699139,"IFNGR1/RORA/NFATC3/IL4R/JAK2/MAPK1/NFKBIA/NFATC2/AHR/MAPK8/PPP3CB/MAPK10/IL2/MAPK14/IL4/IL1R1/PPP3CC/IL1B/STAT5A/NFATC1/IL6/PPP3CA/SMAD4/RXRG/IL6R/JAK1/IL23R/TGFBR2/STAT6/SMAD3/FOS/STAT5B/SMAD2/JUN/MAPK11/RXRA/PPP3R2/IL1RAP",38,38,109
"hsa00830","Metabolism","Metabolism of cofactors and vitamins","hsa00830","Retinol metabolism","25/2394","68/8545",0.367647058823529,1.31225735908398,1.61274564006097,0.0723878642602352,0.172233194274353,0.113508375173944,"CYP26B1/RETSAT/DHRS9/CYP26A1/CYP3A5/RPE65/LRAT/ALDH1A2/UGT2B28/RDH5/CYP2C9/AOX1/CYP1A1/CYP1A2/CYP3A4/DHRS3/ALDH1A1/ADH6/ALDH1A3/DGAT1/ADH1A/ADH1B/ADH5/ADH4/ADH1C",25,25,68
"hsa05146","Human Diseases","Infectious disease: parasitic","hsa05146","Amoebiasis","36/2394","103/8545",0.349514563106796,1.24753631651945,1.57672041904573,0.073399520521883,0.173444072466094,0.114306391007403,"VCL/LAMC3/LAMA3/LAMC2/ACTN1/CXCL2/COL4A4/LAMB4/LAMB1/CTSG/LAMA1/LAMA4/IL1R1/ARG1/PIK3CA/IL1B/COL4A2/LAMC1/IL6/IL10/TLR4/GNAL/PIK3R1/PRKCA/GNAQ/CD1C/CXCL3/COL4A3/CD14/LAMB2/PLCB1/COL4A1/LAMA2/LAMB3/COL4A6/RAB7B",36,36,103
"hsa04340","Environmental Information Processing","Signal transduction","hsa04340","Hedgehog signaling pathway","21/2394","56/8545",0.375,1.33850250626566,1.58543143405276,0.0781405209872513,0.183310836613124,0.120808972413226,"HHATL/CDON/FBXW11/EVC/GLI2/GRK3/MEGF8/SMURF2/GLI1/PTCH2/CCND2/ARRB1/DHH/BOC/HHIP/KIF7/EVC2/CSNK1A1L/GAS1/MOSMO/PTCH1",21,21,56
"hsa04066","Environmental Information Processing","Signal transduction","hsa04066","HIF-1 signaling pathway","38/2394","110/8545",0.345454545454545,1.23304473304473,1.53466263931101,0.0786376922282385,0.183310836613124,0.120808972413226,"IGF1/IFNGR1/EDN1/MKNK1/TF/ANGPT2/MAPK1/EP300/ANGPT4/FLT1/ALDOC/LDHB/EPAS1/AKT3/TEK/PIK3CA/CDKN1A/PDHA1/IL6/TLR4/ALDOB/RPS6/EGF/ARNT/CAMK2D/PIK3R1/EGFR/CAMK2G/ANGPT1/PRKCA/IL6R/NOS3/LDHAL6A/MAP2K1/PFKFB3/LDHAL6B/NPPA/PLCG2",38,38,110
"hsa04614","Organismal Systems","Endocrine system","hsa04614","Renin-angiotensin system","10/2394","23/8545",0.434782608695652,1.55188696378628,1.65334359807979,0.0813573590718409,0.188377777716679,0.124148283712594,"CMA1/CTSG/LNPEP/ACE2/MAS1/ENPEP/ACE/ANPEP/KLK2/MME",10,10,23
"hsa04977","Organismal Systems","Digestive system","hsa04977","Vitamin digestion and absorption","11/2394","26/8545",0.423076923076923,1.51010539168434,1.62507013165591,0.0832491888742824,0.19147313441085,0.126188244188386,"SCARB1/APOB/FOLH1/CUBN/ABCD4/LRAT/SLC19A3/PLB1/LMBRD1/BTD/TCN2",11,11,26
"hsa04514","Environmental Information Processing","Signaling molecules and interaction","hsa04514","Cell adhesion molecules","53/2394","160/8545",0.33125,1.18234388053467,1.4525111677475,0.0878294133379401,0.200191915461327,0.1319342600752,"SELE/CLDN11/CNTN1/CLDN18/NEO1/ITGA8/SIGLEC1/GLG1/ITGA6/CD40/CD99L2/PTPRS/ITGB8/CLDN15/VSIR/ICAM2/CNTNAP1/NECTIN1/SLITRK3/LRRC4B/CLDN10/ITGA9/NLGN4X/NCAM1/ESAM/ITGB1/JAM2/CLDN8/MPZ/SDC3/CADM3/NFASC/CLDN19/CLDN2/JAM3/SDC2/NLGN1/NEGR1/PTPRM/CD34/SELP/NECTIN3/CDH4/SLITRK4/CDH5/NRXN1/CLDN5/SLITRK2/NLGN3/PDCD1LG2/HLA-E/CD8B2/PECAM1",53,53,160
"hsa00590","Metabolism","Lipid metabolism","hsa00590","Arachidonic acid metabolism","23/2394","63/8545",0.365079365079365,1.30309238705229,1.50631568416267,0.0883108612166326,0.200191915461327,0.1319342600752,"PTGS2/PTGR1/PTGDS/LTA4H/PLA2G4A/EPHX2/PTGIS/PLA2G5/CYP2C9/PTGR2/CYP2U1/HPGDS/PLB1/CYP2C19/GPX4/JMJD7-PLA2G4B/PLAAT3/PTGR3/PLA2G6/PLA2G2A/AKR1C3/PLA2G4B/AKR1C8",23,23,63
"hsa03265","Genetic Information Processing","Information processing in viruses","hsa03265","Virion - Ebolavirus, Lyssavirus and Morbillivirus","6/2394","12/8545",0.5,1.78467000835422,1.69686242524651,0.0887807625089364,0.200191915461327,0.1319342600752,"NGFR/FCGR2B/CD209/CLEC4M/NPC1/NCAM1",6,6,12
"hsa04370","Environmental Information Processing","Signal transduction","hsa04370","VEGF signaling pathway","22/2394","60/8545",0.366666666666667,1.30875800612643,1.49722737457777,0.0902879587904357,0.202268479108444,0.133302796300302,"PTGS2/PXN/MAPK1/NFATC2/PPP3CB/MAPK14/PLA2G4A/AKT3/PPP3CC/PIK3CA/KDR/RAF1/PPP3CA/PIK3R1/PRKCA/NOS3/JMJD7-PLA2G4B/MAP2K1/MAPK11/PPP3R2/PLCG2/PLA2G4B",22,22,60
"hsa03272",NA,NA,"hsa03272","Virion - Hepatitis viruses","18/2394","48/8545",0.375,1.33850250626566,1.46713314102003,0.0980021517678874,0.218133821676911,0.143758674240161,"CLDN11/CLDN18/SCARB1/CLDN15/CD81/LDLR/VPS4A/CLDN10/HSPG2/EGFR/TGOLN2/CLDN8/CLDN19/CLDN2/IST1/CLDN5/DPP4/CHMP1B",18,18,48
"hsa04150","Environmental Information Processing","Signal transduction","hsa04150","mTOR signaling pathway","52/2394","158/8545",0.329113924050633,1.17471949916987,1.38288615127316,0.0992043534896837,0.219394243294493,0.144589341118567,"IGF1/RRAGD/FNIP2/WNT8A/EIF4B/TNFRSF1A/LRP6/RPS6KA2/STRADB/WNT11/MAPK1/SOS2/CAB39L/WDR59/GRB10/WNT5B/SOS1/RRAGC/AKT3/SGK1/PIK3CA/WNT1/CLIP1/RAF1/PRKAA1/LPIN3/WNT2B/LPIN1/CAB39/RPS6/PIK3R1/PRKCA/FLCN/FZD7/DEPTOR/RRAGA/FZD1/BRAF/WNT9B/LRP5/FZD5/RICTOR/TSC1/MAP2K1/IRS1/WNT10B/PTEN/FZD4/RPS6KA3/PRR5/ATP6V1E2/CASTOR2",52,52,158
"hsa04146","Cellular Processes","Transport and catabolism","hsa04146","Peroxisome","29/2394","83/8545",0.349397590361446,1.24711880101861,1.41132863510621,0.100471930173221,0.220782266941155,0.145504102698061,"PEX3/ACSL4/MLYCD/ECH1/PHYH/EHHADH/PECR/SCP2/ABCD4/EPHX2/CAT/HACL1/HSD17B4/BAAT/IDH1/PEX5/NUDT7/HMGCLL1/ACSL1/XDH/ACOX1/PEX19/NUDT13/PEX11A/AGXT/ABCD2/ACSL5/GSTK1/DDO",29,29,83
"hsa04978","Organismal Systems","Digestive system","hsa04978","Mineral absorption","22/2394","61/8545",0.360655737704918,1.28730295684567,1.40483239251972,0.105291489401276,0.229908631920507,0.15151873224967,"ATP1A2/ATP2B4/ATP2B1/CYBRD1/FTL/HEPH/SLC26A3/TF/TRPM7/SLC5A1/SLC8A3/TRPM6/ATP1B2/FXYD2/SLC34A2/STEAP1/ATP7A/MT1E/SLC8A1/MT1X/MT1A/MT1M",22,22,61
"hsa00591","Metabolism","Lipid metabolism","hsa00591","Linoleic acid metabolism","12/2394","30/8545",0.4,1.42773600668338,1.46407707764666,0.106079904272451,0.230173377194941,0.151693209684538,"PLA2G4A/PLA2G5/CYP2C9/CYP1A2/CYP3A4/PLB1/CYP2C19/JMJD7-PLA2G4B/PLAAT3/PLA2G6/PLA2G2A/PLA2G4B",12,12,30
"hsa04640","Organismal Systems","Immune system","hsa04640","Hematopoietic cell lineage","34/2394","100/8545",0.34,1.21357560568087,1.3402062813163,0.110962846676486,0.239263638146172,0.157684045277111,"ITGA3/IL4R/CD59/FLT3LG/ITGA6/IL7/FCER2/CD33/CSF3/IL4/IL5/IL1R1/IL1B/CD36/IL6/IL11RA/KIT/CD1C/IL6R/ITGA2/ANPEP/GP9/CD14/CD34/CSF1R/CSF1/IL3RA/CD55/MME/CSF2RA/CR1/ITGA1/CD8B2/ITGB3",34,34,100
"hsa04927","Organismal Systems","Endocrine system","hsa04927","Cortisol synthesis and secretion","23/2394","65/8545",0.353846153846154,1.26299723668145,1.32779114165496,0.118476731092963,0.25387870948492,0.167315945839032,"CACNA1G/SCARB1/PDE8A/PDE8B/ATF2/CREB1/ITPR2/NR4A1/ADCY4/LDLR/ADCY3/CYP11A1/CREB5/ITPR1/CACNA1C/GNAQ/MRAP/ADCY5/ADCY6/CREB3L2/KCNA4/PLCB1/SP1",23,23,65
"hsa05166","Human Diseases","Infectious disease: viral","hsa05166","Human T-cell leukemia virus 1 infection","71/2394","224/8545",0.316964285714286,1.13135330886741,1.24278812516792,0.122187807794887,0.260214775859482,0.171491660062999,"MAP3K14/ANAPC4/TNFRSF1A/NFATC3/DLG1/NRP1/MAPK1/EP300/NFKBIA/CD40/NFATC2/MAPK8/PPP3CB/MAPK10/IL2/CCND3/SRF/KAT2B/IL1R1/ATF2/AKT3/CREB1/CCND2/EGR1/NFYB/PPP3CC/PIK3CA/EGR2/CDKN2C/CDKN1A/STAT5A/ZFP36/ADCY4/NFATC1/GPS2/IL15RA/ETS1/IL6/MYC/TLN1/ADCY3/PPP3CA/RB1/CRTC3/SMAD4/PIK3R1/CREB5/CDKN2B/ATM/SLC25A4/ETS2/JAK1/MSX1/TGFBR2/IL15/ANAPC16/SMAD3/MAP2K1/FOS/PTEN/TLN2/KAT5/ADCY5/STAT5B/ADCY6/SMAD2/JUN/CREB3L2/PPP3R2/MAP3K3/HLA-E",71,71,224
"hsa00500","Metabolism","Carbohydrate metabolism","hsa00500","Starch and sucrose metabolism","15/2394","40/8545",0.375,1.33850250626566,1.33867315567184,0.123902307425274,0.261417363582427,0.172284212155009,"GYG2/PYGM/PGM1/PYGL/PYGB/GCK/GYS2/GBE1/TREH/G6PC1/G6PC2/UGP2/GANC/AMY2B/MGAM2",15,15,40
"hsa04918","Organismal Systems","Endocrine system","hsa04918","Thyroid hormone synthesis","26/2394","75/8545",0.346666666666667,1.23737120579226,1.28806207062271,0.124267964137733,0.261417363582427,0.172284212155009,"ATP1A2/SLC26A4/TPO/ATF2/CREB1/ITPR2/TTF1/ATP1B2/ADCY4/TSHB/FXYD2/ADCY3/DUOXA2/DUOX2/CREB5/ITPR1/PRKCA/GNAQ/ALB/TSHR/ADCY5/ADCY6/GPX2/CREB3L2/PLCB1/GPX3",26,26,75
"hsa04981",NA,NA,"hsa04981","Folate transport and metabolism","12/2394","31/8545",0.387096774193548,1.38168000646778,1.32810760718003,0.130818658396087,0.27352992210091,0.180266859416618,"FOLH1/MTHFD1/FOLR1/MTR/ABCG2/BHMT2/SLCO2B1/BHMT/FOLR2/SHMT1/DHFR2/SLCO1B3-SLCO1B7",12,12,31
"hsa00360","Metabolism","Amino acid metabolism","hsa00360","Phenylalanine metabolism","7/2394","16/8545",0.4375,1.56158625730994,1.40264327890411,0.131770514050174,0.273860405706686,0.180484660969166,"MAOB/ALDH3A1/AOC3/AOC2/HPD/MAOA/TAT",7,7,16
"hsa04064","Environmental Information Processing","Signal transduction","hsa04064","NF-kappa B signaling pathway","35/2394","105/8545",0.333333333333333,1.18978000556948,1.22065718171437,0.133830896444112,0.275994892201084,0.181891370603918,"CFLAR/MAP3K14/TAB2/TNFRSF1A/CSNK2A2/PTGS2/CXCL2/ERC1/GADD45B/CARD10/NFKBIA/CD40/CXCL12/BIRC2/IL1R1/GADD45A/TNFSF11/TRIM25/IL1B/EDA2R/EDAR/TLR4/CCL21/RIPK1/TNFRSF11A/ATM/LY96/EDA/CXCL3/CD14/MALT1/TRAF6/CCL13/PLCG2/CCL4",35,35,105
"hsa00340","Metabolism","Amino acid metabolism","hsa00340","Histidine metabolism","9/2394","22/8545",0.409090909090909,1.46018455228982,1.34823923549249,0.134397512724006,0.275994892201084,0.181891370603918,"MAOB/ALDH3A2/ASPA/ALDH3A1/ALDH2/ALDH9A1/HNMT/ALDH7A1/MAOA",9,9,22
"hsa04970","Organismal Systems","Digestive system","hsa04970","Salivary secretion","32/2394","97/8545",0.329896907216495,1.17751423231619,1.09688708372778,0.16251941166115,0.331770396586371,0.218649597750286,"ATP1A2/ADRB1/ATP2B4/ATP2B1/NOS1/BST1/ADRA1A/ITPR2/ATP1B2/ADCY4/FXYD2/ADCY3/PRKG2/ITPR1/GUCY1A2/PRKCA/GNAQ/KCNMA1/GUCY1A1/ADRB2/ADRA1B/MUC7/ADCY5/ADCY6/PLCB1/PRKG1/DMBT1/ADRB3/CALM1/RYR3/VAMP2/AMY2B",32,32,97
"hsa00220","Metabolism","Amino acid metabolism","hsa00220","Arginine biosynthesis","9/2394","23/8545",0.391304347826087,1.39669826740765,1.18842912376125,0.168494754357541,0.339945557037144,0.224037346514182,"CPS1/OTC/NOS1/ARG1/ASS1/GLUD1/NOS3/GPT2/GPT",9,9,23
"hsa04964","Organismal Systems","Excretory system","hsa04964","Proximal tubule bicarbonate reclamation","9/2394","23/8545",0.391304347826087,1.39669826740765,1.18842912376125,0.168494754357541,0.339945557037144,0.224037346514182,"MDH1/ATP1A2/SLC4A4/PCK1/ATP1B2/FXYD2/GLUD1/CA4/AQP1",9,9,23
"hsa00430","Metabolism","Metabolism of other amino acids","hsa00430","Taurine and hypotaurine metabolism","7/2394","17/8545",0.411764705882353,1.46972824217406,1.20939276705734,0.172290552668169,0.34374708493973,0.226542701287511,"FMO1/FMO4/FMO2/CDO1/GGT7/BAAT/GADL1",7,7,17
"hsa04216","Cellular Processes","Cell growth and death","hsa04216","Ferroptosis","15/2394","42/8545",0.357142857142857,1.27476429168158,1.11357295866118,0.172371726650937,0.34374708493973,0.226542701287511,"GCLC/GCLM/ACSL4/FTL/TF/SLC39A14/MAP1LC3B/SAT2/ACSL1/GPX4/PRNP/ACSL5/MAP1LC3C/MAP1LC3B2/NCOA4",15,15,42
"hsa04929","Organismal Systems","Endocrine system","hsa04929","GnRH secretion","22/2394","65/8545",0.338461538461538,1.20808431334747,1.05055289350733,0.179934403040838,0.356766488787867,0.235122994899098,"CACNA1G/MAPK1/AKT3/KCNJ5/PIK3CA/ITPR2/RAF1/ARRB1/ESR2/KCNN3/TRPC1/PIK3R1/GNRH1/ITPR1/CACNA1C/PRKCA/GNAQ/HCN1/GPER1/MAP2K1/PLCB1/GABBR1",22,22,65
"hsa04130","Genetic Information Processing","Folding, sorting and degradation","hsa04130","SNARE interactions in vesicular transport","12/2394","33/8545",0.363636363636364,1.29794182425761,1.06977504906259,0.188743762938214,0.37100026258121,0.244503605545512,"VAMP3/STX7/STX1B/VTI1B/STX2/VAMP4/STX11/STX17/VAMP5/STX8/STX19/VAMP2",12,12,33
"hsa04919","Organismal Systems","Endocrine system","hsa04919","Thyroid hormone signaling pathway","39/2394","122/8545",0.319672131147541,1.14101852993139,0.978684087963405,0.189263902070414,0.37100026258121,0.244503605545512,"ATP1A2/MED17/NCOA1/MAPK1/EP300/KAT2B/AKT3/PIK3CA/THRA/ATP1B2/RAF1/NOTCH2/TBC1D4/MYC/FXYD2/PLCE1/PLCZ1/SLCO1C1/NCOR1/RXRG/PIK3R1/SLC16A2/NOTCH1/FOXO1/THRB/PRKCA/RCAN1/PLCD3/CTNNB1/MAP2K1/RCAN2/PLCB1/MED12/RXRA/PLCD1/PLCG2/PLN/NOTCH4/ITGB3",39,39,122
"hsa05145","Human Diseases","Infectious disease: parasitic","hsa05145","Toxoplasmosis","36/2394","112/8545",0.321428571428571,1.14728786251343,0.978824317263685,0.190340253894658,0.371002189794672,0.244504875654155,"IFNGR1/MAP2K3/LAMC3/LAMA3/TAB2/LAMC2/TNFRSF1A/LAMB4/LAMB1/ITGA6/JAK2/MAPK1/NFKBIA/CD40/LAMA1/MAPK8/MAP2K6/MAPK10/BIRC2/MAPK14/LAMA4/GNAI2/AKT3/GNAI1/LDLR/LAMC1/IL10/TLR4/ITGB1/LY96/JAK1/LAMB2/TRAF6/MAPK11/LAMA2/LAMB3",36,36,112
"hsa04975","Organismal Systems","Digestive system","hsa04975","Fat digestion and absorption","15/2394","43/8545",0.348837209302326,1.24511861047969,1.00524007266846,0.199724923587355,0.387107295717064,0.255118766971429,"DGAT2/PLPP1/SCARB1/ACAT1/APOB/PLA2G5/SLC27A1/CD36/MTTP/ABCG8/PLPP3/ABCA1/AGPAT2/DGAT1/PLA2G2A",15,15,43
"hsa04961","Organismal Systems","Excretory system","hsa04961","Endocrine and other factor-regulated calcium reabsorption","18/2394","53/8545",0.339622641509434,1.21222868491985,0.966844997207471,0.205833123363403,0.396717472404324,0.2614522472596,"ATP1A2/ATP2B4/CLTCL1/ATP2B1/SLC8A3/DNM1/ATP1B2/KL/FXYD2/PRKCA/GNAQ/PTH1R/KLK2/BDKRB2/ADCY6/PLCB1/SLC8A1/DNM3",18,18,53
"hsa04211","Organismal Systems","Aging","hsa04211","Longevity regulating pathway","29/2394","90/8545",0.322222222222222,1.1501206720505,0.893150772280971,0.217144167074211,0.416192986892238,0.274287368935845,"IGF1/SESN1/SIRT1/PRKAG2/PPARGC1A/CAMKK2/ATF2/AKT3/CREB1/FOXO3/CAT/PIK3CA/ADCY4/PRKAB2/PPARG/PRKAA1/KL/ADCY3/PIK3R1/CREB5/SESN3/FOXO1/TSC1/IRS1/ADCY5/ADCY6/ADIPOQ/CREB3L2/IRS2",29,29,90
"hsa04962","Organismal Systems","Excretory system","hsa04962","Vasopressin-regulated water reabsorption","15/2394","44/8545",0.340909090909091,1.21682046024151,0.89952123765701,0.228934261220661,0.435811757490625,0.287216901961785,"AVP/DCTN6/CREB1/AVPR2/DYNC1LI2/ADCY3/CREB5/DYNC1I1/AQP4/ADCY6/CREB3L2/DYNC2H1/DYNC1H1/VAMP2/ARHGDIG",15,15,44
"hsa05208","Human Diseases","Cancer: overview","hsa05208","Chemical carcinogenesis - reactive oxygen species","69/2394","227/8545",0.303964757709251,1.08495357336071,0.809291447894623,0.229906492357373,0.435811757490625,0.287216901961785,"MAP3K14/MGST1/HGF/NDUFS1/PLD1/ABL1/GSTT2/MAPK1/SOS2/NFKBIA/MET/AHR/MAPK8/MAPK10/MAPK14/PRKD3/SOS1/NFE2L2/AKT3/FOXO3/EPHX2/CAT/PIK3CA/PLD2/COX4I2/RAF1/GSTM5/EGF/CYP1A1/CYP1A2/UQCRC2/MGST3/ARNT/EPHX1/PIK3R1/EGFR/AKR1C2/SLC25A4/ATP5F1A/BRAF/COX7A1/NDUFS4/MAP2K1/FOS/PTEN/JUN/PTPN11/PRKD1/MAPK11/AKR1C1/COX8C/AKR1C3/MAP3K5/ND6/CYTB/ND2/ND5/COX1/ND3/ND4/ND1/ATP6/COX3/SDHD/ND4L/GSTM2/ATP8/GSTA1/AKR1C8",69,69,227
"hsa00260","Metabolism","Amino acid metabolism","hsa00260","Glycine, serine and threonine metabolism","14/2394","41/8545",0.341463414634146,1.21879903009556,0.876083547369774,0.23752137190314,0.445352572318388,0.29350467008626,"MAOB/DLD/CTH/AOC3/AOC2/DMGDH/BHMT/ALAS2/ALDH7A1/SRR/GLYCTK/AGXT/SHMT1/MAOA",14,14,41
"hsa05033","Human Diseases","Substance dependence","hsa05033","Nicotine addiction","14/2394","41/8545",0.341463414634146,1.21879903009556,0.876083547369774,0.23752137190314,0.445352572318388,0.29350467008626,"GABRP/GABRE/SLC17A7/GABRA4/GRIA3/GABRR1/GABRA2/GRIA4/GABRG1/CHRFAM7A/CHRNA7/GRIN2A/GRIN3A/GRIN2B",14,14,41
"hsa04723","Organismal Systems","Nervous system","hsa04723","Retrograde endocannabinoid signaling","46/2394","149/8545",0.308724832214765,1.10194389777576,0.783137433043981,0.242641998664743,0.451586835911231,0.297613292316784,"NDUFS1/GNB5/PTGS2/MGLL/GABRP/MAPK1/GABRE/SLC17A7/MAPK8/GABRA4/MAPK10/MAPK14/GNAI2/CNR1/KCNJ5/ITPR2/GRIA3/GNG11/GNAI1/ADCY4/DAGLA/ADCY3/GABRR1/ITPR1/CACNA1C/GABRA2/GRIA4/PRKCA/GNAQ/GABRG1/ABHD6/NDUFS4/GNG12/ADCY5/ADCY6/GNG7/PLCB1/MAPK11/GNG2/ND6/ND2/ND5/ND3/ND4/ND1/ND4L",46,46,149
"hsa04080","Environmental Information Processing","Signaling molecules and interaction","hsa04080","Neuroactive ligand-receptor interaction","110/2394","370/8545",0.297297297297297,1.06115514010251,0.750256516361127,0.243464207186924,0.451586835911231,0.297613292316784,"CALCR/TAC1/ADRB1/PTGER3/CALCRL/GLP2R/EDN1/ADCYAP1R1/SCTR/GABRP/P2RX6/CTSG/AVP/OXT/GPR50/GABRE/HTR2A/GRIK5/CRHR2/C5/GABRA4/GLP1R/GHR/NR3C1/VIPR1/TACR1/LEPR/CNR1/OGFRL1/CHRNA2/ADRA1A/HCRTR1/PTGFR/EDN3/GRIA3/C3/THRA/AVPR2/MAS1/RXFP2/TSHB/HRH4/SPX/APLNR/NMBR/EDNRB/LHCGR/LPAR6/SSTR1/PTH2R/GLRA3/GABRR1/VIP/LPAR4/GNRH1/ADM/DRD2/ADRA2A/THRB/GABRA2/CYSLTR2/GRIA4/PTH1R/GABRG1/PGRMC2/HTR4/TSHR/AVPR1A/GALR1/CHRFAM7A/PTGDR/BDKRB2/CHRM1/ADRB2/P2RY1/ADRA1B/ADORA2B/S1PR1/GRIK1/PTGER4/NMUR1/LEP/P2RY14/CHRNA7/HTR1F/LYNX1/OXTR/CHRM2/PENK/UTS2R/P2RY13/GRID1/GRIN2A/DRD1/NPY2R/PAQR9/ADRB3/UTS2B/GRM7/HRH1/NMB/LPAR1/GRIN3A/NPY4R/GABBR1/INSL3/NPY4R2/S1PR2/GRIN2B/ADRA2B",110,110,370
"hsa04915","Organismal Systems","Endocrine system","hsa04915","Estrogen signaling pathway","43/2394","139/8545",0.309352517985612,1.10418432171556,0.7725647796852,0.246813849378456,0.455351754200894,0.300094519931024,"NCOA1/FKBP5/MAPK1/SOS2/HBEGF/GNAI2/SOS1/ATF2/AKT3/CREB1/KCNJ5/PIK3CA/ITPR2/GNAI1/KRT17/ADCY4/RAF1/ADCY3/ESR2/PIK3R1/CREB5/EGFR/SHC3/ITPR1/GNAQ/TGFA/GPER1/NOS3/MAP2K1/FOS/KRT15/KRT13/KRT27/ADCY5/ADCY6/JUN/CREB3L2/PLCB1/SP1/KRT14/CALM1/GABBR1/KRT40",43,43,139
"hsa05100","Human Diseases","Infectious disease: bacterial","hsa05100","Bacterial invasion of epithelial cells","25/2394","78/8545",0.320512820512821,1.1440192361245,0.79711843633662,0.248159803775891,0.455399639907885,0.300126078474762,"VCL/CLTCL1/ARHGAP10/PXN/CAV2/CAV1/MET/DNM1/GAB1/CBL/PIK3CA/SEPTIN11/PIK3R1/SHC3/ITGB1/DOCK1/ELMO1/WASF2/ILK/CRK/CTNNB1/SEPTIN2/CAV3/CTNNA3/DNM3",25,25,78
"hsa05131","Human Diseases","Infectious disease: bacterial","hsa05131","Shigellosis","75/2394","250/8545",0.3,1.07080200501253,0.708805689608255,0.260069315668581,0.474729703204553,0.312865342157692,"CYTH3/RRAGD/VCL/TAB2/TNFRSF1A/ROCK1/ACTN1/FBXW11/PIK3C3/UBE2D4/PXN/MAPK1/RPS6KA5/NFKBIA/MYL9/NOD1/MYL7/MAPK8/MAPK10/MYL2/MAPK14/IL1R1/RRAGC/AKT3/FOXO3/PIK3CA/SEPTIN7/ITPR2/IL1B/C3/ATG14/ROCK2/CALCOCO2/TLR4/TLN1/RIPK1/CASP1/PLCE1/SEPTIN11/PLCZ1/MAP1LC3B/RPS27A/PIK3R1/TNIP1/EGFR/ATM/ITGB1/DOCK1/FOXO1/UBC/ITPR1/CAST/ELMO1/RRAGA/WASF2/PLCD3/NLRP3/ILK/CRK/SEPTIN2/CD14/PRKCE/TLN2/MALT1/TRAF6/JUN/PLCB1/FOXO4/MAPK11/PLCD1/PIK3R4/CASP4/MAP1LC3C/PLCG2/MAP1LC3B2",75,75,250
"hsa04725","Organismal Systems","Nervous system","hsa04725","Cholinergic synapse","36/2394","116/8545",0.310344827586207,1.10772621208193,0.728756071980436,0.263186202514007,0.477890736143854,0.314948585833936,"FYN/GNB5/JAK2/MAPK1/GNAI2/AKT3/CREB1/PIK3CA/ITPR2/KCNJ2/GNG11/GNAI1/ADCY4/ADCY3/CAMK2D/PIK3R1/CREB5/CAMK2G/ITPR1/CACNA1C/PRKCA/GNAQ/CHRFAM7A/CHRM1/MAP2K1/FOS/GNG12/ADCY5/ADCY6/CHRNA7/GNG7/CHRM2/CREB3L2/PLCB1/KCNJ12/GNG2",36,36,116
"hsa05030","Human Diseases","Substance dependence","hsa05030","Cocaine addiction","16/2394","49/8545",0.326530612244898,1.16549878096602,0.724778691676096,0.280774151309665,0.507157498438924,0.33423652071032,"MAOB/GNAI2/ATF2/CREB1/FOSB/GNAI1/CREB5/DRD2/ADCY5/JUN/CREB3L2/GRIN2A/DRD1/MAOA/GRIN3A/GRIN2B",16,16,49
"hsa05321","Human Diseases","Immune disease","hsa05321","Inflammatory bowel disease","21/2394","66/8545",0.318181818181818,1.13569909622541,0.69039308800707,0.285611019972345,0.513207301512808,0.33822357628304,"IFNGR1/RORA/IL4R/IL2/IL4/IL5/IL18R1/IL18RAP/IL1B/NFATC1/IL6/IL10/TLR4/STAT4/IL23R/STAT6/SMAD3/IL13/SMAD2/JUN/MAF",21,21,66
"hsa00592","Metabolism","Lipid metabolism","hsa00592","alpha-Linolenic acid metabolism","9/2394","26/8545",0.346153846153846,1.23554077501446,0.750374892135911,0.289878375928745,0.515628346908707,0.339819139381482,"PLA2G4A/PLA2G5/ACOX1/PLB1/JMJD7-PLA2G4B/PLAAT3/PLA2G6/PLA2G2A/PLA2G4B",9,9,26
"hsa04976","Organismal Systems","Digestive system","hsa04976","Bile secretion","28/2394","90/8545",0.311111111111111,1.11046133853151,0.657195497922,0.290831140475143,0.515628346908707,0.339819139381482,"CFTR/ATP1A2/SCARB1/ABCB11/SCTR/SLC4A4/SLCO1A2/ABCB1/SLC5A1/ABCG2/ATP1B2/ADCY4/LDLR/UGT2B28/BAAT/FXYD2/ADCY3/EPHX1/ABCG8/CYP3A4/CYP7A1/AQP4/ADCY5/ADCY6/SLC51B/RXRA/AQP1/SLCO1B3-SLCO1B7",28,28,90
"hsa04714","Organismal Systems","Environmental adaptation","hsa04714","Thermogenesis","70/2394","235/8545",0.297872340425532,1.06320766455145,0.612947097081186,0.292380497857498,0.515628346908707,0.339819139381482,"COX15/NDUFS1/MAP2K3/ARID1B/ACSL4/RPS6KA2/MGLL/FGFR1/LIPE/SMARCA2/SMARCD3/SOS2/PRKAG2/PPARGC1A/MAPK14/SOS1/ATF2/CREB1/CNR1/KDM3B/NDUFAF4/ADCY4/COX4I2/PRKAB2/PPARG/PRKAA1/KLB/RPS6/ADCY3/PRKG2/SMARCC2/UQCRC2/PRDM16/CREB5/ACSL1/ATP5F1A/COX7A1/NDUFS4/TSC1/PLIN1/ATP5MG/NPR1/ADCY5/ADCY6/NPPA/RPS6KA3/PNPLA2/COX14/SLC25A20/CREB3L2/MAPK11/PRKG1/COX8C/ADRB3/ACSL5/MAP3K5/ND6/CYTB/ND2/ND5/COX1/ND3/ND4/ND1/ATP6/COX3/SDHD/DPF3/ND4L/ATP8",70,70,235
"hsa00512","Metabolism","Glycan biosynthesis and metabolism","hsa00512","Mucin type O-glycan biosynthesis","12/2394","36/8545",0.333333333333333,1.18978000556948,0.711839810787934,0.292936684040888,0.515628346908707,0.339819139381482,"ST6GALNAC1/GALNT16/GALNT12/GALNT8/GALNT15/ST3GAL2/GCNT4/GALNT11/B3GNT3/ST6GALNAC3/GALNT17/C1GALT1C1L",12,12,36
"hsa05160","Human Diseases","Infectious disease: viral","hsa05160","Hepatitis C","48/2394","159/8545",0.30188679245283,1.07753660881764,0.615669678167991,0.296156945667976,0.518650488606353,0.341810848326384,"CFLAR/CLDN11/NR1H3/FAS/PIAS1/CLDN18/TNFRSF1A/SCARB1/MAVS/MAPK1/SOS2/NFKBIA/EIF3E/PPP2CB/CDK6/CLDN15/CD81/SOS1/AKT3/IFNA8/PIK3CA/CDKN1A/LDLR/RAF1/CLDN10/MYC/RIPK1/PPP2R1B/EGF/RB1/IFNAR1/PIK3R1/EGFR/CLDN8/PPP2R2B/BRAF/JAK1/CLDN19/TLR3/CLDN2/CTNNB1/MAP2K1/YWHAG/TRAF6/CLDN5/SOCS3/RXRA/PPARA",48,48,159
"hsa05416","Human Diseases","Cardiovascular disease","hsa05416","Viral myocarditis","22/2394","70/8545",0.314285714285714,1.12179257667979,0.638292607451267,0.301988633915696,0.526192316671288,0.346781206410368,"FYN/NOS1/ABL1/CD40/SNTA1/LAMA1/SGCG/CAV1/SGCA/SSPN/SGCE/DTNA/SGCB/SNTB2/SGCD/SNTB1/CAV3/SGCZ/CD55/LAMA2/DMD/HLA-E",22,22,70
"hsa04726","Organismal Systems","Nervous system","hsa04726","Serotonergic synapse","35/2394","115/8545",0.304347826086957,1.08632087465039,0.581394333216434,0.312712722116449,0.542140146382788,0.357291446586369,"MAOB/GNB5/PTGS2/RAPGEF3/MAPK1/HTR2A/GNAI2/PLA2G4A/DUSP1/KCNJ5/ITPR2/GNG11/GNAI1/RAF1/CYP2C9/APP/TRPC1/ITPR1/CACNA1C/PRKCA/GNAQ/BRAF/HTR4/CYP2C19/JMJD7-PLA2G4B/MAP2K1/GNG12/ADCY5/GNG7/HTR3C/HTR1F/PLCB1/GNG2/MAOA/PLA2G4B",35,35,115
"hsa04662","Organismal Systems","Immune system","hsa04662","B cell receptor signaling pathway","28/2394","91/8545",0.307692307692308,1.09825846667952,0.587867412567555,0.314416394751418,0.542368280946196,0.357441796138454,"FCGR2B/NFATC3/MAPK1/SOS2/NFKBIA/NFATC2/LILRA1/LILRB5/PPP3CB/CD81/SOS1/AKT3/PPP3CC/PIK3CA/NFATC1/RAF1/PPP3CA/PIK3R1/RASGRP3/BANK1/INPP5D/MAP2K1/FOS/MALT1/JUN/PPP3R2/PLCG2/LILRA6",28,28,91
"hsa04974","Organismal Systems","Digestive system","hsa04974","Protein digestion and absorption","32/2394","105/8545",0.304761904761905,1.08779886223495,0.564718666815558,0.320052211615994,0.54736614306934,0.360735581702448,"ATP1A2/COL23A1/COL17A1/COL4A4/CPA1/SLC8A3/COL7A1/XPNPEP2/COL21A1/ATP1B2/ACE2/SLC38A2/COL4A2/FXYD2/CPA2/COL4A3/KCNE3/SLC8A1/SLC36A3/SLC36A2/COL4A1/COL14A1/COL25A1/MME/COL4A6/DPP4/COL15A1/COL6A6/COL28A1/CELA2B/PGA3/PGA5",32,32,105
"hsa05417","Human Diseases","Cardiovascular disease","hsa05417","Lipid and atherosclerosis","64/2394","216/8545",0.296296296296296,1.05758222717287,0.534735149679327,0.320486843188425,0.54736614306934,0.360735581702448,"SELE/FAS/MAP2K3/TAB2/TNFRSF1A/NFATC3/CXCL2/APOB/JAK2/MAPK1/NCF4/NFKBIA/CD40/NFATC2/MAPK8/PPP3CB/CCL2/MAP2K6/MAPK10/MAPK14/NFE2L2/RAP1A/AKT3/IFNA8/PPP3CC/PIK3CA/IL1B/RAP1B/LDLR/NFATC1/PPARG/ROCK2/CD36/IL6/TANK/TLR4/CASP1/CYP2C9/PPP3CA/CYP1A1/RXRG/CAMK2D/PIK3R1/VLDLR/CAMK2G/ITPR1/PRKCA/LY96/NLRP3/CXCL3/NOS3/ABCA1/FOS/CD14/SELP/TRAF6/JUN/PLCB1/MAPK11/RXRA/PPP3R2/MAP3K5/CALM1/CCL3",64,64,216
"hsa04930","Human Diseases","Endocrine and metabolic disease","hsa04930","Type II diabetes mellitus","15/2394","47/8545",0.319148936170213,1.13915106916227,0.596756203737329,0.325418599908693,0.551339080227799,0.363353901843492,"CACNA1G/MAPK1/GCK/MAPK8/MAPK10/SOCS2/PIK3CA/PIK3R1/CACNA1C/IRS1/PRKCE/ADIPOQ/SLC2A4/SOCS3/IRS2",15,15,47
"hsa04657","Organismal Systems","Immune system","hsa04657","IL-17 signaling pathway","29/2394","95/8545",0.305263157894737,1.08958800510047,0.547776180652731,0.327785307431005,0.551339080227799,0.363353901843492,"TAB2/TRAF3IP2/PTGS2/CXCL2/MAPK1/NFKBIA/MAPK8/CSF3/CCL2/MAPK10/MAPK14/IL4/IL5/CXCL6/IL1B/FOSB/IL17B/JUND/IL6/USP25/CXCL3/IL25/IL13/FOS/IL17D/TRAF6/JUN/IL17RA/MAPK11",29,29,95
"hsa05120","Human Diseases","Infectious disease: bacterial","hsa05120","Epithelial cell signaling in Helicobacter pylori infection","22/2394","71/8545",0.309859154929577,1.1059926812336,0.559474957895743,0.329205363846164,0.551339080227799,0.363353901843492,"MAP3K14/ATP6V0A1/CXCL2/NFKBIA/TJP1/MET/NOD1/PTPRZ1/MAPK8/MAPK10/MAPK14/HBEGF/EGFR/JAM2/CXCL3/JAM3/JUN/PTPN11/CXCR2/MAPK11/PLCG2/ATP6V1E2",22,22,71
"hsa05230","Human Diseases","Cancer: overview","hsa05230","Central carbon metabolism in cancer","22/2394","71/8545",0.309859154929577,1.1059926812336,0.559474957895743,0.329205363846164,0.551339080227799,0.363353901843492,"FGFR1/MAPK1/MET/GCK/LDHB/PDGFRB/AKT3/PIK3CA/PDHA1/RAF1/PDGFRA/MYC/IDH1/NTRK3/SIRT3/PIK3R1/EGFR/KIT/LDHAL6A/MAP2K1/PTEN/LDHAL6B",22,22,71
"hsa00450","Metabolism","Metabolism of other amino acids","hsa00450","Selenocompound metabolism","6/2394","17/8545",0.352941176470588,1.25976706472063,0.668813115725805,0.333329477276168,0.555549128793614,0.366128487625997,"SEPSECS/CTH/MTR/KYAT3/TXNRD3/INMT",6,6,17
"hsa04144","Cellular Processes","Transport and catabolism","hsa04144","Endocytosis","74/2394","252/8545",0.293650793650794,1.04813952871597,0.483911676274821,0.336957573962378,0.558895976043368,0.368334190161304,"CYTH3/EHD3/EHD2/SNX1/NEDD4L/NEDD4/CLTCL1/PLD1/EPS15/SNX5/SH3GLB1/WASHC2A/GRK3/EEA1/EHD4/CAV2/CAV1/DNM1/PIP5K1B/RAB11FIP2/SMURF2/FOLR1/CBL/SNX3/ACAP2/CBLB/CHMP3/ARAP3/IQSEC3/WASHC3/WIPF3/PLD2/LDLR/RBSN/VPS4A/SPART/PDGFRA/WASHC4/VPS36/BIN1/ARRB1/USP8/GIT2/PML/IQSEC1/PSD2/EGFR/SH3KBP1/PARD3/DAB2/ZFYVE9/AGAP1/TGFBR2/FOLR2/SMAD3/WASHC2C/TRAF6/SMAD2/CAPZA3/PARD6G/CXCR2/RNF41/IST1/CAV3/MVB12B/IGF2R/DNM3/GRK5/CAPZA2/RUFY2/AGAP9/HLA-E/SNX2/CHMP1B",74,74,252
"hsa00980","Metabolism","Xenobiotics biodegradation and metabolism","hsa00980","Metabolism of xenobiotics by cytochrome P450","24/2394","79/8545",0.30379746835443,1.08435646077218,0.469907734386151,0.359509158917028,0.593448133140549,0.391105405822604,"MGST1/GSTT2/CYP3A5/ALDH3A1/HSD11B1/GSTM5/UGT2B28/CYP2C9/CYP1A1/CYP1A2/MGST3/EPHX1/CYP3A4/HPGDS/ADH6/AKR1C1/ADH1A/ADH1B/GSTK1/ADH5/ADH4/GSTM2/GSTA1/ADH1C",24,24,79
"hsa04911","Organismal Systems","Endocrine system","hsa04911","Insulin secretion","26/2394","86/8545",0.302325581395349,1.07910279574906,0.459940206271234,0.361527221519397,0.593937578210438,0.391427969163858,"ATP1A2/ADCYAP1R1/RAPGEF4/GCK/GLP1R/ATF2/CREB1/ATP1B2/ADCY4/FXYD2/ADCY3/KCNN3/CAMK2D/KCNMB1/CREB5/CAMK2G/CACNA1C/PRKCA/GNAQ/KCNMA1/ADCY5/ADCY6/CREB3L2/PLCB1/KCNMB2/VAMP2",26,26,86
"hsa04213","Organismal Systems","Aging","hsa04213","Longevity regulating pathway - multiple species","19/2394","62/8545",0.306451612903226,1.09383000512033,0.462575557207948,0.367393611984181,0.599403672565471,0.395030337983651,"IGF1/SIRT1/PRKAG2/CRYAB/AKT3/FOXO3/CAT/PIK3CA/ADCY4/PRKAB2/PRKAA1/ADCY3/PIK3R1/EIF4EBP2/FOXO1/IRS1/ADCY5/ADCY6/IRS2",19,19,62
"hsa04960","Organismal Systems","Excretory system","hsa04960","Aldosterone-regulated sodium reabsorption","12/2394","38/8545",0.31578947368421,1.12716000527635,0.490087864318994,0.369773013672707,0.599403672565471,0.395030337983651,"IGF1/ATP1A2/NEDD4L/MAPK1/SGK1/PIK3CA/ATP1B2/FXYD2/PIK3R1/NR3C2/PRKCA/IRS1",12,12,38
"hsa00532","Metabolism","Glycan biosynthesis and metabolism","hsa00532","Glycosaminoglycan biosynthesis - chondroitin sulfate / dermatan sulfate","7/2394","21/8545",0.333333333333333,1.18978000556948,0.54319806129842,0.370066615236073,0.599403672565471,0.395030337983651,"XYLT1/DSE/UST/CHST3/CHST7/CSGALNACT1/DSEL",7,7,21
"hsa04971","Organismal Systems","Digestive system","hsa04971","Gastric acid secretion","23/2394","76/8545",0.302631578947368,1.0801950050565,0.438084490552835,0.372112872703352,0.599901593844189,0.395358487476262,"CFTR/ATP1A2/MYLK/ATP4A/GNAI2/ITPR2/KCNJ2/GNAI1/ATP1B2/ADCY4/ADCY3/CAMK2D/MYLK4/SLC26A7/CAMK2G/ITPR1/KCNJ16/PRKCA/GNAQ/ADCY5/ADCY6/PLCB1/CALM1",23,23,76
"hsa00270","Metabolism","Amino acid metabolism","hsa00270","Cysteine and methionine metabolism","16/2394","52/8545",0.307692307692308,1.09825846667952,0.443364505550292,0.378751468764926,0.606650782911345,0.399806465625783,"GCLC/MDH1/GCLM/MAT2B/LDHB/CTH/MTR/CDO1/BHMT2/KYAT3/BHMT/APIP/LDHAL6A/LDHAL6B/ADI1/TAT",16,16,52
"hsa00790","Metabolism","Metabolism of cofactors and vitamins","hsa00790","Folate biosynthesis","9/2394","28/8545",0.321428571428571,1.14728786251343,0.486992733424797,0.380495386058716,0.606650782911345,0.399806465625783,"AKR1B1/MOCS1/ALPL/MOCS2/GPHN/DHFR2/AKR1C3/AKR1B15/AKR1C8",9,9,28
"hsa00480","Metabolism","Metabolism of other amino acids","hsa00480","Glutathione metabolism","18/2394","59/8545",0.305084745762712,1.08895119153817,0.427706737401875,0.381574550410904,0.606650782911345,0.399806465625783,"GCLC/MGST1/GCLM/GSTT2/LANCL1/PRDX6/GGT7/GSTM5/IDH1/MGST3/HPGDS/ANPEP/GPX4/GPX2/GSTK1/GPX3/GSTM2/GSTA1",18,18,59
"hsa04260","Organismal Systems","Circulatory system","hsa04260","Cardiac muscle contraction","26/2394","87/8545",0.298850574712644,1.06669931533815,0.39009195268156,0.387474681332614,0.613205344310788,0.404126176570954,"ATP1A2/SLC8A3/MYL2/CASQ2/ATP1B2/HRC/COX4I2/FXYD2/TPM1/UQCRC2/CACNA1C/CACNA2D1/ACTC1/MYL3/COX7A1/CACNG2/CACNB4/SLC8A1/TRDN/COX8C/ASPH/TPM2/SLC9A6/CYTB/COX1/COX3",26,26,87
"hsa00061","Metabolism","Lipid metabolism","hsa00061","Fatty acid biosynthesis","6/2394","18/8545",0.333333333333333,1.18978000556948,0.502815208828064,0.391301979450953,0.61363264959354,0.404407787375148,"ACSL4/ACACB/MECR/ACSBG2/ACSL1/ACSL5",6,6,18
"hsa04980","Organismal Systems","Digestive system","hsa04980","Cobalamin transport and metabolism","6/2394","18/8545",0.333333333333333,1.18978000556948,0.502815208828064,0.391301979450953,0.61363264959354,0.404407787375148,"MTR/ABCD4/MMAB/MMUT/LMBRD1/TCN2",6,6,18
"hsa00140","Metabolism","Lipid metabolism","hsa00140","Steroid hormone biosynthesis","19/2394","63/8545",0.301587301587302,1.07646762408667,0.380030599292283,0.398120417631422,0.621500199469868,0.40959280880394,"HSD17B2/STS/CYP3A5/HSD11B1/AKR1D1/UGT2B28/CYP11A1/CYP1A1/CYP1A2/HSD17B12/AKR1C2/CYP3A4/CYP7A1/CYP7B1/AKR1C1/AKR1C3/HSD17B11/AKR1C8/DHRS11",19,19,63
"hsa00052","Metabolism","Carbohydrate metabolism","hsa00052","Galactose metabolism","10/2394","32/8545",0.3125,1.11541875522139,0.408065508662607,0.40590802232352,0.627974294626073,0.413859489364552,"PGM1/AKR1B1/GCK/G6PC1/G6PC2/UGP2/GALT/GANC/AKR1B15/MGAM2",10,10,32
"hsa04136","Cellular Processes","Transport and catabolism","hsa04136","Autophagy - other","10/2394","32/8545",0.3125,1.11541875522139,0.408065508662607,0.40590802232352,0.627974294626073,0.413859489364552,"GABARAPL2/ATG2B/PIK3C3/IGBP1/PPP2CB/ATG4C/GABARAPL1/ATG10/PIK3R4/ATG9A",10,10,32
"hsa00670","Metabolism","Metabolism of cofactors and vitamins","hsa00670","One carbon pool by folate","12/2394","39/8545",0.307692307692308,1.09825846667952,0.383671399627317,0.409177243866516,0.630035207281384,0.415217710977205,"MAT2B/DLD/MTHFD1/CTH/MTR/DMGDH/BHMT2/ALDH1L1/BHMT/ALDH7A1/SHMT1/DHFR2",12,12,39
"hsa04620","Organismal Systems","Immune system","hsa04620","Toll-like receptor signaling pathway","32/2394","109/8545",0.293577981651376,1.04787963793275,0.313845315288616,0.412510143870434,0.630035207281384,0.415217710977205,"MAP2K3/TAB2/MAPK1/NFKBIA/CD40/MAPK8/MAP3K8/MAP2K6/MAPK10/MAPK14/AKT3/IFNA8/PIK3CA/IL1B/IL6/TLR4/RIPK1/IFNAR1/PIK3R1/LY96/JAK1/TLR3/MAP2K1/FOS/CD14/TLR1/TRAF6/JUN/MAPK11/TLR9/CCL4/CCL3",32,32,109
"hsa04814","Cellular Processes","Cell motility","hsa04814","Motor proteins","57/2394","197/8545",0.289340101522843,1.03275320280396,0.290145271037198,0.412718715494472,0.630035207281384,0.415217710977205,"DNAH9/TUBG2/MYO16/KIF1B/KIF26A/MYO9A/TUBE1/MYH7B/TUBB1/MYL9/TNNC2/DCTN6/MYL7/ACTA2/MYH1/MYH3/MYL2/DNAH1/ACTR1B/DNAH6/KIF17/KIF25/MYH2/KLC1/KIF1C/TNNT3/ACTR10/MYH10/MYH11/DYNC1LI2/KIF13A/TUBB2A/TUBB2B/TPM1/KIFC3/DYNLT5/DYNC1I1/ACTC1/STARD9/MYL3/ACTG2/KIF7/TUBA1A/HOOK3/MYO7B/MYO1H/TUBB6/CAPZA3/DYNC2H1/KIF19/MYO18A/DYNC1H1/MYO5A/MYO1C/TPM2/CAPZA2/MYO15B",57,57,197
"hsa04972","Organismal Systems","Digestive system","hsa04972","Pancreatic secretion","31/2394","106/8545",0.292452830188679,1.04386358979209,0.28348588505915,0.424783396067404,0.645595910322706,0.42547281961771,"CFTR/CLCA1/CLCA4/ATP1A2/ATP2B4/ATP2B1/SCTR/SLC4A4/SLC26A3/CPA1/BST1/RAP1A/ITPR2/RAP1B/PLA2G5/ATP1B2/ADCY4/FXYD2/ADCY3/TRPC1/ITPR1/PRKCA/GNAQ/KCNMA1/CPA2/ADCY5/ADCY6/PLCB1/PLA2G2A/CELA2B/AMY2B",31,31,106
"hsa04727","Organismal Systems","Nervous system","hsa04727","GABAergic synapse","26/2394","89/8545",0.292134831460674,1.04272854420696,0.252784500642619,0.440056991204433,0.665875710375129,0.438837996768964,"GABARAPL2/GNB5/GABRP/GABRE/GABRA4/GNAI2/TRAK2/GNG11/GNAI1/ADCY4/SLC38A2/ADCY3/GABARAPL1/GABRR1/CACNA1C/GABRA2/PRKCA/GABRG1/GPHN/GNG12/ADCY5/HAP1/ADCY6/GNG7/GNG2/GABBR1",26,26,89
"hsa00230","Metabolism","Nucleotide metabolism","hsa00230","Purine metabolism","37/2394","128/8545",0.2890625,1.03176234857978,0.225870107344684,0.444111014916061,0.668548557934766,0.440599507288816,"PDE8A/NT5C2/PGM1/PDE8B/PDE1A/AMPD1/NT5C1A/GDA/PDE1B/PDE11A/ADCY4/NT5E/ADCY3/PDE5A/AK3/ALLC/PDE3B/GUCY1A2/AK5/PDE1C/XDH/NPR2/PDE9A/AK4/GUCY1A1/NPR1/ADPRM/PDE7B/PDE3A/ADCY5/ADCY6/URAD/PDE4B/ADSS1/PDE2A/FHIT/NUDT16",37,37,128
"hsa00130","Metabolism","Metabolism of cofactors and vitamins","hsa00130","Ubiquinone and other terpenoid-quinone biosynthesis","4/2394","12/8545",0.333333333333333,1.18978000556948,0.410402534932302,0.445699038623177,0.668548557934766,0.440599507288816,"GGCX/HPD/VKORC1L1/TAT",4,4,12
"hsa00563","Metabolism","Glycan biosynthesis and metabolism","hsa00563","Glycosylphosphatidylinositol (GPI)-anchor biosynthesis","9/2394","30/8545",0.3,1.07080200501253,0.242344789708114,0.472611701832065,0.705848645593344,0.465181716088978,"PIGV/PIGB/PIGL/GPLD1/PIGZ/PIGK/PGAP4/PIGP/PGAP1",9,9,30
"hsa00541","Metabolism","Glycan biosynthesis and metabolism","hsa00541","Biosynthesis of various nucleotide sugars","5/2394","16/8545",0.3125,1.11541875522139,0.288275112083821,0.479407678407794,0.712912280390901,0.469836926207276,"TGDS/CYB5R3/GNE/UGP2/CYB5RL",5,5,16
"hsa04210","Cellular Processes","Cell growth and death","hsa04210","Apoptosis","39/2394","137/8545",0.284671532846715,1.01608949380751,0.118433930448859,0.485569164445997,0.718975801432913,0.473833022454643,"CASP10/CFLAR/MAP3K14/FAS/PARP3/TNFRSF1A/GADD45B/MAPK1/NFKBIA/PARP4/MAPK8/SEPTIN4/MAPK10/BIRC2/GADD45A/AKT3/TP53AIP1/PIK3CA/ITPR2/RAF1/NGF/DAB2IP/RIPK1/MCL1/PIK3R1/ATM/ITPR1/DFFA/PTPN13/TUBA1A/MAP2K1/FOS/CTSF/JUN/IL3RA/MAP3K5/SPTAN1/CASP12/CTSO",39,39,137
"hsa05219","Human Diseases","Cancer: specific types","hsa05219","Bladder cancer","12/2394","41/8545",0.292682926829268,1.04468488293905,0.178920769173209,0.487930381195693,0.719384536378265,0.474102394684074,"DAPK2/MAPK1/RPS6KA5/HBEGF/CDKN1A/RAF1/MYC/EGF/RB1/EGFR/BRAF/MAP2K1",12,12,41
"hsa00100","Metabolism","Lipid metabolism","hsa00100","Steroid biosynthesis","6/2394","20/8545",0.3,1.07080200501253,0.1977576031972,0.505554408924211,0.742196898207884,0.48913662856721,"FDFT1/LIPA/SC5D/TM7SF2/LSS/SOAT2",6,6,20
"hsa04666","Organismal Systems","Immune system","hsa04666","Fc gamma R-mediated phagocytosis","28/2394","99/8545",0.282828282828283,1.00951030775592,0.0593753878001528,0.514739946650192,0.752480006755577,0.495913597129534,"GAB2/PLPP1/FCGR2B/PLD1/MAPK1/PIP5K1B/PLA2G4A/AKT3/PIK3CA/PLD2/RAF1/WASF3/BIN1/PIK3R1/GSN/DOCK1/PRKCA/WASF2/PLPP3/CFL2/CRK/INPP5D/JMJD7-PLA2G4B/MAP2K1/PRKCE/PLA2G6/PLCG2/PLA2G4B",28,28,99
"hsa00030","Metabolism","Carbohydrate metabolism","hsa00030","Pentose phosphate pathway","9/2394","31/8545",0.290322580645161,1.03626000485084,0.126171629277747,0.517695065119813,0.75252476001842,0.495943091270721,"TKTL1/H6PD/PGM1/ALDOC/RGN/ALDOB/IDNK/TKT/GLYCTK",9,9,31
"hsa05130","Human Diseases","Infectious disease: bacterial","hsa05130","Pathogenic Escherichia coli infection","57/2394","203/8545",0.280788177339901,1.00222847759794,0.0200466140067161,0.519133022853287,0.75252476001842,0.495943091270721,"CYTH3/FYN/CLDN11/FAS/TAB2/CLDN18/TNFRSF1A/ROCK1/PAK3/ABL1/MAPK1/NFKBIA/TUBB1/TJP1/CLDN15/MAPK8/MAPK10/MAPK14/IL1R1/WIPF3/IL1B/WASF3/MYH10/MYH11/ROCK2/CLDN10/IL6/TLR4/TUBB2A/RIPK1/TUBB2B/CASP1/SEC24B/GNA12/LPAR4/ITGB1/CLDN8/NCK1/WASF2/NLRP3/CLDN19/CLDN2/TUBA1A/FOS/MYO1H/TRAF6/TUBB6/JUN/PTPN11/CLDN5/MAPK11/ARHGEF12/CASP4/MYO5A/MYO1C/LPAR1/CYFIP1",57,57,203
"hsa05204","Human Diseases","Cancer: overview","hsa05204","Chemical carcinogenesis - DNA adducts","20/2394","71/8545",0.28169014084507,1.00544789203055,0.0287563172186644,0.53374957206828,0.77047532369689,0.507773211040513,"MGST1/CYP3A43/PTGS2/GSTT2/CYP3A5/HSD11B1/GSTM5/UGT2B28/CYP2C9/CYP1A1/CYP1A2/MGST3/EPHX1/AKR1C2/CYP3A4/HPGDS/CYP2C19/GSTK1/GSTM2/GSTA1",20,20,71
"hsa00910","Metabolism","Energy metabolism","hsa00910","Nitrogen metabolism","5/2394","17/8545",0.294117647058824,1.04980588726719,0.128233464394269,0.540273595545971,0.773420707316846,0.509714333426206,"CPS1/GLUD1/CA3/CA4/CA5B",5,5,17
"hsa03273",NA,NA,"hsa03273","Virion - Lassa virus and SFTS virus","5/2394","17/8545",0.294117647058824,1.04980588726719,0.128233464394269,0.540273595545971,0.773420707316846,0.509714333426206,"CD209/CLEC4M/MYH10/MYH11/PCDH9",5,5,17
"hsa00330","Metabolism","Amino acid metabolism","hsa00330","Arginine and proline metabolism","14/2394","50/8545",0.28,0.999415204678363,-0.00258718228902199,0.554725465189994,0.790827625994,0.521186169991469,"MAOB/ALDH3A2/NOS1/ALDH2/ARG1/L3HYPDH/CKMT2/SAT2/ALDH9A1/ALDH4A1/NOS3/ALDH7A1/MAOA/HOGA1",14,14,50
"hsa05310","Human Diseases","Immune disease","hsa05310","Asthma","9/2394","32/8545",0.28125,1.00387687969925,0.0137067921367108,0.561437820996623,0.797103079192736,0.525321937774618,"CD40/IL4/IL5/EPX/IL10/IL13/RNASE3/FCER1A/PRG2",9,9,32
"hsa05134","Human Diseases","Infectious disease: bacterial","hsa05134","Legionellosis","15/2394","56/8545",0.267857142857143,0.956073218761189,-0.205738210157042,0.631309141354161,0.892629728554039,0.588277715843394,"CLK1/SAR1A/CXCL2/BCL2L13/NFKBIA/CLK4/IL1B/C3/IL6/TLR4/CASP1/EEF1A1/CXCL3/CD14/CR1",15,15,56
"hsa00604","Metabolism","Glycan biosynthesis and metabolism","hsa00604","Glycosphingolipid biosynthesis - ganglio series","4/2394","15/8545",0.266666666666667,0.951824004455583,-0.116498850804359,0.642313140940696,0.898488811775107,0.592139079613801,"ST8SIA1/ST3GAL5/ST3GAL2/ST6GALNAC3",4,4,15
"hsa00730","Metabolism","Metabolism of cofactors and vitamins","hsa00730","Thiamine metabolism","4/2394","15/8545",0.266666666666667,0.951824004455583,-0.116498850804359,0.642313140940696,0.898488811775107,0.592139079613801,"AK5/AK4/ALPL/TPK1",4,4,15
"hsa01230","Metabolism","Global and overview maps","hsa01230","Biosynthesis of amino acids","20/2394","75/8545",0.266666666666667,0.951824004455583,-0.261420387397617,0.645870218319498,0.898488811775107,0.592139079613801,"TKTL1/CPS1/OTC/MAT2B/CS/ACO2/ALDOC/CTH/MTR/ARG1/ACO1/ASS1/ALDOB/IDH1/TKT/GPT2/IDH3A/GPT/PC/SHMT1",20,20,75
"hsa04115","Cellular Processes","Cell growth and death","hsa04115","p53 signaling pathway","20/2394","75/8545",0.266666666666667,0.951824004455583,-0.261420387397617,0.645870218319498,0.898488811775107,0.592139079613801,"IGF1/FAS/AIFM2/SESN1/GADD45B/CDK6/CCND3/CCNG1/GADD45A/CCND2/TP53AIP1/CDKN1A/DDB2/IGFBP3/SESN3/ATM/RCHY1/PTEN/ZMAT3/SERPINB5",20,20,75
"hsa05140","Human Diseases","Infectious disease: parasitic","hsa05140","Leishmaniasis","21/2394","79/8545",0.265822784810127,0.94881190317566,-0.285143335626949,0.653716427078023,0.90575167607196,0.596925589722482,"IFNGR1/TAB2/PTGS2/JAK2/MAPK1/NCF4/NFKBIA/MAPK14/IL4/IL1B/C3/IL10/TLR4/ITGB1/EEF1A1/JAK1/FOS/TRAF6/JUN/MAPK11/CR1",21,21,79
"hsa03083","Genetic Information Processing","Chromosome","hsa03083","Polycomb repressive complex","22/2394","83/8545",0.265060240963855,0.94609012491067,-0.307886531154057,0.661211559153117,0.912471951631302,0.601354512745572,"SCMH1/SCML1/UBE2D4/CBX7/EP300/EZH1/PHC1/PHF1/AEBP2/ASXL3/ASXL2/OGT/L3MBTL4/USP16/PCGF6/ASXL1/MGA/PCGF5/CBX6/L3MBTL1/L3MBTL3/MBD5",22,22,83
"hsa04932","Human Diseases","Endocrine and metabolic disease","hsa04932","Non-alcoholic fatty liver disease","42/2394","157/8545",0.267515923566879,0.954855291093977,-0.356161770615113,0.668381487890082,0.918691686542145,0.605453560009469,"MLXIPL/NDUFS1/NR1H3/FAS/TNFRSF1A/PRKAG2/MAPK8/MLX/MAPK10/MAPK14/LEPR/AKT3/PIK3CA/IL1B/COX4I2/PRKAB2/PPARG/PRKAA1/IL6/UQCRC2/PIK3R1/IL6R/COX7A1/NDUFS4/IRS1/FOS/LEP/MLXIP/JUN/ADIPOQ/SOCS3/MAPK11/IRS2/RXRA/PPARA/COX8C/MAP3K5/CYTB/COX1/COX3/SDHD/CEBPA",42,42,157
"hsa04672","Organismal Systems","Immune system","hsa04672","Intestinal immune network for IgA production","13/2394","50/8545",0.26,0.928028404344194,-0.318408220284664,0.676385907801715,0.9260045166333,0.610272999520344,"MAP3K14/CD40/CXCL12/IL2/IL4/IL5/IL15RA/IL6/IL10/CCL28/PIGR/IL15/CCR10",13,13,50
"hsa05170","Human Diseases","Infectious disease: viral","hsa05170","Human immunodeficiency virus 1 infection","57/2394","213/8545",0.267605633802817,0.955175497429019,-0.413285795741913,0.685167859095925,0.934319807858079,0.615753099915622,"FAS/TNFRSF1B/MAP2K3/TAB2/TNFRSF1A/GNB5/NFATC3/FBXW11/PAK3/PXN/MAPK1/NFKBIA/NFATC2/SAMHD1/PAK5/MAPK8/PPP3CB/MAP2K6/MAPK10/MAPK14/GNAI2/AKT3/IFNA8/PPP3CC/PIK3CA/ITPR2/GNG11/GNAI1/NFATC1/RAF1/TRIM5/TLR4/RIPK1/PPP3CA/PIK3R1/ATM/ITPR1/PRKCA/GNAQ/CFL2/CUL5/WEE1/CRK/MAP2K1/FOS/GNG12/TRAF6/GNG7/JUN/MAPK11/GNG2/PPP3R2/PLCG2/CALM1/HLA-E/WEE2/APOBEC3C",57,57,213
"hsa00534","Metabolism","Glycan biosynthesis and metabolism","hsa00534","Glycosaminoglycan biosynthesis - heparan sulfate / heparin","6/2394","24/8545",0.25,0.892335004177109,-0.32949945109744,0.702519610411803,0.954209707055402,0.628861317235597,"HS3ST1/EXTL3/NDST1/XYLT1/HS3ST2/EXTL2",6,6,24
"hsa00601","Metabolism","Glycan biosynthesis and metabolism","hsa00601","Glycosphingolipid biosynthesis - lacto and neolacto series","7/2394","28/8545",0.25,0.892335004177109,-0.35598364804282,0.706718138959172,0.956148070356527,0.630138774056476,"ST3GAL6/ST8SIA1/B3GALT1/ABO/B3GNT5/B3GNT3/FUT4",7,7,28
"hsa05415","Human Diseases","Cardiovascular disease","hsa05415","Diabetic cardiomyopathy","54/2394","205/8545",0.263414634146341,0.94021639464515,-0.540500172576862,0.729824613798904,0.983552702189929,0.648199492518763,"PDK4/PDK2/NDUFS1/MPC1/CMA1/NCF4/MAPK8/MAPK10/GYS2/MAPK14/AKT3/PIK3CA/COX4I2/GFPT2/PDHA1/CD36/TBC1D4/UQCRC2/CAMK2D/PIK3R1/CAMK2G/SLC25A4/ATP5F1A/PRKCA/ACE/COX7A1/TGFBR2/NDUFS4/NOS3/SMAD3/IRS1/PTEN/SMAD2/SLC2A4/PLCB1/MAPK11/SP1/PPARA/COX8C/PLN/ND6/CYTB/ND2/ND5/COX1/ND3/ND4/ND1/ATP6/COX3/SDHD/ND4L/PPP1CB/ATP8",54,54,205
"hsa01524","Human Diseases","Drug resistance: antineoplastic","hsa01524","Platinum drug resistance","19/2394","75/8545",0.253333333333333,0.904232804232804,-0.519667463734338,0.738095493764294,0.989705040420711,0.652254122748661,"MGST1/REV3L/FAS/GSTT2/MAPK1/BIRC2/MSH3/AKT3/PIK3CA/CDKN1A/GSTM5/XPA/MGST3/PIK3R1/ATM/ATP7A/MAP3K5/GSTM2/GSTA1",19,19,75
"hsa00770","Metabolism","Metabolism of cofactors and vitamins","hsa00770","Pantothenate and CoA biosynthesis","5/2394","21/8545",0.238095238095238,0.849842861121057,-0.429787460930906,0.742445373442984,0.989705040420711,0.652254122748661,"ALDH3A2/ALDH2/GADL1/DPYS/DPYD",5,5,21
"hsa01240","Metabolism","Global and overview maps","hsa01240","Biosynthesis of cofactors","40/2394","154/8545",0.25974025974026,0.927101303041153,-0.569499169060205,0.742995957881055,0.989705040420711,0.652254122748661,"GCLC/NADK/COX15/GCLM/MAT2B/ALDH3A2/DLD/PMM1/MTHFD1/DHODH/ALDH2/GGCX/LIAS/MOCS1/UROD/RGN/UGT2B28/MMAB/LIPT1/AK3/ALAD/AK5/NMNAT2/HPD/ALAS2/CMPK1/AK4/DHRS3/ALPL/HAAO/MOCS2/UGP2/GPHN/NMNAT1/SHMT1/DHFR2/ADSS1/TPK1/VKORC1L1/ASPDH",40,40,154
"hsa03250","Genetic Information Processing","Information processing in viruses","hsa03250","Viral life cycle - HIV-1","16/2394","64/8545",0.25,0.892335004177109,-0.539337742058719,0.747787392956102,0.992256348345597,0.653935533921126,"CCNT2/EP300/SAMHD1/KAT2B/ELL2/CCNT1/MAP1B/TRIM5/VPS4A/SERINC3/MDFIC/FEZ1/RANBP2/MAP1A/BICD2/APOBEC3C",16,16,64
"hsa03450","Genetic Information Processing","Replication and repair","hsa03450","Non-homologous end-joining","3/2394","13/8545",0.230769230769231,0.82369385000964,-0.396856542092315,0.75115025600743,0.992899763687983,0.654359569661645,"MRE11/LIG4/NHEJ1",3,3,13
"hsa04622","Organismal Systems","Immune system","hsa04622","RIG-I-like receptor signaling pathway","18/2394","72/8545",0.25,0.892335004177109,-0.572324058171904,0.756166316240367,0.99571518741575,0.656215043422737,"CASP10/MAVS/NFKBIA/RNF125/MAPK8/MAPK10/MAPK14/IFNA8/TRIM25/TANK/RIPK1/NLRX1/AZI2/TRAF6/IFNE/MAPK11/TBKBP1/DDX3X",18,18,72
"hsa04145","Cellular Processes","Transport and catabolism","hsa04145","Phagosome","41/2394","159/8545",0.257861635220126,0.920395853365069,-0.63208670184212,0.762703259266799,1,0.659038901601831,"MPO/MARCO/ATP6V0A1/VAMP3/FCGR2B/SCARB1/PIK3C3/STX7/NOS1/CD209/NCF4/TUBB1/EEA1/CLEC4M/PIKFYVE/STX12/COLEC11/SFTPA1/C3/CD36/DYNC1LI2/TLR4/TUBB2A/TUBB2B/ITGB1/PLA2R1/COLEC12/DYNC1I1/C1R/ITGA2/TUBA1A/RILP/CD14/TUBB6/DYNC2H1/DYNC1H1/HLA-E/ATP6V1E2/ITGB3/MRC1/RAB7B",41,41,159
"hsa05152","Human Diseases","Infectious disease: bacterial","hsa05152","Tuberculosis","47/2394","182/8545",0.258241758241758,0.921752641677454,-0.665647276444409,0.771509191353054,1,0.659038901601831,"CASP10/IFNGR1/ATP6V0A1/TNFRSF1A/FCGR2B/PIK3C3/CD209/JAK2/MAPK1/EP300/EEA1/CLEC4M/MAPK8/PPP3CB/MAPK10/MAPK14/AKT3/CREB1/IFNA8/NFYB/PPP3CC/IL1B/C3/RAF1/RFXAP/IRAK2/IL6/IL10/TLR4/PPP3CA/KSR1/CAMK2D/CAMK2G/PLA2R1/JAK1/CD14/MALT1/PLK3/TLR1/TRAF6/MAPK11/PPP3R2/ARHGEF12/CALM1/CR1/TLR9/MRC1",47,47,182
"hsa00053","Metabolism","Carbohydrate metabolism","hsa00053","Ascorbate and aldarate metabolism","7/2394","30/8545",0.233333333333333,0.832846003898636,-0.572143402250918,0.777193347475359,1,0.659038901601831,"ALDH3A2/ALDH2/RGN/KL/UGT2B28/ALDH9A1/ALDH7A1",7,7,30
"hsa01523","Human Diseases","Drug resistance: antineoplastic","hsa01523","Antifolate resistance","7/2394","30/8545",0.233333333333333,0.832846003898636,-0.572143402250918,0.777193347475359,1,0.659038901601831,"FOLR1/ABCG2/IL1B/IL6/FOLR2/SHMT1/DHFR2",7,7,30
"hsa04120","Genetic Information Processing","Folding, sorting and degradation","hsa04120","Ubiquitin mediated proteolysis","36/2394","142/8545",0.253521126760563,0.904903102827491,-0.712874642447545,0.788826314691184,1,0.659038901601831,"KLHL13/PIAS1/ERCC8/NEDD4L/ANAPC4/NEDD4/FBXW11/UBE2D4/MID1/HERC1/SMURF2/FBXW7/BIRC2/UBE4A/CBL/CBLB/UBE2B/UBA2/HERC2/UBE4B/DDB2/HERC3/PML/DET1/RPS27A/UBC/TRIP12/RCHY1/CUL5/ANAPC16/UBE2E3/TRAF6/UBE2E2/SOCS3/PRKN/KLHL9",36,36,142
"hsa04114","Cellular Processes","Cell growth and death","hsa04114","Oocyte meiosis","35/2394","139/8545",0.251798561151079,0.898754680466153,-0.750771005577722,0.800138924060623,1,0.659038901601831,"IGF1/ANAPC4/SLK/PPP2R5A/PPP2R5B/RPS6KA2/FBXW11/PPP2R5C/MAPK1/PPP2CB/PPP3CB/CPEB3/MAPK14/PPP3CC/ITPR2/ADCY4/PPP2R1B/ADCY3/PPP3CA/PLCZ1/CAMK2D/CAMK2G/ITPR1/ANAPC16/MAP2K1/YWHAG/ADCY5/ADCY6/RPS6KA3/MAPK11/PPP3R2/CALM1/SPDYE18/PPP1CB/CPEB1",35,35,139
"hsa05162","Human Diseases","Infectious disease: viral","hsa05162","Measles","35/2394","139/8545",0.251798561151079,0.898754680466153,-0.750771005577722,0.800138924060623,1,0.659038901601831,"FAS/TAB2/CSNK2A2/FCGR2B/MAVS/CD209/NFKBIA/CLEC4M/CDK6/MAPK8/MAPK10/IL2/CCND3/CBLB/AKT3/CCND2/IFNA8/PIK3CA/RAB9B/RAB9A/IL1B/STAT5A/IL6/TLR4/IFNAR1/PIK3R1/MSN/JAK1/RCHY1/FOS/STAT5B/TRAF6/JUN/RACK1/TLR9",35,35,139
"hsa03018","Genetic Information Processing","Folding, sorting and degradation","hsa03018","RNA degradation","19/2394","78/8545",0.243589743589744,0.869454619454619,-0.722543268604387,0.800662149513669,1,0.659038901601831,"CNOT4/DIS3/DDX6/XRN1/BTG1/PAN2/CNOT6L/PAN3/BTG2/LSM6/DIS3L/EXOSC10/PABPC5/TOB2/NUDT16/SKIC3/EXOSC6/PABPC4L/DCP1A",19,19,78
"hsa00514","Metabolism","Glycan biosynthesis and metabolism","hsa00514","Other types of O-glycan biosynthesis","11/2394","47/8545",0.234042553191489,0.835377450718996,-0.705991898947853,0.805888766923699,1,0.659038901601831,"MFNG/GALNT16/GALNT12/GALNT8/GALNT15/OGT/EOGT/GALNT11/GALNT17/COLGALT2/C1GALT1C1L",11,11,47
"hsa04742","Organismal Systems","Sensory system","hsa04742","Taste transduction","21/2394","86/8545",0.244186046511628,0.871583027335781,-0.746675617929826,0.805933165905806,1,0.659038901601831,"GABRA4/PDE1A/TAS2R10/PDE1B/TAS2R4/TAS2R5/ADCY4/SCN2A/CACNA1C/GABRA2/SCN3A/PDE1C/SCN9A/P2RY1/TAS1R1/ADCY6/HTR3C/HTR1F/PLCB1/GABBR1/PKD1L3",21,21,86
"hsa04621","Organismal Systems","Immune system","hsa04621","NOD-like receptor signaling pathway","48/2394","189/8545",0.253968253968254,0.90649905186246,-0.810900429815645,0.813408850269958,1,0.659038901601831,"GABARAPL2/TAB2/PKN2/CXCL2/MAVS/NLRP1/TRPM7/MAPK1/NFKBIA/CARD8/NAMPT/NOD1/MAPK8/CCL2/MAPK10/BIRC2/MAPK14/MFN2/IFNA8/ITPR2/IL1B/CARD6/IL6/TANK/TLR4/RIPK1/CASP1/GABARAPL1/MAP1LC3B/IFNAR1/ITPR1/NEK7/NLRX1/JAK1/GBP2/NLRP3/ANTXR2/IFI16/CXCL3/TRAF6/JUN/PLCB1/MAPK11/CASP4/MAP1LC3C/CASP12/MAP1LC3B2/TXNIP",48,48,189
"hsa00515","Metabolism","Glycan biosynthesis and metabolism","hsa00515","Mannose type O-glycan biosynthesis","5/2394","23/8545",0.217391304347826,0.775943481893139,-0.67122877351291,0.815138595627233,1,0.659038901601831,"B3GAT1/B3GAT2/B4GAT1/FUT4/CRPPA",5,5,23
"hsa00531","Metabolism","Glycan biosynthesis and metabolism","hsa00531","Glycosaminoglycan degradation","4/2394","19/8545",0.210526315789474,0.751440003517566,-0.676636154790471,0.823073247760855,1,0.659038901601831,"IDS/HYAL1/GNS/HPSE2",4,4,19
"hsa04973","Organismal Systems","Digestive system","hsa04973","Carbohydrate digestion and absorption","12/2394","52/8545",0.230769230769231,0.82369385000964,-0.795533368853646,0.828570684528186,1,0.659038901601831,"ATP1A2/SLC5A1/AKT3/PIK3CA/ATP1B2/G6PC1/FXYD2/PIK3R1/G6PC2/PLCB1/AMY2B/MGAM2",12,12,52
"hsa00040","Metabolism","Carbohydrate metabolism","hsa00040","Pentose and glucuronate interconversions","8/2394","36/8545",0.222222222222222,0.793186670379653,-0.775729566366113,0.831491570819872,1,0.659038901601831,"AKR1B1/KL/UGT2B28/CRYL1/UGP2/FGGY/CRPPA/AKR1B15",8,8,36
"hsa04215","Cellular Processes","Cell growth and death","hsa04215","Apoptosis - multiple species","7/2394","32/8545",0.21875,0.780793128654971,-0.775010640915082,0.834269221037815,1,0.659038901601831,"NGFR/TNFRSF1A/MAPK8/SEPTIN4/MAPK10/BIRC2/BOK",7,7,32
"hsa05022","Human Diseases","Neurodegenerative disease","hsa05022","Pathways of neurodegeneration - multiple diseases","126/2394","483/8545",0.260869565217391,0.931132178271766,-0.972049417631242,0.847242206727736,1,0.659038901601831,"ALS2/DNAH9/NDUFS1/FAS/TNFRSF1B/MAP2K3/WNT8A/SNCAIP/ATXN3/ATG2B/TNFRSF1A/LRP6/CSNK2A2/PTGS2/PIK3C3/WNT11/NOS1/MAPK1/TUBB1/DKK4/DCTN6/MAPK8/PPP3CB/MAP2K6/MAPK10/WNT5B/MAPK14/IFT57/DNAH1/ACTR1B/DNAH6/MFN2/PPP3CC/CAT/ITPR2/OPTN/WNT1/IL1B/GRIA3/KLC1/ATG14/COX4I2/ACTR10/RAF1/WNT2B/APC/IL6/TANK/TUBB2A/TUBB2B/PPP3CA/UQCRC2/MAP1LC3B/APP/RPS27A/SNCA/CAMK2D/C9orf72/NRBF2/CAMK2G/UBC/ITPR1/CACNA1C/SLC25A4/ATP5F1A/GRIA4/PRKCA/DKK2/FZD7/GNAQ/FZD1/BRAF/PINK1/WNT9B/COX7A1/LRP5/FZD5/NDUFS4/ZFYVE1/CHRFAM7A/TUBA1A/CTNNB1/CHRM1/AXIN2/MAP2K1/WNT10B/PRNP/HAP1/FZD4/CHRNA7/TUBB6/GPX2/CSNK1A1L/PLCB1/GRIN2A/CSF1/PRKN/MAPK11/COX8C/PPP3R2/LRRK2/RYR1/PIK3R4/MAP3K5/MAP1LC3C/CALM1/ND6/CYTB/ND2/ND5/COX1/RYR3/ND3/ND4/ND1/ATP6/COX3/SDHD/CASP12/GPX3/ND4L/ATXN1L/ATP8/MAP1LC3B2/GRIN2B/PSEN2",126,126,483
"hsa01250","Metabolism","Global and overview maps","hsa01250","Biosynthesis of nucleotide sugars","8/2394","37/8545",0.216216216216216,0.771749192801824,-0.867999095970189,0.854439363547348,1,0.659038901601831,"PGM1/TGDS/PMM1/GCK/GFPT2/GNE/UGP2/GALT",8,8,37
"hsa00603","Metabolism","Glycan biosynthesis and metabolism","hsa00603","Glycosphingolipid biosynthesis - globo and isoglobo series","3/2394","16/8545",0.1875,0.669251253132832,-0.826093054736468,0.868211720483016,1,0.659038901601831,"ST8SIA1/ST3GAL2/ABO",3,3,16
"hsa00520","Metabolism","Carbohydrate metabolism","hsa00520","Amino sugar and nucleotide sugar metabolism","8/2394","38/8545",0.210526315789474,0.751440003517566,-0.957976036305419,0.874804495665635,1,0.659038901601831,"PGM1/PMM1/GCK/GFPT2/GNE/GNPDA2/UGP2/GALT",8,8,38
"hsa05010","Human Diseases","Neurodegenerative disease","hsa05010","Alzheimer disease","100/2394","391/8545",0.255754475703325,0.912874684580163,-1.10018879595514,0.877128829478913,1,0.659038901601831,"NDUFS1/FAS/WNT8A/ATG2B/TNFRSF1A/LRP6/CSNK2A2/PTGS2/PIK3C3/WNT11/NOS1/MAPK1/TUBB1/DKK4/SLC39A14/MAPK8/PPP3CB/MAPK10/WNT5B/RTN4/AKT3/PPP3CC/PIK3CA/ITPR2/LRP1/WNT1/IL1B/KLC1/ATG14/COX4I2/RAF1/RTN3/WNT2B/APC/IL6/TUBB2A/TUBB2B/APH1B/PPP3CA/UQCRC2/APP/SNCA/PIK3R1/NRBF2/ITPR1/CACNA1C/SLC25A4/ATP5F1A/DKK2/FZD7/GNAQ/FZD1/BRAF/WNT9B/COX7A1/LRP5/FZD5/NDUFS4/APBB1/CHRFAM7A/TUBA1A/CTNNB1/CHRM1/AXIN2/MAP2K1/IRS1/WNT10B/FZD4/CHRNA7/LPL/TUBB6/CSNK1A1L/PLCB1/GRIN2A/CSF1/IRS2/BACE1/COX8C/PPP3R2/PIK3R4/MME/MAP3K5/CALM1/ND6/CYTB/ND2/ND5/COX1/RYR3/ND3/ND4/ND1/ATP6/COX3/SDHD/CASP12/ND4L/ATP8/GRIN2B/PSEN2",100,100,391
"hsa00051","Metabolism","Carbohydrate metabolism","hsa00051","Fructose and mannose metabolism","7/2394","34/8545",0.205882352941176,0.734864121087031,-0.966356771607715,0.879070950520779,1,0.659038901601831,"AKR1B1/PMM1/ALDOC/ALDOB/PFKFB1/PFKFB3/AKR1B15",7,7,34
"hsa04650","Organismal Systems","Immune system","hsa04650","Natural killer cell mediated cytotoxicity","32/2394","134/8545",0.238805970149254,0.852379705482612,-1.07447045854501,0.880489205244084,1,0.659038901601831,"FYN/FAS/IFNGR1/SH3BP2/MAPK1/SOS2/NFATC2/PPP3CB/ICAM2/SOS1/IFNA8/PPP3CC/PIK3CA/CD244/NFATC1/RAF1/KLRC1/PPP3CA/IFNAR1/PIK3R1/SHC3/PRKCA/BRAF/MAP2K1/PTPN11/PPP3R2/PLCG2/SH2D1B/RAET1G/MICA/HLA-E/KLRK1",32,32,134
"hsa04914","Organismal Systems","Endocrine system","hsa04914","Progesterone-mediated oocyte maturation","26/2394","111/8545",0.234234234234234,0.83606162553531,-1.08453892778307,0.884627468401812,1,0.659038901601831,"IGF1/ANAPC4/RPS6KA2/MAPK1/MAPK8/CPEB3/MAPK10/MAPK14/GNAI2/AKT3/PIK3CA/GNAI1/ADCY4/RAF1/ADCY3/PIK3R1/PDE3B/BRAF/ANAPC16/MAP2K1/ADCY5/ADCY6/RPS6KA3/MAPK11/SPDYE18/CPEB1",26,26,111
"hsa04110","Cellular Processes","Cell growth and death","hsa04110","Cell cycle","37/2394","158/8545",0.234177215189873,0.835858105178558,-1.29916554403366,0.919542049935488,1,0.659038901601831,"ANAPC4/PPP2R5A/PPP2R5B/PPP2R5C/CDC14A/CDC14B/ATRX/ABL1/GADD45B/EP300/STAG2/RBL2/PPP2CB/CDK6/CCND3/TFDP2/GADD45A/STAG1/CCND2/CDKN2C/CDKN1A/CDKN1C/CCNH/MYC/PPP2R1B/RB1/SMAD4/CDKN2B/ATM/NIPBL/ANAPC16/WEE1/SMAD3/YWHAG/SMAD2/WEE2/CDC14C",37,37,158
"hsa00900","Metabolism","Metabolism of terpenoids and polyketides","hsa00900","Terpenoid backbone biosynthesis","4/2394","23/8545",0.173913043478261,0.620754785514511,-1.13614324783145,0.920813446101346,1,0.659038901601831,"ACAT1/PCYOX1/DHDDS/HMGCS2",4,4,23
"hsa05206","Human Diseases","Cancer: overview","hsa05206","MicroRNAs in cancer","77/2394","312/8545",0.246794871794872,0.880894811815864,-1.33705338640686,0.920813446595599,1,0.659038901601831,"VIM/ROCK1/HDAC4/TP63/PTGS2/ABCB1/SIRT1/ABL1/MAPK1/TIMP3/EP300/SOS2/DICER1/RPS6KA5/CDK6/MET/HDAC5/CCNG1/PDGFRB/SOS1/CCND2/TNN/PIK3CA/RECK/CDKN1A/HOXD10/BCL2L2/RAF1/NOTCH2/PDGFRA/APC/SPRY2/MYC/PIM1/RDX/TPM1/MCL1/PIK3R1/EGFR/NOTCH1/ZEB1/ATM/PRKCA/CRK/TNXB/MAP2K1/IRS1/ZEB2/ZFPM2/PRKCE/PTEN/EFNA5/IRS2/PDGFA/PLCG2/MIRLET7C/MIR324/MIR26A1/MIR101-1/MIR126/MIR331/BMPR2/NOTCH4/SERPINB5/MIR23B/MIR181D/MIR32/MIR222/MIR10B/MIR26A2/MIR27B/MIR221/MIR125B1/MIR106B/ITGB3/MIR145/MIR205",77,77,312
"hsa00600","Metabolism","Lipid metabolism","hsa00600","Sphingolipid metabolism","11/2394","54/8545",0.203703703703704,0.727087781181348,-1.25504780694973,0.924242582724086,1,0.659038901601831,"PLPP1/ACER3/B4GALT6/KDSR/SGPP1/GAL3ST1/PLPP3/SGMS2/SPTLC3/ACER2/SGMS1",11,11,54
"hsa05320","Human Diseases","Immune disease","hsa05320","Autoimmune thyroid disease","11/2394","54/8545",0.203703703703704,0.727087781181348,-1.25504780694973,0.924242582724086,1,0.659038901601831,"FAS/CD40/IL2/IL4/IL5/TPO/IFNA8/TSHB/IL10/TSHR/HLA-E",11,11,54
"hsa04217","Cellular Processes","Cell growth and death","hsa04217","Necroptosis","37/2394","159/8545",0.232704402515723,0.830601135963599,-1.34509034756218,0.926396387599707,1,0.659038901601831,"CFLAR/FAS/IFNGR1/TNFRSF1A/PYGM/FTL/TRPM7/JAK2/PYGL/PYGB/MAPK8/MAPK10/BIRC2/CHMP3/PLA2G4A/IFNA8/IL1B/STAT5A/VPS4A/TLR4/IL33/RIPK1/CASP1/STAT4/IFNAR1/CAMK2D/CAMK2G/GLUD1/SLC25A4/JAK1/NLRP3/TLR3/STAT6/JMJD7-PLA2G4B/STAT5B/PLA2G4B/CHMP1B",37,37,159
"hsa04966","Organismal Systems","Excretory system","hsa04966","Collecting duct acid secretion","5/2394","28/8545",0.178571428571429,0.637382145840792,-1.19896002951044,0.926686211215955,1,0.659038901601831,"SLC4A1/ATP6V0A1/ATP4A/CLCNKB/ATP6V1E2",5,5,28
"hsa00860","Metabolism","Metabolism of cofactors and vitamins","hsa00860","Porphyrin metabolism","9/2394","46/8545",0.195652173913043,0.698349133703825,-1.27973311311097,0.93026389792272,1,0.659038901601831,"COX15/FTL/HEPH/UROD/UGT2B28/MMAB/ALAD/ALAS2/FXN",9,9,46
"hsa00533","Metabolism","Glycan biosynthesis and metabolism","hsa00533","Glycosaminoglycan biosynthesis - keratan sulfate","2/2394","14/8545",0.142857142857143,0.509905716672634,-1.14488934335174,0.935474852119401,1,0.659038901601831,"ST3GAL2/CHST2",2,2,14
"hsa05020","Human Diseases","Neurodegenerative disease","hsa05020","Prion disease","67/2394","278/8545",0.241007194244604,0.86023662273189,-1.47795647659793,0.940649364022143,1,0.659038901601831,"FYN/NDUFS1/C6/CSNK2A2/MAPK1/NCF4/TUBB1/CAV2/CAV1/C5/MAPK8/PPP3CB/MAPK10/MAPK14/C7/ATF2/CREB1/EGR1/PPP3CC/PIK3CA/ITPR2/IL1B/KLC1/COX4I2/LAMC1/IL6/TUBB2A/TUBB2B/PPP3CA/UQCRC2/PIK3R1/CREB5/NOTCH1/NCAM1/ITPR1/CACNA1C/SLC25A4/ATP5F1A/COX7A1/NDUFS4/TUBA1A/PRNP/TUBB6/CREB3L2/CAV3/GRIN2A/MAPK11/COX8C/PPP3R2/RYR1/ND6/CYTB/ND2/GRIN3A/ND5/COX1/RYR3/ND3/ND4/ND1/ATP6/COX3/SDHD/CASP12/ND4L/ATP8/GRIN2B",67,67,278
"hsa00983","Metabolism","Xenobiotics biodegradation and metabolism","hsa00983","Drug metabolism - other enzymes","17/2394","81/8545",0.209876543209877,0.74912074424745,-1.41526988020629,0.941723636163923,1,0.659038901601831,"MPO/UPP2/MGST1/GSTT2/GSTM5/UGT2B28/MGST3/DPYS/XDH/CYP3A4/CMPK1/TK2/CES2/DPYD/CES1/GSTM2/GSTA1",17,17,81
"hsa05330","Human Diseases","Immune disease","hsa05330","Allograft rejection","7/2394","39/8545",0.17948717948718,0.64065077222972,-1.40315665237586,0.948893109004213,1,0.659038901601831,"FAS/CD40/IL2/IL4/IL5/IL10/HLA-E",7,7,39
"hsa05323","Human Diseases","Immune disease","hsa05323","Rheumatoid arthritis","20/2394","95/8545",0.210526315789474,0.751440003517566,-1.51979325115577,0.952334476899566,1,0.659038901601831,"ATP6V0A1/CXCL2/FLT1/CXCL12/CCL2/TEK/TNFSF11/CXCL6/IL1B/IL6/TLR4/TNFRSF11A/ANGPT1/CXCL3/IL15/FOS/JUN/CSF1/ATP6V1E2/CCL3",20,20,95
"hsa03022","Genetic Information Processing","Transcription","hsa03022","Basal transcription factors","8/2394","44/8545",0.181818181818182,0.648970912128807,-1.45631145337386,0.95329477460049,1,0.659038901601831,"GTF2H1/CCNH/TAF8/TAF4B/TAF1/TAF10/TAF7/GTF2A1L",8,8,44
"hsa05017","Human Diseases","Neurodegenerative disease","hsa05017","Spinocerebellar ataxia","32/2394","144/8545",0.222222222222222,0.793186670379653,-1.56139976517993,0.953702138285228,1,0.659038901601831,"ATXN3/ATG2B/RORA/PIK3C3/FGF14/MAPK8/MAPK10/AKT3/PIK3CA/ITPR2/GRIA3/ATG14/PUM1/PIK3R1/VLDLR/NRBF2/ITPR1/SLC25A4/PRKCA/GNAQ/RBPJ/KAT5/PLCB1/GRIN2A/SP1/RELN/RYR1/PIK3R4/MAP3K5/GRIN3A/ATXN1L/GRIN2B",32,32,144
"hsa03015","Genetic Information Processing","Translation","hsa03015","mRNA surveillance pathway","21/2394","103/8545",0.203883495145631,0.727729517969681,-1.7342684683881,0.970682154265191,1,0.659038901601831,"PPP2R5A/PPP2R5B/SMG6/PPP2R3A/PPP2R5C/PPP2R3C/PPP2CB/PAPOLG/ETF1/SRRM1/PPP2R1B/PPP2R2B/DDX19B/WDR82/PCF11/NUDT21/PABPC5/GSPT2/PPP1CB/PAPOLB/PABPC4L",21,21,103
"hsa03430","Genetic Information Processing","Replication and repair","hsa03430","Mismatch repair","3/2394","23/8545",0.130434782608696,0.465566089135883,-1.60105772214999,0.975016556357077,1,0.659038901601831,"RFC1/MSH3/MLH3",3,3,23
"hsa04623","Organismal Systems","Immune system","hsa04623","Cytosolic DNA-sensing pathway","16/2394","83/8545",0.192771084337349,0.688065545389578,-1.78149953080571,0.975154329434667,1,0.659038901601831,"MAVS/POLR2E/NFKBIA/SAMHD1/GSDME/IFNA8/POLR3GL/IL1B/IL6/IL33/RIPK1/CASP1/ZDHHC1/NLRP3/IFI16/CCL4",16,16,83
"hsa00513","Metabolism","Glycan biosynthesis and metabolism","hsa00513","Various types of N-glycan biosynthesis","7/2394","43/8545",0.162790697674419,0.581055351557188,-1.71810678928279,0.97593824673921,1,0.659038901601831,"ALG9/MAN1A1/MGAT1/CHST9/MGAT4C/MAN2A2/MAN1A2",7,7,43
"hsa04744","Organismal Systems","Sensory system","hsa04744","Phototransduction","4/2394","29/8545",0.137931034482759,0.492322760925302,-1.70839658589596,0.979218434530604,1,0.659038901601831,"SLC24A1/RCVRN/CNGA1/CALM1",4,4,29
"hsa03440","Genetic Information Processing","Replication and repair","hsa03440","Homologous recombination","6/2394","41/8545",0.146341463414634,0.522342441469527,-1.91256756541649,0.986455063956803,1,0.659038901601831,"RAD52/MRE11/UIMC1/ATM/ABRAXAS1/RAD51B",6,6,41
"hsa03060","Genetic Information Processing","Folding, sorting and degradation","hsa03060","Protein export","4/2394","31/8545",0.129032258064516,0.460560002155927,-1.87705500055939,0.987046391413742,1,0.659038901601831,"SEC62/OXA1L/IMMP2L/UBL4B",4,4,31
"hsa05110","Human Diseases","Infectious disease: bacterial","hsa05110","Vibrio cholerae infection","8/2394","51/8545",0.156862745098039,0.559896473209167,-1.96654386426641,0.987254550251523,1,0.659038901601831,"CFTR/ATP6V0A1/TJP1/TJP2/ADCY3/PRKCA/PLCG2/ATP6V1E2",8,8,51
"hsa04721","Organismal Systems","Nervous system","hsa04721","Synaptic vesicle cycle","14/2394","79/8545",0.177215189873418,0.632541268783774,-2.04692916565751,0.988111937430021,1,0.659038901601831,"ATP6V0A1/CLTCL1/SLC1A3/STX1B/SLC6A2/SLC17A7/DNM1/STX2/STXBP1/UNC13C/SLC1A7/DNM3/VAMP2/ATP6V1E2",14,14,79
"hsa04950","Human Diseases","Endocrine and metabolic disease","hsa04950","Maturity onset diabetes of the young","3/2394","26/8545",0.115384615384615,0.41184692500482,-1.87371082642409,0.988377786171403,1,0.659038901601831,"GCK/NR5A2/RFX6",3,3,26
"hsa05150","Human Diseases","Infectious disease: bacterial","hsa05150","Staphylococcus aureus infection","19/2394","102/8545",0.186274509803922,0.664877061935885,-2.1241035046188,0.98970483192228,1,0.659038901601831,"CFH/MASP2/FCGR2B/C5/C3/MASP1/KRT17/IL10/C1R/DEFB1/KRT15/KRT13/KRT27/SELP/C1S/KRT14/CFD/KRT40/CFI",19,19,102
"hsa00240","Metabolism","Nucleotide metabolism","hsa00240","Pyrimidine metabolism","9/2394","58/8545",0.155172413793103,0.553863106040965,-2.12679124773692,0.991732732538317,1,0.659038901601831,"UPP2/NT5C2/DHODH/NT5C1A/NT5E/DPYS/CMPK1/TK2/DPYD",9,9,58
"hsa03420","Genetic Information Processing","Replication and repair","hsa03420","Nucleotide excision repair","10/2394","63/8545",0.158730158730159,0.566561907414038,-2.15411084166609,0.99212102007676,1,0.659038901601831,"RFC1/ERCC8/POLR2E/GTF2H1/CCNH/DDB2/ERCC5/XPA/XPC/POLR2M",10,10,63
"hsa05164","Human Diseases","Infectious disease: viral","hsa05164","Influenza A","35/2394","173/8545",0.202312138728324,0.722120812628875,-2.30347918008755,0.993003618265232,1,0.659038901601831,"FAS/IFNGR1/TNFRSF1A/MAVS/JAK2/MAPK1/EP300/NFKBIA/CDK6/CCL2/CCND3/AKT3/IFNA8/TRIM25/PIK3CA/IL1B/RAF1/IL6/CALCOCO2/TLR4/IL33/CASP1/PML/IFNAR1/PIK3R1/SLC25A4/PRKCA/NLRX1/JAK1/NLRP3/TLR3/MAP2K1/TMPRSS2/SOCS3/KPNA5",35,35,173
"hsa03020","Genetic Information Processing","Transcription","hsa03020","RNA polymerase","4/2394","34/8545",0.117647058823529,0.419922354906875,-2.11424407248181,0.993751981378527,1,0.659038901601831,"POLR2E/POLR3GL/POLR1E/POLR2M",4,4,34
"hsa05332","Human Diseases","Immune disease","hsa05332","Graft-versus-host disease","6/2394","45/8545",0.133333333333333,0.475912002227792,-2.19897776172954,0.994327005643849,1,0.659038901601831,"FAS/IL2/IL1B/KLRC1/IL6/HLA-E",6,6,45
"hsa01232","Metabolism","Global and overview maps","hsa01232","Nucleotide metabolism","14/2394","85/8545",0.164705882352941,0.587891296869625,-2.38207755485489,0.995691186904957,1,0.659038901601831,"UPP2/NT5C2/AMPD1/NT5C1A/GDA/NT5E/AK3/AK5/XDH/CMPK1/AK4/TK2/ADSS1/NUDT16",14,14,85
"hsa03082","Genetic Information Processing","Chromosome","hsa03082","ATP-dependent chromatin remodeling","21/2394","117/8545",0.17948717948718,0.64065077222972,-2.44155893959421,0.995965787382903,1,0.659038901601831,"ARID1B/ING3/SMARCA2/SMARCD3/SMARCA1/BICRAL/INO80D/EPC1/BAZ2B/INO80/PHF10/MBD2/EPC2/SMARCC2/PBRM1/NFRKB/KAT5/EP400/MORF4L1/DPF3/BACC1",21,21,117
"hsa05034","Human Diseases","Substance dependence","hsa05034","Alcoholism","37/2394","188/8545",0.196808510638298,0.702476492650065,-2.57332617763584,0.996933267732261,1,0.659038901601831,"HDAC7/HDAC4/MAOB/GNB5/MAPK1/SOS2/HDAC5/CAMKK2/SLC29A1/GNAI2/SOS1/ATF2/CREB1/FOSB/GNG11/GNAI1/RAF1/CREB5/NTRK2/SHC3/DRD2/BRAF/MAP2K1/ADORA2B/GNG12/ADCY5/GNG7/CREB3L2/GRIN2A/DRD1/GNG2/MAOA/CALM1/GRIN3A/PPP1CB/GRIN2B/H2BK1",37,37,188
"hsa05203","Human Diseases","Cancer: overview","hsa05203","Viral carcinogenesis","41/2394","205/8545",0.2,0.713868003341688,-2.58690309250531,0.996991974747118,1,0.659038901601831,"HDAC7/HDAC4/ACTN1/DLG1/PXN/MAPK1/EP300/NFKBIA/RBL2/CDK6/HDAC5/GTF2H1/CCND3/SRF/KAT2B/ATF2/CREB1/CCND2/PIK3CA/EGR2/CDKN1A/C3/STAT5A/UBR4/RB1/PIK3R1/CREB5/CDKN2B/GSN/RASA2/JAK1/RBPJ/YWHAG/STAT5B/JUN/EGR3/CREB3L2/HLA-E/DDX3X/GTF2A1L/H2BK1",41,41,205
"hsa03010","Genetic Information Processing","Translation","hsa03010","Ribosome","33/2394","172/8545",0.191860465116279,0.684815235763828,-2.60500597111775,0.997315375053341,1,0.659038901601831,"RPS20/RPL31/RPL6/RPL3/RPL34/RPS13/RPS12/RPL22/RPS25/RPL21/RPL5/RPS4Y1/RPL27/RPS6/RSL24D1/RPL11/RPS27A/RPL32/RPS3A/RPL10/RPL26/RPL9/RPS14/RPL13/RPS7/RPL4/RPL15/RPLP2/RPL35A/RPS23/RPL37A/RPS4X/RPL10A",33,33,172
"hsa00511","Metabolism","Glycan biosynthesis and metabolism","hsa00511","Other glycan degradation","1/2394","18/8545",0.0555555555555556,0.198296667594913,-2.12408376368099,0.99732591982593,1,0.659038901601831,"MAN2C1",1,1,18
"hsa00190","Metabolism","Energy metabolism","hsa00190","Oxidative phosphorylation","25/2394","138/8545",0.181159420289855,0.646619568244282,-2.61084654126975,0.997566547344651,1,0.659038901601831,"COX15/NDUFS1/ATP6V0A1/ATP4A/COX4I2/UQCRC2/ATP5F1A/COX7A1/NDUFS4/ATP5MG/COX8C/ND6/CYTB/ND2/ND5/COX1/ND3/ND4/ND1/ATP6/COX3/SDHD/ND4L/ATP8/ATP6V1E2",25,25,138
"hsa05340","Human Diseases","Immune disease","hsa05340","Primary immunodeficiency","4/2394","38/8545",0.105263157894737,0.375720001758783,-2.40603993692983,0.997710780320569,1,0.659038901601831,"CD40/RFXAP/RAG1/CD8B2",4,4,38
"hsa05168","Human Diseases","Infectious disease: viral","hsa05168","Herpes simplex virus 1 infection","35/2394","182/8545",0.192307692307692,0.6864115416747,-2.6676849887786,0.997787484563291,1,0.659038901601831,"FAS/IFNGR1/TAB2/TNFRSF1A/EIF2B3/MAVS/JAK2/SRSF5/NFKBIA/C5/CCL2/BIRC2/NECTIN1/HCFC2/AKT3/IFNA8/PIK3CA/IL1B/C3/CFP/IL6/PML/IFNAR1/PIK3R1/JAK1/TLR3/TSC1/TRAF6/PTPN11/SOCS3/HLA-E/PPP1CB/TLR9/ITGB3/SRSF8",35,35,182
"hsa04940","Human Diseases","Endocrine and metabolic disease","hsa04940","Type I diabetes mellitus","5/2394","44/8545",0.113636363636364,0.405606820080504,-2.46595403524423,0.997921499525022,1,0.659038901601831,"FAS/IL2/CPE/IL1B/HLA-E",5,5,44
"hsa00510","Metabolism","Glycan biosynthesis and metabolism","hsa00510","N-Glycan biosynthesis","7/2394","55/8545",0.127272727272727,0.454279638490165,-2.53289675235527,0.99806287897753,1,0.659038901601831,"ALG9/MAN1A1/MGAT3/MGAT1/MGAT4C/MAN2A2/MAN1A2",7,7,55
"hsa03460","Genetic Information Processing","Replication and repair","hsa03460","Fanconi anemia pathway","7/2394","55/8545",0.127272727272727,0.454279638490165,-2.53289675235527,0.99806287897753,1,0.659038901601831,"REV3L/POLI/WDR48/POLK/REV1/FANCM/FAN1",7,7,55
"hsa05012","Human Diseases","Neurodegenerative disease","hsa05012","Parkinson disease","55/2394","271/8545",0.202952029520295,0.724404800438982,-2.87619525249332,0.998784524142344,1,0.659038901601831,"NDUFS1/SNCAIP/MAOB/TUBB1/SLC39A14/MAPK8/MAPK10/GNAI2/NFE2L2/MFN2/DUSP1/ITPR2/KLC1/GNAI1/COX4I2/TUBB2A/TUBB2B/UQCRC2/GNAL/RPS27A/SNCA/CAMK2D/CAMK2G/DRD2/UBC/ITPR1/SLC25A4/ATP5F1A/PINK1/COX7A1/NDUFS4/TUBA1A/ADCY5/TUBB6/DRD1/PRKN/COX8C/LRRK2/MAOA/MAP3K5/CALM1/ND6/CYTB/ND2/ND5/COX1/RYR3/ND3/ND4/ND1/ATP6/COX3/SDHD/ND4L/ATP8",55,55,271
"hsa05169","Human Diseases","Infectious disease: viral","hsa05169","Epstein-Barr virus infection","39/2394","204/8545",0.191176470588235,0.682373826723672,-2.86445586282115,0.998847333317648,1,0.659038901601831,"MAP3K14/VIM/FAS/MAP2K3/TAB2/NEDD4/MAVS/GADD45B/NFKBIA/CD40/FCER2/CDK6/MAPK8/MAP2K6/MAPK10/MAPK14/CCND3/GADD45A/AKT3/CCND2/IFNA8/PIK3CA/POLK/CDKN1A/DDB2/IL6/MYC/RIPK1/RB1/IFNAR1/PIK3R1/JAK1/SAP30L/RBPJ/TRAF6/JUN/MAPK11/PLCG2/HLA-E",39,39,204
"hsa04142","Cellular Processes","Transport and catabolism","hsa04142","Lysosome","22/2394","133/8545",0.165413533834586,0.590417145620945,-2.96987237109284,0.999362225617169,1,0.659038901601831,"IDS/ATP6V0A1/CTNS/CLTCL1/WDR7/CTSG/AP4S1/LGMN/CLN5/LIPA/NCOA7/HYAL1/CD68/SORT1/GNS/NPC1/AP3S2/MFSD8/DMXL1/CTSF/IGF2R/CTSO",22,22,133
"hsa05016","Human Diseases","Neurodegenerative disease","hsa05016","Huntington disease","63/2394","311/8545",0.202572347266881,0.723049585378237,-3.10382060718867,0.999448602116817,1,0.659038901601831,"DNAH9/NDUFS1/ATG2B/CLTCL1/PIK3C3/SLC1A3/POLR2E/EP300/TUBB1/DCTN6/NRF1/MAPK8/MAPK10/PPARGC1A/IFT57/DNAH1/ACTR1B/DNAH6/CREB1/GRIA3/KLC1/ATG14/COX4I2/ACTR10/PPARG/TUBB2A/TUBB2B/UQCRC2/TAF4B/CREB5/NRBF2/ITPR1/SLC25A4/ATP5F1A/GRIA4/GNAQ/COX7A1/NDUFS4/TUBA1A/HAP1/TUBB6/GPX2/CREB3L2/PLCB1/SP1/COX8C/PIK3R4/MAP3K5/ND6/CYTB/ND2/ND5/COX1/ND3/ND4/ND1/ATP6/COX3/SDHD/GPX3/ND4L/ATP8/GRIN2B",63,63,311
"hsa05014","Human Diseases","Neurodegenerative disease","hsa05014","Amyotrophic lateral sclerosis","76/2394","371/8545",0.204851752021563,0.7311855559834,-3.30249423478456,0.999728610887549,1,0.659038901601831,"ALS2/DNAH9/NDUFS1/TNFRSF1B/MAP2K3/ATG2B/TNFRSF1A/PIK3C3/NOS1/TUBB1/DCTN6/SETX/PPP3CB/MAP2K6/MAPK14/DNAH1/ACTR1B/DNAH6/PPP3CC/CAT/ANXA11/OPTN/KLC1/ATG14/COX4I2/ACTR10/TANK/TUBB2A/TUBB2B/CASP1/NUP54/PPP3CA/HNRNPA1L2/UQCRC2/MAP1LC3B/C9orf72/NRBF2/ATP5F1A/RANBP2/NRG1/NRG2/PINK1/COX7A1/NDUFS4/TUBA1A/HAP1/TUBB6/GPX2/GRIN2A/PRKN/MAPK11/NRG3/COX8C/PPP3R2/PIK3R4/MAP3K5/MAP1LC3C/ND6/CYTB/ND2/ND5/COX1/ND3/ND4/ND1/ATP6/COX3/SDHD/CASP12/GPX3/ND4L/ANG/ATP8/CHCHD10/MAP1LC3B2/GRIN2B",76,76,371
"hsa03030","Genetic Information Processing","Replication and repair","hsa03030","DNA replication","2/2394","36/8545",0.0555555555555556,0.198296667594913,-3.00708363209718,0.999893673260687,1,0.659038901601831,"RFC1/RNASEH1",2,2,36
"hsa03410","Genetic Information Processing","Replication and repair","hsa03410","Base excision repair","3/2394","44/8545",0.0681818181818182,0.243364092048303,-3.13904908982448,0.999918158488687,1,0.659038901601831,"RFC1/PARP3/PARP4",3,3,44
"hsa00970","Genetic Information Processing","Translation","hsa00970","Aminoacyl-tRNA biosynthesis","6/2394","66/8545",0.0909090909090909,0.324485456064403,-3.43679939626634,0.999964369324163,1,0.659038901601831,"GATB/MTFMT/SEPSECS/DARS1/QARS1/TARS3",6,6,66
"hsa04613","Organismal Systems","Immune system","hsa04613","Neutrophil extracellular trap formation","31/2394","193/8545",0.160621761658031,0.573313681440215,-3.74034755320478,0.999971847186652,1,0.659038901601831,"MPO/HDAC7/HDAC4/CLCN4/MAPK1/NCF4/CTSG/C5/HDAC5/VWF/MAPK14/AKT3/PIK3CA/C3/RAF1/TLR4/CASP1/PIK3R1/SLC25A4/PRKCA/PADI4/MAP2K1/SELP/PLCB1/MAPK11/CASP4/ELANE/PLCG2/CR1/ITGB3/H2BK1",31,31,193
"hsa04141","Genetic Information Processing","Folding, sorting and degradation","hsa04141","Protein processing in endoplasmic reticulum","25/2394","171/8545",0.146198830409357,0.521833335776087,-3.94031282229287,0.999990770820023,1,0.659038901601831,"SEC62/HERPUD1/ATXN3/SEC31B/UBE2D4/SAR1A/PPP1R15A/SEC23A/SEL1L2/MAPK8/MAPK10/CRYAB/MAN1A1/NFE2L2/UBE4B/SEC24B/RNF185/MBTPS1/DNAJC5G/HSPA4L/UBXN2A/PRKN/MAP3K5/MAN1A2/CASP12",25,25,171
"hsa04612","Organismal Systems","Immune system","hsa04612","Antigen processing and presentation","7/2394","81/8545",0.0864197530864197,0.30846148292542,-3.90113415827217,0.999996476537734,1,0.659038901601831,"LGMN/CREB1/NFYB/RFXAP/KLRC1/HLA-E/CD8B2",7,7,81
"hsa03013","Genetic Information Processing","Translation","hsa03013","Nucleocytoplasmic transport","11/2394","108/8545",0.101851851851852,0.363543890590674,-4.15246654557915,0.999998607261557,1,0.659038901601831,"IPO5/IPO11/KPNA3/XPO7/SRRM1/IPO8/NUP54/RANBP2/EEF1A1/DDX19B/KPNA5",11,11,108
"hsa05322","Human Diseases","Immune disease","hsa05322","Systemic lupus erythematosus","14/2394","141/8545",0.099290780141844,0.354402554850483,-4.82223273530389,0.999999970058655,1,0.659038901601831,"C6/ACTN1/CTSG/CD40/C5/C7/C3/IL10/C1R/C1S/GRIN2A/ELANE/GRIN2B/H2BK1",14,14,141
"hsa03040","Genetic Information Processing","Transcription","hsa03040","Spliceosome","18/2394","217/8545",0.0829493087557604,0.296074287100239,-6.5524869908176,0.999999999999937,1,0.659038901601831,"SF3A1/SRSF5/DDX5/SYF2/PRPF38A/HNRNPA1L2/DHX38/LSM6/SLU7/CDC40/PLRG1/PRPF8/LOC124900516/RNU6-8/RNVU1-1/SRSF8/RNVU1-4/LOC124900887",18,18,217
"hsa03008","Genetic Information Processing","Translation","hsa03008","Ribosome biogenesis in eukaryotes","10/2394","168/8545",0.0595238095238095,0.212460715280264,-6.43135436016859,0.999999999999962,1,0.659038901601831,"CSNK2A2/MDN1/XRN1/FCF1/RCL1/SBDS/WDR36/UTP4/NOB1/LOC124900922",10,10,168
"hsa04740","Organismal Systems","Sensory system","hsa04740","Olfactory transduction","57/2394","453/8545",0.125827814569536,0.449122253758015,-7.51616355373522,1,1,0.659038901601831,"ANO2/GRK3/SLC8A3/NCALD/PDE1A/RGS2/PDE1B/OR7C1/ARRB1/ADCY3/PRKG2/SLC24A4/GNAL/CAMK2D/CAMK2G/PDE1C/OR2C1/OR5AU1/OR10A3/OR2M4/OR1L8/OR11H4/GNG7/OR2AJ1/OR2B11/OR1E1/OR3A1/OR2A4/OR51E1/OR52N1/OR56B2P/OR52N4/OR5P3/SLC8A1/OR5P2/PRKG1/PDE2A/OR7A5/OR2L13/OR2C3/OR2T4/OR2T6/OR2L3/CALM1/OR2L2/OR2A42/OR2F1/OR6B1/OR2A5/OR2A12/OR3A2/OR2A25/OR2A1/OR5K2/OR2A7/OR11H7/OR10A6",57,57,453
