Chrom.1,,Chrom.1,,Chrom.1,,Chrom.1,,Chrom.1,,Chrom.1,,Chrom.1,,Chrom.1,,
UV,,Conductivity,,Gradient Concentration,,System Flow,,Pressure,,Fraction,,Injection,,Run Log,,
ml,mAU,ml,mS/cm,ml,%B,ml,ml/min,ml,MPa,ml,Fraction,ml,Injection,ml,Logbook,
0.001,344.9079,0.001,0.27,0.001,0,0.001,1,0.001,0,52.2231,"T1",6.0168,"",0,"Manual Run 10/18/2024 1:57:23 PM +08:00 Result: /DefaultHome/20241018/Desalting-Group5+6-AKTA-20241018 User Default at computer DESKTOP-HA6J05R is in control (Manual)",
0.008,344.93,0.008,0.27,0.008,0,0.008,1,0.008,0,52.7232,"T2",,,0,"Instrument information:SystemName = ( 00000000000002527050), FW Version = ( V3.00.00 )",
0.015,344.9494,0.015,0.27,0.015,0,0.015,1,0.015,0,53.7267,"T3",,,0,"SampleValve Buffer",
0.022,344.97,0.022,0.27,0.022,0,0.022,1,0.022,0,54.7303,"T4",,,0,"Fractionation\Peak collection stopped",
0.029,344.9866,0.029,0.27,0.029,0,0.029,1,0.029,0,55.7305,"T5",,,0,"Pause Infinite min 10/18/2024 2:01:15 PM +08:00",
0.036,344.99,0.036,0.27,0.036,0,0.036,1,0.036,0,56.724,"T6",,,0,"Pause Infinite min 10/18/2024 2:01:16 PM +08:00",
0.043,345.0272,0.043,0.27,0.043,0,0.043,1,0.043,0,57.7276,"T7",,,0,"Flow Rate 5.0 {ml/min}",
0.05,345.03,0.05,0.27,0.05,0,0.05,1,0.05,0,58.7311,"T8",,,0,"Flow Rate 5.0 {ml/min}",
0.057,345.07,0.057,0.27,0.057,0,0.057,1,0.057,0,59.7313,"T9",,,0,"Flow Rate 1.0 {ml/min}",
0.064,345.0716,0.064,0.27,0.064,0,0.064,1,0.064,0,60.7282,"T10",,,0,"Continue 10/18/2024 2:01:54 PM +08:00",
0.071,345.1,0.071,0.27,0.071,0,0.071,1,0.071,0,61.7284,"T11",,,4.9967,"Pause Infinite min 10/18/2024 2:06:54 PM +08:00",
0.078,345.1071,0.078,0.27,0.078,0,0.078,1,0.078,-0.003528752,62.732,"T12",,,5,"Pause Infinite min 10/18/2024 2:06:54 PM +08:00",
0.085,345.14,0.085,0.27,0.085,0,0.085,1,0.085,-0.01,63.7322,"T13",,,5,"Continue 10/18/2024 2:07:40 PM +08:00",
0.092,345.1508,0.092,0.27,0.092,0,0.092,1,0.092,-0.01,64.0523,"Waste",,,5.0134,"WashValve Column",
0.099,345.17,0.099,0.27,0.099,0,0.099,1,0.099,-0.01,65.3991,"Waste",,,6.0001,"Pause Infinite min 10/18/2024 2:08:41 PM +08:00",
0.106,345.2025,0.106,0.27,0.106,0,0.106,1,0.106,-0.01,,,,,6.0168,"Pause Infinite min 10/18/2024 2:08:42 PM +08:00",
0.113,345.21,0.113,0.27,0.113,0,0.113,1,0.113,-0.01,,,,,6.0168,"InjectionMark",
0.12,345.2479,0.12,0.27,0.12,0,0.12,1,0.12,-0.01,,,,,6.0168,"Continue 10/18/2024 2:15:03 PM +08:00",
0.127,345.2505,0.127,0.27,0.127,0,0.127,1,0.127,-0.009548387,,,,,8.9135,"Flow Rate 5.0 {ml/min}",
0.134,345.29,0.134,0.27,0.134,0,0.134,1,0.134,0,,,,,36.4464,"Pause Infinite min 10/18/2024 2:23:28 PM +08:00",
0.141,345.2945,0.141,0.27,0.141,0,0.141,1,0.141,0,,,,,36.5131,"Pause Infinite min 10/18/2024 2:23:29 PM +08:00",
0.148,345.33,0.148,0.27,0.148,0,0.148,1,0.148,0,,,,,36.5131,"Continue 10/18/2024 2:35:42 PM +08:00",
0.155,345.343,0.155,0.27,0.155,0,0.155,1,0.155,0,,,,,45.6629,"Pause Infinite min 10/18/2024 2:37:32 PM +08:00",
0.162,345.38,0.162,0.27,0.162,0,0.162,1,0.162,0,,,,,45.6796,"Pause Infinite min 10/18/2024 2:37:32 PM +08:00",
0.169,345.3987,0.169,0.27,0.169,0,0.169,1,0.169,0,,,,,45.6796,"Continue 10/18/2024 2:38:15 PM +08:00",
0.176,345.42,0.176,0.27,0.176,0,0.176,1,0.176,0,,,,,51.4795,"Pause Infinite min 10/18/2024 2:39:25 PM +08:00",
0.183,345.4464,0.183,0.27,0.183,0,0.183,1,0.183,0,,,,,51.5128,"Pause Infinite min 10/18/2024 2:39:26 PM +08:00",
0.19,345.47,0.19,0.27,0.19,0,0.19,1,0.19,0,,,,,51.5128,"Continue 10/18/2024 2:50:10 PM +08:00",
0.197,345.5103,0.197,0.27,0.197,0,0.197,1,0.197,0,,,,,51.6962,"Flow Rate 1.0 {ml/min}",
0.204,345.5211,0.204,0.27,0.204,0,0.204,1,0.204,0,,,,,52.0062,"Pause Infinite min 10/18/2024 2:50:31 PM +08:00",
0.211,345.56,0.211,0.27,0.211,0,0.211,1,0.211,0,,,,,52.0096,"Pause Infinite min 10/18/2024 2:50:32 PM +08:00",
0.218,345.5663,0.218,0.27,0.218,0,0.218,1,0.218,0,,,,,52.0096,"Continue 10/18/2024 2:51:10 PM +08:00",
0.225,345.6,0.225,0.27,0.225,0,0.225,1,0.225,0,,,,,51.5429,"OutletValve Collection",
0.232,345.61,0.232,0.27,0.232,0,0.232,1,0.232,0,,,,,52.6997,"Fractionation 1.0 {ml}",
0.239,345.64,0.239,0.27,0.239,0,0.239,1,0.239,0,,,,,52.2297,"Delay volume collection started",
0.246,345.6684,0.246,0.27,0.246,0,0.246,1,0.246,0,,,,,52.7232,"Fractionation\Peak collection started",
0.253,345.69,0.253,0.27,0.253,0,0.253,1,0.253,0,,,,,64.0188,"Stop fractionation",
0.26,345.7078,0.26,0.27,0.26,0,0.26,1,0.26,0,,,,,64.2189,"WARNING 15: Instruction ignored,Outlet valve\Wash valve changes not allowed during fractionation",
0.267,345.7201,0.267,0.27,0.267,0,0.267,1,0.267,0,,,,,64.4389,"<ACK> Default WARNING 15: Instruction ignored,Outlet valve\Wash valve changes not allowed during fractionation has been acknowledged",
0.274,345.7509,0.274,0.27,0.274,0,0.274,1,0.274,0,,,,,64.0523,"OutletValve Waste",
0.281,345.7618,0.281,0.27,0.281,0,0.281,1,0.281,0,,,,,64.0523,"Fractionation\Peak collection stopped",
0.288,345.783,0.288,0.27,0.288,0,0.288,1,0.288,0,,,,,65.3858,"Pause Infinite min 10/18/2024 3:04:32 PM +08:00",
0.295,345.7939,0.295,0.27,0.295,0,0.295,1,0.295,0,,,,,65.3991,"Pause Infinite min 10/18/2024 3:04:34 PM +08:00",
0.302,345.82,0.302,0.27,0.302,0,0.302,1,0.302,0,,,,,65.3991,"BufferValve Buffer A",
0.309,345.8258,0.309,0.27,0.309,0,0.309,1,0.309,0,,,,,65.3991,"SampleValve Buffer",
0.316,345.85,0.316,0.27,0.316,0,0.316,1,0.316,0,,,,,65.3991,"WashValve Waste",
0.323,345.8656,0.323,0.27,0.323,0,0.323,1,0.323,0,,,,,65.3991,"OutletValve Waste",
0.33,345.89,0.33,0.27,0.33,0,0.33,1,0.33,0,,,,,65.3991,"End 10/18/2024 3:06:48 PM +08:00",
0.337,345.9097,0.337,0.27,0.337,0,0.337,1,0.337,0,,,,,,,
0.344,345.92,0.344,0.27,0.344,0,0.344,1,0.344,0,,,,,,,
0.351,345.9417,0.351,0.27,0.351,0,0.351,1,0.351,0,,,,,,,
0.358,345.95,0.358,0.27,0.358,0,0.358,1,0.358,0,,,,,,,
0.365,345.99,0.365,0.27,0.365,0,0.365,1,0.365,-0.01,,,,,,,
0.371,345.9946,0.371,0.27,0.371,0,0.371,1,0.371,-0.01,,,,,,,
0.378,346.02,0.378,0.27,0.378,0,0.378,1,0.378,-0.01,,,,,,,
0.385,346.0267,0.385,0.27,0.385,0,0.385,1,0.385,-0.01,,,,,,,
0.392,346.05,0.392,0.27,0.392,0,0.392,1,0.392,-0.01,,,,,,,
0.399,346.0585,0.399,0.27,0.399,0,0.399,1,0.399,-0.01,,,,,,,
0.406,346.08,0.406,0.27,0.406,0,0.406,1,0.406,-0.01,,,,,,,
0.413,346.0905,0.413,0.27,0.413,0,0.413,1,0.413,-0.01,,,,,,,
0.42,346.1,0.42,0.27,0.42,0,0.42,1,0.42,-0.01,,,,,,,
0.427,346.1123,0.427,0.27,0.427,0,0.427,1,0.427,-0.01,,,,,,,
0.434,346.12,0.434,0.27,0.434,0,0.434,1,0.434,-0.01,,,,,,,
0.441,346.14,0.441,0.27,0.441,0,0.441,1,0.441,-0.01,,,,,,,
0.448,346.1453,0.448,0.27,0.448,0,0.448,1,0.448,-0.01,,,,,,,
0.455,346.16,0.455,0.27,0.455,0,0.455,1,0.455,-0.01,,,,,,,
0.462,346.1674,0.462,0.27,0.462,0,0.462,1,0.462,-0.01,,,,,,,
0.469,346.18,0.469,0.27,0.469,0,0.469,1,0.469,-0.01,,,,,,,
0.476,346.1892,0.476,0.27,0.476,0,0.476,1,0.476,-0.01,,,,,,,
0.483,346.2,0.483,0.27,0.483,0,0.483,1,0.483,-0.01,,,,,,,
0.49,346.21,0.49,0.27,0.49,0,0.49,1,0.49,-0.01,,,,,,,
0.497,346.21,0.497,0.27,0.497,0,0.497,1,0.497,-0.01,,,,,,,
0.504,346.2232,0.504,0.27,0.504,0,0.504,1,0.504,-0.01,,,,,,,
0.511,346.23,0.511,0.27,0.511,0,0.511,1,0.511,-0.01,,,,,,,
0.518,346.23,0.518,0.27,0.518,0,0.518,1,0.518,-0.01,,,,,,,
0.525,346.23,0.525,0.27,0.525,0,0.525,1,0.525,-0.01,,,,,,,
0.532,346.24,0.532,0.27,0.532,0,0.532,1,0.532,-0.01,,,,,,,
0.539,346.2481,0.539,0.27,0.539,0,0.539,1,0.539,-0.01,,,,,,,
0.546,346.26,0.546,0.27,0.546,0,0.546,1,0.546,-0.01,,,,,,,
0.553,346.26,0.553,0.27,0.553,0,0.553,1,0.553,-0.01,,,,,,,
0.56,346.26,0.56,0.27,0.56,0,0.56,1,0.56,-0.01,,,,,,,
0.567,346.27,0.567,0.27,0.567,0,0.567,1,0.567,-0.01,,,,,,,
0.574,346.27,0.574,0.2730445,0.574,0,0.574,1,0.574,-0.01,,,,,,,
0.581,346.274,0.581,0.28,0.581,0,0.581,1,0.581,0,,,,,,,
0.588,346.28,0.588,0.274914,0.588,0,0.588,1,0.588,0,,,,,,,
0.595,346.2859,0.595,0.28,0.595,0,0.595,1,0.595,0,,,,,,,
0.602,346.29,0.602,0.28,0.602,0,0.602,1,0.602,0,,,,,,,
0.609,346.29,0.609,0.28,0.609,0,0.609,1,0.609,0,,,,,,,
0.616,346.29,0.616,0.28,0.616,0,0.616,1,0.616,0,,,,,,,
0.623,346.3,0.623,0.28,0.623,0,0.623,1,0.623,0,,,,,,,
0.63,346.3008,0.63,0.28,0.63,0,0.63,1,0.63,0,,,,,,,
0.637,346.31,0.637,0.28,0.637,0,0.637,1,0.637,0,,,,,,,
0.644,346.31,0.644,0.28,0.644,0,0.644,1,0.644,0,,,,,,,
0.651,346.31,0.651,0.28,0.651,0,0.651,1,0.651,0,,,,,,,
0.658,346.3147,0.658,0.28,0.658,0,0.658,1,0.658,0,,,,,,,
0.665,346.32,0.665,0.28,0.665,0,0.665,1,0.665,-0.01,,,,,,,
0.672,346.32,0.672,0.28,0.672,0,0.672,1,0.672,-0.01,,,,,,,
0.679,346.32,0.679,0.28,0.679,0,0.679,1,0.679,-0.01,,,,,,,
0.686,346.33,0.686,0.28,0.686,0,0.686,1,0.686,-0.01,,,,,,,
0.693,346.33,0.693,0.28,0.693,0,0.693,1,0.693,-0.01,,,,,,,
0.7,346.33,0.7,0.28,0.7,0,0.7,1,0.7,0,,,,,,,
0.707,346.3416,0.707,0.28,0.707,0,0.707,1,0.707,0,,,,,,,
0.714,346.35,0.714,0.28,0.714,0,0.714,1,0.714,0,,,,,,,
0.721,346.35,0.721,0.28,0.721,0,0.721,1,0.721,0,,,,,,,
0.728,346.36,0.728,0.28,0.728,0,0.728,1,0.728,0,,,,,,,
0.735,346.3655,0.735,0.28,0.735,0,0.735,1,0.735,0,,,,,,,
0.742,346.37,0.742,0.28,0.742,0,0.742,1,0.742,0,,,,,,,
0.749,346.38,0.749,0.28,0.749,0,0.749,1,0.749,0,,,,,,,
0.756,346.38,0.756,0.28,0.756,0,0.756,1,0.756,0,,,,,,,
0.763,346.3896,0.763,0.28,0.763,0,0.763,1,0.763,0,,,,,,,
0.77,346.3905,0.77,0.28,0.77,0,0.77,1,0.77,0,,,,,,,
0.777,346.41,0.777,0.28,0.777,0,0.777,1,0.777,0.001349516,,,,,,,
0.784,346.4125,0.784,0.28,0.784,0,0.784,1,0.784,0.01,,,,,,,
0.791,346.42,0.791,0.28,0.791,0,0.791,1,0.791,0.01,,,,,,,
0.798,346.42,0.798,0.28,0.798,0,0.798,1,0.798,0.01,,,,,,,
0.805,346.42,0.805,0.28,0.805,0,0.805,1,0.805,0.01,,,,,,,
0.812,346.43,0.812,0.28,0.812,0,0.812,1,0.812,0.01,,,,,,,
0.819,346.43,0.819,0.28,0.819,0,0.819,1,0.819,0.01,,,,,,,
0.826,346.4382,0.826,0.27,0.826,0,0.826,1,0.826,0.01,,,,,,,
0.833,346.44,0.833,0.27,0.833,0,0.833,1,0.833,0,,,,,,,
0.84,346.45,0.84,0.27,0.84,0,0.84,1,0.84,0,,,,,,,
0.847,346.45,0.847,0.27,0.847,0,0.847,1,0.847,0,,,,,,,
0.854,346.46,0.854,0.27,0.854,0,0.854,1,0.854,0,,,,,,,
0.861,346.4632,0.861,0.27,0.861,0,0.861,1,0.861,0,,,,,,,
0.868,346.47,0.868,0.27,0.868,0,0.868,1,0.868,0,,,,,,,
0.875,346.475,0.875,0.27,0.875,0,0.875,1,0.875,0,,,,,,,
0.882,346.48,0.882,0.27,0.882,0,0.882,1,0.882,0.01,,,,,,,
0.889,346.49,0.889,0.27,0.889,0,0.889,1,0.889,0.01,,,,,,,
0.896,346.49,0.896,0.27,0.896,0,0.896,1,0.896,0.002018786,,,,,,,
0.903,346.4989,0.903,0.27,0.903,0,0.903,1,0.903,0,,,,,,,
0.91,346.5001,0.91,0.27,0.91,0,0.91,1,0.91,0,,,,,,,
0.917,346.51,0.917,0.27,0.917,0,0.917,1,0.917,0,,,,,,,
0.924,346.5118,0.924,0.27,0.924,0,0.924,1,0.924,0,,,,,,,
0.931,346.53,0.931,0.27,0.931,0,0.931,1,0.931,0,,,,,,,
0.938,346.53,0.938,0.27,0.938,0,0.938,1,0.938,0,,,,,,,
0.945,346.53,0.945,0.27,0.945,0,0.945,1,0.945,0,,,,,,,
0.952,346.53,0.952,0.27,0.952,0,0.952,1,0.952,0,,,,,,,
0.959,346.53,0.959,0.27,0.959,0,0.959,1,0.959,0,,,,,,,
0.966,346.5478,0.966,0.27,0.966,0,0.966,1,0.966,0,,,,,,,
0.973,346.55,0.973,0.27,0.973,0,0.973,1,0.973,0,,,,,,,
0.98,346.55,0.98,0.27,0.98,0,0.98,1,0.98,0,,,,,,,
0.987,346.55,0.987,0.27,0.987,0,0.987,1,0.987,0,,,,,,,
0.994,346.54,0.994,0.27,0.994,0,0.994,1,0.994,0.001642826,,,,,,,
1.001,346.5428,1.001,0.27,1.001,0,1.001,1,1.001,0.01,,,,,,,
1.008,346.55,1.008,0.27,1.008,0,1.008,1,1.008,0.01,,,,,,,
1.015,346.5546,1.015,0.27,1.015,0,1.015,1,1.015,0.01,,,,,,,
1.022,346.57,1.022,0.27,1.022,0,1.022,1,1.022,0.01,,,,,,,
1.029,346.57,1.029,0.27,1.029,0,1.029,1,1.029,0.003304436,,,,,,,
1.036,346.57,1.036,0.27,1.036,0,1.036,1,1.036,0,,,,,,,
1.043,346.5785,1.043,0.27,1.043,0,1.043,1,1.043,0,,,,,,,
1.05,346.59,1.05,0.27,1.05,0,1.05,1,1.05,0,,,,,,,
1.057,346.6,1.057,0.27,1.057,0,1.057,1,1.057,0,,,,,,,
1.064,346.6014,1.064,0.27,1.064,0,1.064,1,1.064,0,,,,,,,
1.071,346.61,1.071,0.27,1.071,0,1.071,1,1.071,0,,,,,,,
1.078,346.6135,1.078,0.27,1.078,0,1.078,1,1.078,0,,,,,,,
1.085,346.64,1.085,0.27,1.085,0,1.085,1,1.085,0,,,,,,,
1.092,346.6454,1.092,0.27,1.092,0,1.092,1,1.092,0,,,,,,,
1.099,346.66,1.099,0.27,1.099,0,1.099,1,1.099,0,,,,,,,
1.106,346.6674,1.106,0.27,1.106,0,1.106,1,1.106,0,,,,,,,
1.113,346.68,1.113,0.27,1.113,0,1.113,1,1.113,0,,,,,,,
1.12,346.6989,1.12,0.27,1.12,0,1.12,1,1.12,0,,,,,,,
1.127,346.7,1.127,0.27,1.127,0,1.127,1,1.127,0,,,,,,,
1.134,346.7112,1.134,0.27,1.134,0,1.134,1,1.134,0,,,,,,,
1.141,346.72,1.141,0.27,1.141,0,1.141,1,1.141,0,,,,,,,
1.148,346.73,1.148,0.27,1.148,0,1.148,1,1.148,0,,,,,,,
1.155,346.7384,1.155,0.27,1.155,0,1.155,1,1.155,0,,,,,,,
1.162,346.77,1.162,0.27,1.162,0,1.162,1,1.162,0,,,,,,,
1.169,346.7763,1.169,0.27,1.169,0,1.169,1,1.169,0,,,,,,,
1.176,346.79,1.176,0.27,1.176,0,1.176,1,1.176,0,,,,,,,
1.183,346.7981,1.183,0.27,1.183,0,1.183,1,1.183,0,,,,,,,
1.19,346.81,1.19,0.27,1.19,0,1.19,1,1.19,0,,,,,,,
1.197,346.8202,1.197,0.27,1.197,0,1.197,1,1.197,0,,,,,,,
1.204,346.83,1.204,0.27,1.204,0,1.204,1,1.204,0,,,,,,,
1.211,346.8522,1.211,0.27,1.211,0,1.211,1,1.211,0,,,,,,,
1.218,346.86,1.218,0.27,1.218,0,1.218,1,1.218,0,,,,,,,
1.225,346.874,1.225,0.27,1.225,0,1.225,1,1.225,0,,,,,,,
1.232,346.88,1.232,0.27,1.232,0,1.232,1,1.232,0,,,,,,,
1.239,346.89,1.239,0.27,1.239,0,1.239,1,1.239,0,,,,,,,
1.246,346.897,1.246,0.27,1.246,0,1.246,1,1.246,0,,,,,,,
1.253,346.92,1.253,0.27,1.253,0,1.253,1,1.253,0,,,,,,,
1.26,346.92,1.26,0.27,1.26,0,1.26,1,1.26,0,,,,,,,
1.267,346.93,1.267,0.27,1.267,0,1.267,1,1.267,0,,,,,,,
1.274,346.94,1.274,0.27,1.274,0,1.274,1,1.274,0,,,,,,,
1.281,346.94,1.281,0.27,1.281,0,1.281,1,1.281,0,,,,,,,
1.288,346.94,1.288,0.27,1.288,0,1.288,1,1.288,0,,,,,,,
1.295,346.94,1.295,0.27,1.295,0,1.295,1,1.295,0,,,,,,,
1.302,346.94,1.302,0.27,1.302,0,1.302,1,1.302,0,,,,,,,
1.309,346.94,1.309,0.27,1.309,0,1.309,1,1.309,0,,,,,,,
1.316,346.94,1.316,0.27,1.316,0,1.316,1,1.316,0,,,,,,,
1.323,346.9478,1.323,0.27,1.323,0,1.323,1,1.323,0,,,,,,,
1.33,346.95,1.33,0.27,1.33,0,1.33,1,1.33,0,,,,,,,
1.337,346.95,1.337,0.27,1.337,0,1.337,1,1.337,0,,,,,,,
1.344,346.96,1.344,0.27,1.344,0,1.344,1,1.344,0,,,,,,,
1.351,346.9615,1.351,0.27,1.351,0,1.351,1,1.351,0,,,,,,,
1.358,346.97,1.358,0.27,1.358,0,1.358,1,1.358,0,,,,,,,
1.365,346.98,1.365,0.27,1.365,0,1.365,1,1.365,0,,,,,,,
1.372,346.98,1.372,0.27,1.372,0,1.372,1,1.372,0,,,,,,,
1.379,346.97,1.379,0.27,1.379,0,1.379,1,1.379,0.00553639,,,,,,,
1.386,346.97,1.386,0.27,1.386,0,1.386,1,1.386,0.01,,,,,,,
1.393,346.9875,1.393,0.27,1.393,0,1.393,1,1.393,0.01,,,,,,,
1.4,346.99,1.4,0.27,1.4,0,1.4,1,1.4,0.01,,,,,,,
1.407,347,1.407,0.27,1.407,0,1.407,1,1.407,0.01,,,,,,,
1.414,347.0105,1.414,0.27,1.414,0,1.414,1,1.414,0.01,,,,,,,
1.421,347.03,1.421,0.27,1.421,0,1.421,1,1.421,0.01,,,,,,,
1.428,347.0424,1.428,0.27,1.428,0,1.428,1,1.428,0.01,,,,,,,
1.434,347.05,1.434,0.27,1.434,0,1.434,1,1.434,0.01,,,,,,,
1.441,347.0643,1.441,0.27,1.441,0,1.441,1,1.441,0.01,,,,,,,
1.448,347.07,1.448,0.27,1.448,0,1.448,1,1.448,0.01,,,,,,,
1.455,347.0864,1.455,0.27,1.455,0,1.455,1,1.455,0.01,,,,,,,
1.462,347.09,1.462,0.27,1.462,0,1.462,1,1.462,0.002715318,,,,,,,
1.469,347.1182,1.469,0.27,1.469,0,1.469,1,1.469,0,,,,,,,
1.476,347.12,1.476,0.27,1.476,0,1.476,1,1.476,0,,,,,,,
1.483,347.16,1.483,0.27,1.483,0,1.483,1,1.483,0,,,,,,,
1.49,347.1723,1.49,0.27,1.49,0,1.49,1,1.49,0,,,,,,,
1.497,347.2,1.497,0.27,1.497,0,1.497,1,1.497,0,,,,,,,
1.504,347.2297,1.504,0.27,1.504,0,1.504,1,1.504,0,,,,,,,
1.511,347.26,1.511,0.27,1.511,0,1.511,1,1.511,0,,,,,,,
1.518,347.2954,1.518,0.27,1.518,0,1.518,1,1.518,0,,,,,,,
1.525,347.31,1.525,0.27,1.525,0,1.525,1,1.525,0,,,,,,,
1.532,347.3613,1.532,0.27,1.532,0,1.532,1,1.532,0,,,,,,,
1.539,347.37,1.539,0.27,1.539,0,1.539,1,1.539,0,,,,,,,
1.546,347.4375,1.546,0.27,1.546,0,1.546,1,1.546,0,,,,,,,
1.553,347.4403,1.553,0.27,1.553,0,1.553,1,1.553,0,,,,,,,
1.56,347.51,1.56,0.27,1.56,0,1.56,1,1.56,0,,,,,,,
1.567,347.5283,1.567,0.27,1.567,0,1.567,1,1.567,0,,,,,,,
1.574,347.59,1.574,0.27,1.574,0,1.574,1,1.574,0,,,,,,,
1.581,347.6296,1.581,0.27,1.581,0,1.581,1,1.581,0,,,,,,,
1.588,347.68,1.588,0.27,1.588,0,1.588,1,1.588,0,,,,,,,
1.595,347.746,1.595,0.27,1.595,0,1.595,1,1.595,0,,,,,,,
1.602,347.77,1.602,0.27,1.602,0,1.602,1,1.602,0,,,,,,,
1.609,347.8549,1.609,0.27,1.609,0,1.609,1,1.609,0,,,,,,,
1.616,347.87,1.616,0.27,1.616,0,1.616,1,1.616,0,,,,,,,
1.623,347.9693,1.623,0.27,1.623,0,1.623,1,1.623,0,,,,,,,
1.63,347.973,1.63,0.27,1.63,0,1.63,1,1.63,0,,,,,,,
1.637,348.05,1.637,0.27,1.637,0,1.637,1,1.637,0,,,,,,,
1.644,348.0726,1.644,0.27,1.644,0,1.644,1,1.644,0,,,,,,,
1.651,348.17,1.651,0.27,1.651,0,1.651,1,1.651,0,,,,,,,
1.658,348.2186,1.658,0.27,1.658,0,1.658,1,1.658,0,,,,,,,
1.665,348.29,1.665,0.27,1.665,0,1.665,1,1.665,0,,,,,,,
1.672,348.3701,1.672,0.27,1.672,0,1.672,1,1.672,0,,,,,,,
1.679,348.41,1.679,0.27,1.679,0,1.679,1,1.679,0.007649369,,,,,,,
1.686,348.5114,1.686,0.27,1.686,0,1.686,1,1.686,0.01,,,,,,,
1.693,348.52,1.693,0.27,1.693,0,1.693,1,1.693,0.01,,,,,,,
1.7,348.64,1.7,0.27,1.7,0,1.7,1,1.7,0.01,,,,,,,
1.707,348.6501,1.707,0.27,1.707,0,1.707,1,1.707,0.01,,,,,,,
1.714,348.77,1.714,0.27,1.714,0,1.714,1,1.714,0.01,,,,,,,
1.721,348.8017,1.721,0.27,1.721,0,1.721,1,1.721,0.01,,,,,,,
1.728,348.9,1.728,0.27,1.728,0,1.728,1,1.728,0.01,,,,,,,
1.735,348.9448,1.735,0.27,1.735,0,1.735,1,1.735,0.01,,,,,,,
1.742,349.03,1.742,0.27,1.742,0,1.742,1,1.742,0.01,,,,,,,
1.749,349.1171,1.749,0.27,1.749,0,1.749,1,1.749,0.01,,,,,,,
1.756,349.16,1.756,0.27,1.756,0,1.756,1,1.756,0.01,,,,,,,
1.763,349.2662,1.763,0.27,1.763,0,1.763,1,1.763,0.0005389394,,,,,,,
1.77,349.2914,1.77,0.27,1.77,0,1.77,1,1.77,0,,,,,,,
1.777,349.4,1.777,0.27,1.777,0,1.777,1,1.777,0,,,,,,,
1.784,349.4146,1.784,0.27,1.784,0,1.784,1,1.784,0,,,,,,,
1.791,349.51,1.791,0.27,1.791,0,1.791,1,1.791,0,,,,,,,
1.798,349.5363,1.798,0.27,1.798,0,1.798,1,1.798,0,,,,,,,
1.805,349.62,1.805,0.27,1.805,0,1.805,1,1.805,0,,,,,,,
1.812,349.664,1.812,0.27,1.812,0,1.812,1,1.812,0,,,,,,,
1.819,349.72,1.819,0.27,1.819,0,1.819,1,1.819,0,,,,,,,
1.826,349.7688,1.826,0.27,1.826,0,1.826,1,1.826,0,,,,,,,
1.833,349.82,1.833,0.27,1.833,0,1.833,1,1.833,0,,,,,,,
1.84,349.9003,1.84,0.27,1.84,0,1.84,1,1.84,0,,,,,,,
1.847,349.9231,1.847,0.27,1.847,0,1.847,1,1.847,0,,,,,,,
1.854,350.0022,1.854,0.27,1.854,0,1.854,1,1.854,0,,,,,,,
1.861,350.0194,1.861,0.27,1.861,0,1.861,1,1.861,0,,,,,,,
1.868,350.09,1.868,0.27,1.868,0,1.868,1,1.868,0,,,,,,,
1.875,350.1052,1.875,0.27,1.875,0,1.875,1,1.875,0,,,,,,,
1.882,350.16,1.882,0.27,1.882,0,1.882,1,1.882,0,,,,,,,
1.889,350.188,1.889,0.27,1.889,0,1.889,1,1.889,0,,,,,,,
1.896,350.23,1.896,0.27,1.896,0,1.896,1,1.896,0,,,,,,,
1.903,350.2663,1.903,0.27,1.903,0,1.903,1,1.903,0,,,,,,,
1.91,350.29,1.91,0.27,1.91,0,1.91,1,1.91,0,,,,,,,
1.917,350.3317,1.917,0.27,1.917,0,1.917,1,1.917,0,,,,,,,
1.924,350.35,1.924,0.27,1.924,0,1.924,1,1.924,0,,,,,,,
1.931,350.38,1.931,0.27,1.931,0,1.931,1,1.931,0,,,,,,,
1.938,350.3838,1.938,0.27,1.938,0,1.938,1,1.938,0,,,,,,,
1.945,350.42,1.945,0.27,1.945,0,1.945,1,1.945,0,,,,,,,
1.952,350.4259,1.952,0.27,1.952,0,1.952,1,1.952,0,,,,,,,
1.959,350.44,1.959,0.27,1.959,0,1.959,1,1.959,0,,,,,,,
1.966,350.4478,1.966,0.27,1.966,0,1.966,1,1.966,0,,,,,,,
1.973,350.47,1.973,0.27,1.973,0,1.973,1,1.973,0,,,,,,,
1.98,350.47,1.98,0.27,1.98,0,1.98,1,1.98,0,,,,,,,
1.987,350.48,1.987,0.27,1.987,0,1.987,1,1.987,0,,,,,,,
1.994,350.4918,1.994,0.27,1.994,0,1.994,1,1.994,0,,,,,,,
2.001,350.5,2.001,0.27,2.001,0,2.001,1,2.001,0,,,,,,,
2.008,350.51,2.008,0.27,2.008,0,2.008,1,2.008,0,,,,,,,
2.015,350.51,2.015,0.27,2.015,0,2.015,1,2.015,0,,,,,,,
2.022,350.51,2.022,0.27,2.022,0,2.022,1,2.022,0,,,,,,,
2.029,350.51,2.029,0.27,2.029,0,2.029,1,2.029,0,,,,,,,
2.036,350.52,2.036,0.27,2.036,0,2.036,1,2.036,0,,,,,,,
2.043,350.5114,2.043,0.27,2.043,0,2.043,1,2.043,0,,,,,,,
2.05,350.51,2.05,0.27,2.05,0,2.05,1,2.05,0,,,,,,,
2.057,350.5,2.057,0.27,2.057,0,2.057,1,2.057,0,,,,,,,
2.064,350.5,2.064,0.27,2.064,0,2.064,1,2.064,0,,,,,,,
2.071,350.5,2.071,0.27,2.071,0,2.071,1,2.071,0,,,,,,,
2.078,350.5,2.078,0.27,2.078,0,2.078,1,2.078,0,,,,,,,
2.085,350.5,2.085,0.27,2.085,0,2.085,1,2.085,0,,,,,,,
2.092,350.4945,2.092,0.27,2.092,0,2.092,1,2.092,0,,,,,,,
2.099,350.2489,2.099,0.27,2.099,0,2.099,1,2.099,0.01,,,,,,,
2.106,350.0876,2.106,0.27,2.106,0,2.106,1,2.106,0.01,,,,,,,
2.113,349.6753,2.113,0.27,2.113,0,2.113,1,2.113,0.01,,,,,,,
2.12,349.4822,2.12,0.27,2.12,0,2.12,1,2.12,0.01,,,,,,,
2.127,349.2,2.127,0.27,2.127,0,2.127,1,2.127,0.01,,,,,,,
2.134,348.8356,2.134,0.27,2.134,0,2.134,1,2.134,0.01,,,,,,,
2.141,348.44,2.141,0.27,2.141,0,2.141,1,2.141,0.01,,,,,,,
2.148,347.5457,2.148,0.27,2.148,0,2.148,1,2.148,0.01,,,,,,,
2.155,347.01,2.155,0.27,2.155,0,2.155,1,2.155,0.01,,,,,,,
2.162,345.2819,2.162,0.27,2.162,0,2.162,1,2.162,0.01,,,,,,,
2.169,344.92,2.169,0.27,2.169,0,2.169,1,2.169,0.01,,,,,,,
2.176,342.4537,2.176,0.27,2.176,0,2.176,1,2.176,0.01,,,,,,,
2.183,341.7699,2.183,0.27,2.183,0,2.183,1,2.183,0.01,,,,,,,
2.19,338.8988,2.19,0.27,2.19,0,2.19,1,2.19,0.01,,,,,,,
2.197,337.5316,2.197,0.27,2.197,0,2.197,1,2.197,0.01,,,,,,,
2.204,334.9,2.204,0.27,2.204,0,2.204,1,2.204,0.01,,,,,,,
2.211,332.7888,2.211,0.27,2.211,0,2.211,1,2.211,0.01,,,,,,,
2.218,330.35,2.218,0.27,2.218,0,2.218,1,2.218,0.01,,,,,,,
2.225,326.766,2.225,0.27,2.225,0,2.225,1,2.225,0.01,,,,,,,
2.232,325.25,2.232,0.27,2.232,0,2.232,1,2.232,0,,,,,,,
2.239,320.686,2.239,0.27,2.239,0,2.239,1,2.239,0,,,,,,,
2.246,319.55,2.246,0.27,2.246,0,2.246,1,2.246,0.007182895,,,,,,,
2.253,313.7219,2.253,0.27,2.253,0,2.253,1,2.253,0.01,,,,,,,
2.26,313.31,2.26,0.27,2.26,0,2.26,1,2.26,0.01,,,,,,,
2.267,306.53,2.267,0.27,2.267,0,2.267,1,2.267,0.01,,,,,,,
2.274,304.8319,2.274,0.27,2.274,0,2.274,1,2.274,0.01,,,,,,,
2.281,299.22,2.281,0.27,2.281,0,2.281,1,2.281,0.01,,,,,,,
2.288,295.0559,2.288,0.27,2.288,0,2.288,1,2.288,0.01,,,,,,,
2.295,291.37,2.295,0.27,2.295,0,2.295,1,2.295,0.01,,,,,,,
2.302,285.9181,2.302,0.28,2.302,0,2.302,1,2.302,0.01,,,,,,,
2.309,283.08,2.309,0.28,2.309,0,2.309,1,2.309,0.01,,,,,,,
2.316,276.1678,2.316,0.28,2.316,0,2.316,1,2.316,0.01,,,,,,,
2.323,274.95,2.323,0.2878734,2.323,0,2.323,1,2.323,0.01,,,,,,,
2.33,267.0878,2.33,0.29,2.33,0,2.33,1,2.33,0.01,,,,,,,
2.337,266.58,2.337,0.29,2.337,0,2.337,1,2.337,0.01,,,,,,,
2.344,257.51,2.344,0.29,2.344,0,2.344,1,2.344,0.01,,,,,,,
2.351,255.2674,2.351,0.3,2.351,0,2.351,1,2.351,0.01,,,,,,,
2.358,248.87,2.358,0.3,2.358,0,2.358,1,2.358,0.01,,,,,,,
2.365,244.6292,2.365,0.3,2.365,0,2.365,1,2.365,0,,,,,,,
2.372,240.9,2.372,0.3,2.372,0,2.372,1,2.372,0,,,,,,,
2.379,235.6262,2.379,0.3,2.379,0,2.379,1,2.379,0,,,,,,,
2.386,233.57,2.386,0.3,2.386,0,2.386,1,2.386,0,,,,,,,
2.393,227.6398,2.393,0.3,2.393,0,2.393,1,2.393,0,,,,,,,
2.4,226.88,2.4,0.3086087,2.4,0,2.4,1,2.4,0,,,,,,,
2.407,220.9016,2.407,0.31,2.407,0,2.407,1,2.407,0,,,,,,,
2.414,220.5899,2.414,0.31,2.414,0,2.414,1,2.414,0,,,,,,,
2.421,215.36,2.421,0.31,2.421,0,2.421,1,2.421,0,,,,,,,
2.428,214.4855,2.428,0.31,2.428,0,2.428,1,2.428,0,,,,,,,
2.435,210.5,2.435,0.31,2.435,0,2.435,1,2.435,0,,,,,,,
2.442,208.4564,2.442,0.31,2.442,0,2.442,1,2.442,0,,,,,,,
2.449,206.21,2.449,0.3155316,2.449,0,2.449,1,2.449,0,,,,,,,
2.456,203.6979,2.456,0.32,2.456,0,2.456,1,2.456,0,,,,,,,
2.463,202.49,2.463,0.32,2.463,0,2.463,1,2.463,0,,,,,,,
2.47,199.6448,2.47,0.32,2.47,0,2.47,1,2.47,0,,,,,,,
2.477,199.32,2.477,0.32,2.477,0,2.477,1,2.477,0,,,,,,,
2.484,196.68,2.484,0.32,2.484,0,2.484,1,2.484,0.01,,,,,,,
2.491,196.5301,2.491,0.32,2.491,0,2.491,1,2.491,0.01,,,,,,,
2.498,194.57,2.498,0.32,2.498,0,2.498,1,2.498,0,,,,,,,
2.504,194.1869,2.504,0.33,2.504,0,2.504,1,2.504,0,,,,,,,
2.511,192.97,2.511,0.33,2.511,0,2.511,1,2.511,0.004309249,,,,,,,
2.518,192.5427,2.518,0.33,2.518,0,2.518,1,2.518,0.01,,,,,,,
2.525,191.8,2.525,0.33,2.525,0,2.525,1,2.525,0.01,,,,,,,
2.532,191.1442,2.532,0.33,2.532,0,2.532,1,2.532,0.01,,,,,,,
2.539,190.84,2.539,0.33,2.539,0,2.539,1,2.539,0.01,,,,,,,
2.546,190.3947,2.546,0.33,2.546,0,2.546,1,2.546,0.01,,,,,,,
2.553,190.34,2.553,0.3302515,2.553,0,2.553,1,2.553,0.01,,,,,,,
2.56,190.34,2.56,0.34,2.56,0,2.56,1,2.56,0.01,,,,,,,
2.567,190.3423,2.567,0.34,2.567,0,2.567,1,2.567,0.01,,,,,,,
2.574,190.35,2.574,0.34,2.574,0,2.574,1,2.574,0.01,,,,,,,
2.581,190.3541,2.581,0.34,2.581,0,2.581,1,2.581,0.01,,,,,,,
2.588,190.36,2.588,0.34,2.588,0,2.588,1,2.588,0.01,,,,,,,
2.595,190.36,2.595,0.34,2.595,0,2.595,1,2.595,0.01,,,,,,,
2.602,190.36,2.602,0.34,2.602,0,2.602,1,2.602,0.01,,,,,,,
2.609,190.36,2.609,0.34,2.609,0,2.609,1,2.609,0.01,,,,,,,
2.616,190.35,2.616,0.34,2.616,0,2.616,1,2.616,0,,,,,,,
2.623,190.3399,2.623,0.35,2.623,0,2.623,1,2.623,0,,,,,,,
2.63,190.33,2.63,0.35,2.63,0,2.63,1,2.63,0,,,,,,,
2.637,190.32,2.637,0.35,2.637,0,2.637,1,2.637,0,,,,,,,
2.644,190.32,2.644,0.35,2.644,0,2.644,1,2.644,0.003023121,,,,,,,
2.651,190.31,2.651,0.35,2.651,0,2.651,1,2.651,0.01,,,,,,,
2.658,190.31,2.658,0.35,2.658,0,2.658,1,2.658,0.01,,,,,,,
2.665,190.3,2.665,0.35,2.665,0,2.665,1,2.665,0,,,,,,,
2.672,190.293,2.672,0.35,2.672,0,2.672,1,2.672,0,,,,,,,
2.679,190.27,2.679,0.35,2.679,0,2.679,1,2.679,0.0080757,,,,,,,
2.686,190.27,2.686,0.36,2.686,0,2.686,1,2.686,0.01,,,,,,,
2.693,190.26,2.693,0.36,2.693,0,2.693,1,2.693,0.01,,,,,,,
2.7,190.249,2.7,0.36,2.7,0,2.7,1,2.7,0,,,,,,,
2.707,190.2381,2.707,0.36,2.707,0,2.707,1,2.707,0,,,,,,,
2.714,190.22,2.714,0.36,2.714,0,2.714,1,2.714,0,,,,,,,
2.721,190.2161,2.721,0.36,2.721,0,2.721,1,2.721,0,,,,,,,
2.728,190.19,2.728,0.36,2.728,0,2.728,1,2.728,0,,,,,,,
2.735,190.1842,2.735,0.36,2.735,0,2.735,1,2.735,0,,,,,,,
2.742,190.16,2.742,0.36,2.742,0,2.742,1,2.742,0,,,,,,,
2.749,190.16,2.749,0.36,2.749,0,2.749,1,2.749,0.01,,,,,,,
2.756,190.16,2.756,0.36,2.756,0,2.756,1,2.756,0.01,,,,,,,
2.763,190.1407,2.763,0.37,2.763,0,2.763,1,2.763,0.01,,,,,,,
2.77,190.13,2.77,0.37,2.77,0,2.77,1,2.77,0.01,,,,,,,
2.777,190.12,2.777,0.37,2.777,0,2.777,1,2.777,0.01,,,,,,,
2.784,190.12,2.784,0.37,2.784,0,2.784,1,2.784,0.01,,,,,,,
2.791,190.11,2.791,0.37,2.791,0,2.791,1,2.791,0.01,,,,,,,
2.798,190.1053,2.798,0.37,2.798,0,2.798,1,2.798,0.01,,,,,,,
2.805,190.0844,2.805,0.37,2.805,0,2.805,1,2.805,0.01,,,,,,,
2.812,190.08,2.812,0.37,2.812,0,2.812,1,2.812,0.00341094,,,,,,,
2.819,190.07,2.819,0.37,2.819,0,2.819,1,2.819,0,,,,,,,
2.826,190.0614,2.826,0.37,2.826,0,2.826,1,2.826,0,,,,,,,
2.833,190.05,2.833,0.37,2.833,0,2.833,1,2.833,0.01,,,,,,,
2.84,190.0494,2.84,0.37,2.84,0,2.84,1,2.84,0.01,,,,,,,
2.847,190.04,2.847,0.37154,2.847,0,2.847,1,2.847,0,,,,,,,
2.854,190.0276,2.854,0.38,2.854,0,2.854,1,2.854,0,,,,,,,
2.861,190.02,2.861,0.38,2.861,0,2.861,1,2.861,0,,,,,,,
2.868,189.9955,2.868,0.38,2.868,0,2.868,1,2.868,0,,,,,,,
2.875,189.99,2.875,0.38,2.875,0,2.875,1,2.875,0,,,,,,,
2.882,189.97,2.882,0.38,2.882,0,2.882,1,2.882,0,,,,,,,
2.889,189.97,2.889,0.38,2.889,0,2.889,1,2.889,0,,,,,,,
2.896,189.9516,2.896,0.38,2.896,0,2.896,1,2.896,0,,,,,,,
2.903,189.95,2.903,0.38,2.903,0,2.903,2.546228,2.903,0,,,,,,,
2.91,189.95,2.91,0.38,2.91,0,2.91,4.22129,2.91,0,,,,,,,
2.917,189.9477,2.917,0.38,2.917,0,2.917,5,2.917,0,,,,,,,
2.924,189.9435,2.924,0.38,2.924,0,2.924,5,2.924,0,,,,,,,
2.931,189.9393,2.931,0.38,2.931,0,2.931,5,2.931,0,,,,,,,
2.938,189.9351,2.938,0.38,2.938,0,2.938,5,2.938,0,,,,,,,
2.945,189.9309,2.945,0.38,2.945,0,2.945,5,2.945,0,,,,,,,
2.952,189.93,2.952,0.38,2.952,0,2.952,5,2.952,0,,,,,,,
2.959,189.93,2.959,0.38,2.959,0,2.959,5,2.959,0,,,,,,,
2.966,189.93,2.966,0.38,2.966,0,2.966,5,2.966,0.001624634,,,,,,,
2.973,189.93,2.973,0.38,2.973,0,2.973,5,2.973,0.005837307,,,,,,,
2.98,189.9299,2.98,0.38,2.98,0,2.98,5,2.98,0.01,,,,,,,
2.987,189.9258,2.987,0.38,2.987,0,2.987,5,2.987,0.01,,,,,,,
2.994,189.9216,2.994,0.38,2.994,0,2.994,5,2.994,0.01,,,,,,,
3.001,189.9174,3.001,0.38,3.001,0,3.001,5,3.001,0.01,,,,,,,
3.008,189.9132,3.008,0.38,3.008,0,3.008,5,3.008,0.01,,,,,,,
3.015,189.91,3.015,0.38,3.015,0,3.015,5,3.015,0.01,,,,,,,
3.022,189.91,3.022,0.38,3.022,0,3.022,5,3.022,0.01,,,,,,,
3.029,189.91,3.029,0.38,3.029,0,3.029,5,3.029,0.01,,,,,,,
3.036,189.91,3.036,0.38,3.036,0,3.036,5,3.036,0.01,,,,,,,
3.043,189.91,3.043,0.38,3.043,0,3.043,5,3.043,0.01,,,,,,,
3.05,189.91,3.05,0.38,3.05,0,3.05,5,3.05,0.01,,,,,,,
3.057,189.91,3.057,0.38,3.057,0,3.057,5,3.057,0.01,,,,,,,
3.064,189.9096,3.064,0.38,3.064,0,3.064,5,3.064,0.01,,,,,,,
3.071,189.9054,3.071,0.38,3.071,0,3.071,5,3.071,0.01,,,,,,,
3.078,189.9012,3.078,0.38,3.078,0,3.078,5,3.078,0.01,,,,,,,
3.085,189.9,3.085,0.38,3.085,0,3.085,5,3.085,0.01,,,,,,,
3.092,189.9,3.092,0.38,3.092,0,3.092,5,3.092,0.01,,,,,,,
3.099,189.9,3.099,0.38,3.099,0,3.099,5,3.099,0.01,,,,,,,
3.106,189.9,3.106,0.38,3.106,0,3.106,5,3.106,0.01,,,,,,,
3.113,189.9,3.113,0.38,3.113,0,3.113,5,3.113,0.01,,,,,,,
3.12,189.896,3.12,0.38,3.12,0,3.12,5,3.12,0.01,,,,,,,
3.127,189.8918,3.127,0.38,3.127,0,3.127,5,3.127,0.01,,,,,,,
3.134,189.89,3.134,0.38,3.134,0,3.134,5,3.134,0.01471818,,,,,,,
3.141,189.89,3.141,0.38,3.141,0,3.141,5,3.141,0.02309348,,,,,,,
3.148,189.89,3.148,0.38,3.148,0,3.148,5,3.148,0.03,,,,,,,
3.155,189.89,3.155,0.38,3.155,0,3.155,5,3.155,0.03,,,,,,,
3.162,189.89,3.162,0.38,3.162,0,3.162,5,3.162,0.03,,,,,,,
3.169,189.89,3.169,0.38,3.169,0,3.169,5,3.169,0.03,,,,,,,
3.176,189.89,3.176,0.38,3.176,0,3.176,5,3.176,0.03,,,,,,,
3.183,189.8883,3.183,0.38,3.183,0,3.183,5,3.183,0.03,,,,,,,
3.19,189.8841,3.19,0.38,3.19,0,3.19,5,3.19,0.03,,,,,,,
3.197,189.8799,3.197,0.38,3.197,0,3.197,5,3.197,0.03,,,,,,,
3.204,189.8757,3.204,0.38,3.204,0,3.204,5,3.204,0.03,,,,,,,
3.211,189.8715,3.211,0.38,3.211,0,3.211,5,3.211,0.03,,,,,,,
3.218,189.87,3.218,0.38,3.218,0,3.218,5,3.218,0.03,,,,,,,
3.225,189.87,3.225,0.38,3.225,0,3.225,5,3.225,0.03,,,,,,,
3.232,189.87,3.232,0.38,3.232,0,3.232,5,3.232,0.03,,,,,,,
3.239,189.87,3.239,0.38,3.239,0,3.239,5,3.239,0.03,,,,,,,
3.246,189.87,3.246,0.38,3.246,0,3.246,5,3.246,0.03,,,,,,,
3.253,189.8663,3.253,0.38,3.253,0,3.253,5,3.253,0.03,,,,,,,
3.26,189.8621,3.26,0.38,3.26,0,3.26,5,3.26,0.03,,,,,,,
3.267,189.86,3.267,0.38,3.267,0,3.267,5,3.267,0.03,,,,,,,
3.274,189.86,3.274,0.38,3.274,0,3.274,5,3.274,0.03,,,,,,,
3.281,189.86,3.281,0.38,3.281,0,3.281,5,3.281,0.03,,,,,,,
3.288,189.86,3.288,0.38,3.288,0,3.288,5,3.288,0.03,,,,,,,
3.295,189.86,3.295,0.38,3.295,0,3.295,5,3.295,0.03,,,,,,,
3.302,189.857,3.302,0.38,3.302,0,3.302,5,3.302,0.03304323,,,,,,,
3.309,189.8528,3.309,0.38,3.309,0,3.309,5,3.309,0.03723088,,,,,,,
3.316,189.85,3.316,0.38,3.316,0,3.316,5,3.316,0.04,,,,,,,
3.323,189.85,3.323,0.38,3.323,0,3.323,5,3.323,0.04,,,,,,,
3.33,189.85,3.33,0.38,3.33,0,3.33,5,3.33,0.04,,,,,,,
3.337,189.85,3.337,0.38,3.337,0,3.337,5,3.337,0.04,,,,,,,
3.344,189.85,3.344,0.38,3.344,0,3.344,5,3.344,0.04,,,,,,,
3.351,189.85,3.351,0.38,3.351,0,3.351,5,3.351,0.04,,,,,,,
3.358,189.85,3.358,0.38,3.358,0,3.358,5,3.358,0.04,,,,,,,
3.365,189.8492,3.365,0.3792026,3.365,0,3.365,5,3.365,0.04,,,,,,,
3.372,189.845,3.372,0.3749897,3.372,0,3.372,5,3.372,0.04,,,,,,,
3.379,189.8408,3.379,0.3707767,3.379,0,3.379,5,3.379,0.04,,,,,,,
3.386,189.8366,3.386,0.37,3.386,0,3.386,5,3.386,0.04,,,,,,,
3.393,189.8324,3.393,0.37,3.393,0,3.393,5,3.393,0.04,,,,,,,
3.4,189.83,3.4,0.37,3.4,0,3.4,5,3.4,0.04,,,,,,,
3.407,189.83,3.407,0.37,3.407,0,3.407,5,3.407,0.04,,,,,,,
3.414,189.83,3.414,0.3701678,3.414,0,3.414,5,3.414,0.04,,,,,,,
3.421,189.83,3.421,0.3743804,3.421,0,3.421,5,3.421,0.04,,,,,,,
3.428,189.83,3.428,0.3785931,3.428,0,3.428,5,3.428,0.04,,,,,,,
3.435,189.8272,3.435,0.3772109,3.435,0,3.435,5,3.435,0.04,,,,,,,
3.442,189.823,3.442,0.3730232,3.442,0,3.442,5,3.442,0.04,,,,,,,
3.449,189.82,3.449,0.37,3.449,0,3.449,5,3.449,0.04,,,,,,,
3.456,189.82,3.456,0.37,3.456,0,3.456,5,3.456,0.04,,,,,,,
3.463,189.82,3.463,0.37,3.463,0,3.463,5,3.463,0.04,,,,,,,
3.47,189.82,3.47,0.37,3.47,0,3.47,5,3.47,0.04,,,,,,,
3.477,189.82,3.477,0.37,3.477,0,3.477,5,3.477,0.04,,,,,,,
3.484,189.82,3.484,0.37,3.484,0,3.484,5,3.484,0.04,,,,,,,
3.491,189.82,3.491,0.37,3.491,0,3.491,5,3.491,0.04,,,,,,,
3.498,189.82,3.498,0.37,3.498,0,3.498,5,3.498,0.04,,,,,,,
3.505,189.82,3.505,0.37,3.505,0,3.505,5,3.505,0.04,,,,,,,
3.512,189.82,3.512,0.37,3.512,0,3.512,5,3.512,0.04,,,,,,,
3.519,189.82,3.519,0.37,3.519,0,3.519,5,3.519,0.04,,,,,,,
3.526,189.82,3.526,0.37,3.526,0,3.526,5,3.526,0.04,,,,,,,
3.533,189.82,3.533,0.37,3.533,0,3.533,5,3.533,0.04,,,,,,,
3.54,189.82,3.54,0.37,3.54,0,3.54,5,3.54,0.04,,,,,,,
3.547,189.82,3.547,0.37,3.547,0,3.547,5,3.547,0.04,,,,,,,
3.554,189.82,3.554,0.37,3.554,0,3.554,5,3.554,0.04,,,,,,,
3.561,189.82,3.561,0.37,3.561,0,3.561,5,3.561,0.04,,,,,,,
3.568,189.8175,3.568,0.37,3.568,0,3.568,5,3.568,0.04,,,,,,,
3.575,189.8133,3.575,0.37,3.575,0,3.575,5,3.575,0.04,,,,,,,
3.582,189.81,3.582,0.37,3.582,0,3.582,5,3.582,0.04,,,,,,,
3.588,189.81,3.588,0.37,3.588,0,3.588,5,3.588,0.04,,,,,,,
3.595,189.81,3.595,0.37,3.595,0,3.595,5,3.595,0.04,,,,,,,
3.602,189.81,3.602,0.37,3.602,0,3.602,5,3.602,0.04,,,,,,,
3.609,189.81,3.609,0.37,3.609,0,3.609,5,3.609,0.04,,,,,,,
3.616,189.81,3.616,0.37,3.616,0,3.616,5,3.616,0.04,,,,,,,
3.623,189.81,3.623,0.37,3.623,0,3.623,5,3.623,0.04,,,,,,,
3.63,189.81,3.63,0.37,3.63,0,3.63,5,3.63,0.04,,,,,,,
3.637,189.81,3.637,0.37,3.637,0,3.637,5,3.637,0.04,,,,,,,
3.644,189.81,3.644,0.37,3.644,0,3.644,5,3.644,0.04,,,,,,,
3.651,189.81,3.651,0.37,3.651,0,3.651,5,3.651,0.04,,,,,,,
3.658,189.81,3.658,0.37,3.658,0,3.658,5,3.658,0.04,,,,,,,
3.665,189.81,3.665,0.3687695,3.665,0,3.665,5,3.665,0.04,,,,,,,
3.672,189.81,3.672,0.3645568,3.672,0,3.672,5,3.672,0.04,,,,,,,
3.679,189.81,3.679,0.3603441,3.679,0,3.679,5,3.679,0.04,,,,,,,
3.686,189.81,3.686,0.36,3.686,0,3.686,5,3.686,0.04,,,,,,,
3.693,189.81,3.693,0.36,3.693,0,3.693,5,3.693,0.04,,,,,,,
3.7,189.8122,3.7,0.36,3.7,0,3.7,5,3.7,0.04,,,,,,,
3.707,189.8165,3.707,0.36,3.707,0,3.707,5,3.707,0.04,,,,,,,
3.714,189.82,3.714,0.36,3.714,0,3.714,5,3.714,0.04,,,,,,,
3.721,189.82,3.721,0.36,3.721,0,3.721,5,3.721,0.04,,,,,,,
3.728,189.82,3.728,0.36,3.728,0,3.728,5,3.728,0.04,,,,,,,
3.735,189.82,3.735,0.36,3.735,0,3.735,5,3.735,0.04,,,,,,,
3.742,189.82,3.742,0.36,3.742,0,3.742,5,3.742,0.04,,,,,,,
3.749,189.8184,3.749,0.36,3.749,0,3.749,5,3.749,0.04,,,,,,,
3.756,189.8142,3.756,0.36,3.756,0,3.756,5,3.756,0.04,,,,,,,
3.763,189.81,3.763,0.36,3.763,0,3.763,5,3.763,0.04,,,,,,,
3.77,189.81,3.77,0.36,3.77,0,3.77,5,3.77,0.04,,,,,,,
3.777,189.81,3.777,0.36,3.777,0,3.777,5,3.777,0.04,,,,,,,
3.784,189.81,3.784,0.36,3.784,0,3.784,5,3.784,0.04,,,,,,,
3.791,189.81,3.791,0.36,3.791,0,3.791,5,3.791,0.04,,,,,,,
3.798,189.81,3.798,0.36,3.798,0,3.798,5,3.798,0.04,,,,,,,
3.805,189.81,3.805,0.36,3.805,0,3.805,5,3.805,0.04,,,,,,,
3.812,189.81,3.812,0.36,3.812,0,3.812,5,3.812,0.04,,,,,,,
3.819,189.81,3.819,0.36,3.819,0,3.819,5,3.819,0.04,,,,,,,
3.826,189.81,3.826,0.36,3.826,0,3.826,5,3.826,0.04,,,,,,,
3.833,189.812,3.833,0.36,3.833,0,3.833,5,3.833,0.04,,,,,,,
3.84,189.8162,3.84,0.36,3.84,0,3.84,5,3.84,0.04,,,,,,,
3.847,189.82,3.847,0.36,3.847,0,3.847,5,3.847,0.04,,,,,,,
3.854,189.82,3.854,0.36,3.854,0,3.854,5,3.854,0.04,,,,,,,
3.861,189.82,3.861,0.36,3.861,0,3.861,5,3.861,0.04,,,,,,,
3.868,189.82,3.868,0.36,3.868,0,3.868,5,3.868,0.04,,,,,,,
3.875,189.82,3.875,0.36,3.875,0,3.875,5,3.875,0.04,,,,,,,
3.882,189.82,3.882,0.36,3.882,0,3.882,5,3.882,0.04,,,,,,,
3.889,189.82,3.889,0.36,3.889,0,3.889,5,3.889,0.04,,,,,,,
3.896,189.82,3.896,0.36,3.896,0,3.896,5,3.896,0.04,,,,,,,
3.903,189.82,3.903,0.36,3.903,0,3.903,5,3.903,0.04,,,,,,,
3.91,189.82,3.91,0.36,3.91,0,3.91,5,3.91,0.04,,,,,,,
3.917,189.82,3.917,0.36,3.917,0,3.917,5,3.917,0.04,,,,,,,
3.924,189.82,3.924,0.36,3.924,0,3.924,5,3.924,0.04,,,,,,,
3.931,189.82,3.931,0.36,3.931,0,3.931,5,3.931,0.04,,,,,,,
3.938,189.82,3.938,0.36,3.938,0,3.938,5,3.938,0.04,,,,,,,
3.945,189.82,3.945,0.36,3.945,0,3.945,5,3.945,0.04,,,,,,,
3.952,189.8233,3.952,0.36,3.952,0,3.952,5,3.952,0.04,,,,,,,
3.959,189.8275,3.959,0.36,3.959,0,3.959,5,3.959,0.04,,,,,,,
3.966,189.83,3.966,0.36,3.966,0,3.966,5,3.966,0.04,,,,,,,
3.973,189.83,3.973,0.36,3.973,0,3.973,5,3.973,0.04,,,,,,,
3.98,189.83,3.98,0.3599121,3.98,0,3.98,5,3.98,0.04,,,,,,,
3.987,189.83,3.987,0.3557238,3.987,0,3.987,5,3.987,0.04,,,,,,,
3.994,189.83,3.994,0.3515362,3.994,0,3.994,5,3.994,0.04,,,,,,,
4.001,189.83,4.001,0.35,4.001,0,4.001,5,4.001,0.04,,,,,,,
4.008,189.83,4.008,0.35,4.008,0,4.008,5,4.008,0.04,,,,,,,
4.015,189.8311,4.015,0.35,4.015,0,4.015,5,4.015,0.04,,,,,,,
4.022,189.8353,4.022,0.35,4.022,0,4.022,5,4.022,0.04,,,,,,,
4.029,189.8395,4.029,0.35,4.029,0,4.029,5,4.029,0.04,,,,,,,
4.036,189.84,4.036,0.35,4.036,0,4.036,5,4.036,0.04,,,,,,,
4.043,189.84,4.043,0.35,4.043,0,4.043,5,4.043,0.04,,,,,,,
4.05,189.84,4.05,0.35,4.05,0,4.05,5,4.05,0.04,,,,,,,
4.057,189.84,4.057,0.35,4.057,0,4.057,5,4.057,0.04,,,,,,,
4.064,189.84,4.064,0.35,4.064,0,4.064,5,4.064,0.04,,,,,,,
4.071,189.84,4.071,0.35,4.071,0,4.071,5,4.071,0.04,,,,,,,
4.078,189.84,4.078,0.35,4.078,0,4.078,5,4.078,0.04,,,,,,,
4.085,189.843,4.085,0.35,4.085,0,4.085,5,4.085,0.04,,,,,,,
4.092,189.8472,4.092,0.35,4.092,0,4.092,5,4.092,0.04,,,,,,,
4.099,189.85,4.099,0.35,4.099,0,4.099,5,4.099,0.04,,,,,,,
4.106,189.85,4.106,0.35,4.106,0,4.106,5,4.106,0.04,,,,,,,
4.113,189.85,4.113,0.35,4.113,0,4.113,5,4.113,0.04,,,,,,,
4.12,189.85,4.12,0.35,4.12,0,4.12,5,4.12,0.04,,,,,,,
4.127,189.85,4.127,0.35,4.127,0,4.127,5,4.127,0.04,,,,,,,
4.134,189.85,4.134,0.35,4.134,0,4.134,5,4.134,0.04,,,,,,,
4.141,189.85,4.141,0.35,4.141,0,4.141,5,4.141,0.04,,,,,,,
4.148,189.8508,4.148,0.35,4.148,0,4.148,5,4.148,0.04,,,,,,,
4.155,189.855,4.155,0.35,4.155,0,4.155,5,4.155,0.04,,,,,,,
4.162,189.8592,4.162,0.35,4.162,0,4.162,5,4.162,0.04,,,,,,,
4.169,189.86,4.169,0.35,4.169,0,4.169,5,4.169,0.04,,,,,,,
4.176,189.86,4.176,0.35,4.176,0,4.176,5,4.176,0.04,,,,,,,
4.183,189.86,4.183,0.35,4.183,0,4.183,5,4.183,0.04,,,,,,,
4.19,189.86,4.19,0.35,4.19,0,4.19,5,4.19,0.04,,,,,,,
4.197,189.86,4.197,0.35,4.197,0,4.197,5,4.197,0.04,,,,,,,
4.204,189.86,4.204,0.35,4.204,0,4.204,5,4.204,0.04,,,,,,,
4.211,189.86,4.211,0.35,4.211,0,4.211,5,4.211,0.04,,,,,,,
4.218,189.8628,4.218,0.35,4.218,0,4.218,5,4.218,0.04,,,,,,,
4.225,189.867,4.225,0.35,4.225,0,4.225,5,4.225,0.04,,,,,,,
4.232,189.87,4.232,0.35,4.232,0,4.232,5,4.232,0.04,,,,,,,
4.239,189.87,4.239,0.35,4.239,0,4.239,5,4.239,0.04,,,,,,,
4.246,189.87,4.246,0.35,4.246,0,4.246,5,4.246,0.04,,,,,,,
4.253,189.87,4.253,0.35,4.253,0,4.253,5,4.253,0.04,,,,,,,
4.26,189.87,4.26,0.35,4.26,0,4.26,5,4.26,0.04,,,,,,,
4.267,189.87,4.267,0.35,4.267,0,4.267,5,4.267,0.04,,,,,,,
4.274,189.87,4.274,0.35,4.274,0,4.274,5,4.274,0.04,,,,,,,
4.281,189.87,4.281,0.35,4.281,0,4.281,5,4.281,0.04,,,,,,,
4.288,189.87,4.288,0.35,4.288,0,4.288,5,4.288,0.04,,,,,,,
4.295,189.87,4.295,0.35,4.295,0,4.295,5,4.295,0.04,,,,,,,
4.302,189.87,4.302,0.35,4.302,0,4.302,5,4.302,0.04,,,,,,,
4.309,189.87,4.309,0.35,4.309,0,4.309,5,4.309,0.04,,,,,,,
4.316,189.87,4.316,0.35,4.316,0,4.316,5,4.316,0.04,,,,,,,
4.323,189.87,4.323,0.35,4.323,0,4.323,5,4.323,0.04,,,,,,,
4.33,189.87,4.33,0.35,4.33,0,4.33,5,4.33,0.04,,,,,,,
4.337,189.8741,4.337,0.3459197,4.337,0,4.337,5,4.337,0.04,,,,,,,
4.344,189.8783,4.344,0.3417321,4.344,0,4.344,5,4.344,0.04,,,,,,,
4.351,189.88,4.351,0.34,4.351,0,4.351,5,4.351,0.04,,,,,,,
4.358,189.88,4.358,0.34,4.358,0,4.358,5,4.358,0.04,,,,,,,
4.365,189.88,4.365,0.34,4.365,0,4.365,5,4.365,0.04,,,,,,,
4.372,189.88,4.372,0.34,4.372,0,4.372,5,4.372,0.04,,,,,,,
4.379,189.88,4.379,0.34,4.379,0,4.379,5,4.379,0.04,,,,,,,
4.386,189.88,4.386,0.34,4.386,0,4.386,5,4.386,0.04,,,,,,,
4.393,189.88,4.393,0.34,4.393,0,4.393,5,4.393,0.04,,,,,,,
4.4,189.88,4.4,0.34,4.4,0,4.4,5,4.4,0.04,,,,,,,
4.407,189.88,4.407,0.34,4.407,0,4.407,5,4.407,0.04,,,,,,,
4.414,189.88,4.414,0.34,4.414,0,4.414,5,4.414,0.04,,,,,,,
4.421,189.88,4.421,0.34,4.421,0,4.421,5,4.421,0.04,,,,,,,
4.428,189.88,4.428,0.34,4.428,0,4.428,5,4.428,0.04,,,,,,,
4.435,189.88,4.435,0.34,4.435,0,4.435,5,4.435,0.04,,,,,,,
4.442,189.88,4.442,0.34,4.442,0,4.442,5,4.442,0.04,,,,,,,
4.449,189.88,4.449,0.34,4.449,0,4.449,5,4.449,0.04,,,,,,,
4.456,189.88,4.456,0.34,4.456,0,4.456,5,4.456,0.04,,,,,,,
4.463,189.88,4.463,0.34,4.463,0,4.463,5,4.463,0.04,,,,,,,
4.47,189.8838,4.47,0.34,4.47,0,4.47,5,4.47,0.04,,,,,,,
4.477,189.888,4.477,0.34,4.477,0,4.477,5,4.477,0.04,,,,,,,
4.484,189.89,4.484,0.34,4.484,0,4.484,5,4.484,0.04,,,,,,,
4.491,189.89,4.491,0.34,4.491,0,4.491,5,4.491,0.04,,,,,,,
4.498,189.89,4.498,0.34,4.498,0,4.498,5,4.498,0.04,,,,,,,
4.505,189.89,4.505,0.34,4.505,0,4.505,5,4.505,0.04,,,,,,,
4.512,189.89,4.512,0.34,4.512,0,4.512,5,4.512,0.04,,,,,,,
4.519,189.89,4.519,0.34,4.519,0,4.519,5,4.519,0.04,,,,,,,
4.526,189.89,4.526,0.34,4.526,0,4.526,5,4.526,0.04,,,,,,,
4.533,189.89,4.533,0.34,4.533,0,4.533,5,4.533,0.04,,,,,,,
4.54,189.89,4.54,0.34,4.54,0,4.54,5,4.54,0.04,,,,,,,
4.547,189.89,4.547,0.34,4.547,0,4.547,5,4.547,0.04,,,,,,,
4.554,189.89,4.554,0.34,4.554,0,4.554,5,4.554,0.04,,,,,,,
4.561,189.89,4.561,0.34,4.561,0,4.561,5,4.561,0.04,,,,,,,
4.568,189.89,4.568,0.34,4.568,0,4.568,5,4.568,0.04,,,,,,,
4.575,189.89,4.575,0.34,4.575,0,4.575,5,4.575,0.04,,,,,,,
4.582,189.89,4.582,0.34,4.582,0,4.582,5,4.582,0.04,,,,,,,
4.589,189.89,4.589,0.34,4.589,0,4.589,5,4.589,0.04,,,,,,,
4.596,189.89,4.596,0.34,4.596,0,4.596,5,4.596,0.04,,,,,,,
4.603,189.89,4.603,0.34,4.603,0,4.603,5,4.603,0.04,,,,,,,
4.61,189.89,4.61,0.34,4.61,0,4.61,5,4.61,0.04,,,,,,,
4.617,189.89,4.617,0.34,4.617,0,4.617,5,4.617,0.04,,,,,,,
4.624,189.89,4.624,0.34,4.624,0,4.624,5,4.624,0.04,,,,,,,
4.631,189.89,4.631,0.34,4.631,0,4.631,5,4.631,0.04032265,,,,,,,
4.638,189.89,4.638,0.34,4.638,0,4.638,5,4.638,0.04451031,,,,,,,
4.644,189.89,4.644,0.34,4.644,0,4.644,5,4.644,0.04869853,,,,,,,
4.651,189.89,4.651,0.34,4.651,0,4.651,5,4.651,0.05,,,,,,,
4.658,189.89,4.658,0.34,4.658,0,4.658,5,4.658,0.05,,,,,,,
4.665,189.89,4.665,0.34,4.665,0,4.665,5,4.665,0.05,,,,,,,
4.672,189.89,4.672,0.34,4.672,0,4.672,5,4.672,0.05,,,,,,,
4.679,189.89,4.679,0.34,4.679,0,4.679,5,4.679,0.05,,,,,,,
4.686,189.89,4.686,0.34,4.686,0,4.686,5,4.686,0.05,,,,,,,
4.693,189.89,4.693,0.34,4.693,0,4.693,5,4.693,0.05,,,,,,,
4.7,189.89,4.7,0.34,4.7,0,4.7,5,4.7,0.05,,,,,,,
4.707,189.89,4.707,0.34,4.707,0,4.707,5,4.707,0.05,,,,,,,
4.714,189.8907,4.714,0.339305,4.714,0,4.714,5,4.714,0.04930505,,,,,,,
4.721,189.8949,4.721,0.3351176,4.721,0,4.721,5,4.721,0.04511764,,,,,,,
4.728,189.8991,4.728,0.3309297,4.728,0,4.728,5,4.728,0.04092965,,,,,,,
4.735,189.9,4.735,0.33,4.735,0,4.735,5,4.735,0.04,,,,,,,
4.742,189.9,4.742,0.33,4.742,0,4.742,5,4.742,0.04,,,,,,,
4.749,189.9,4.749,0.33,4.749,0,4.749,5,4.749,0.04,,,,,,,
4.756,189.9,4.756,0.33,4.756,0,4.756,5,4.756,0.04,,,,,,,
4.763,189.9,4.763,0.33,4.763,0,4.763,5,4.763,0.04,,,,,,,
4.77,189.9,4.77,0.33,4.77,0,4.77,5,4.77,0.04,,,,,,,
4.777,189.9,4.777,0.33,4.777,0,4.777,5,4.777,0.04,,,,,,,
4.784,189.9,4.784,0.33,4.784,0,4.784,5,4.784,0.04,,,,,,,
4.791,189.9,4.791,0.33,4.791,0,4.791,5,4.791,0.04,,,,,,,
4.798,189.901,4.798,0.33,4.798,0,4.798,5,4.798,0.04,,,,,,,
4.805,189.9052,4.805,0.33,4.805,0,4.805,5,4.805,0.04,,,,,,,
4.812,189.9094,4.812,0.33,4.812,0,4.812,5,4.812,0.04,,,,,,,
4.819,189.91,4.819,0.33,4.819,0,4.819,5,4.819,0.04,,,,,,,
4.826,189.91,4.826,0.33,4.826,0,4.826,5,4.826,0.04,,,,,,,
4.833,189.91,4.833,0.33,4.833,0,4.833,5,4.833,0.04,,,,,,,
4.84,189.91,4.84,0.33,4.84,0,4.84,5,4.84,0.04,,,,,,,
4.847,189.91,4.847,0.33,4.847,0,4.847,5,4.847,0.04,,,,,,,
4.854,189.91,4.854,0.33,4.854,0,4.854,5,4.854,0.04,,,,,,,
4.861,189.91,4.861,0.33,4.861,0,4.861,5,4.861,0.04,,,,,,,
4.868,189.913,4.868,0.33,4.868,0,4.868,5,4.868,0.04,,,,,,,
4.875,189.9172,4.875,0.33,4.875,0,4.875,5,4.875,0.04,,,,,,,
4.882,189.92,4.882,0.33,4.882,0,4.882,5,4.882,0.04,,,,,,,
4.889,189.92,4.889,0.33,4.889,0,4.889,5,4.889,0.04,,,,,,,
4.896,189.92,4.896,0.33,4.896,0,4.896,5,4.896,0.04,,,,,,,
4.903,189.92,4.903,0.33,4.903,0,4.903,5,4.903,0.04,,,,,,,
4.91,189.92,4.91,0.33,4.91,0,4.91,5,4.91,0.04,,,,,,,
4.917,189.9224,4.917,0.33,4.917,0,4.917,5,4.917,0.04,,,,,,,
4.924,189.9266,4.924,0.33,4.924,0,4.924,5,4.924,0.04,,,,,,,
4.931,189.93,4.931,0.33,4.931,0,4.931,5,4.931,0.04,,,,,,,
4.938,189.93,4.938,0.33,4.938,0,4.938,5,4.938,0.04,,,,,,,
4.945,189.93,4.945,0.33,4.945,0,4.945,5,4.945,0.04,,,,,,,
4.952,189.93,4.952,0.33,4.952,0,4.952,5,4.952,0.04,,,,,,,
4.959,189.93,4.959,0.33,4.959,0,4.959,5,4.959,0.04,,,,,,,
4.966,189.9317,4.966,0.33,4.966,0,4.966,5,4.966,0.04,,,,,,,
4.973,189.9359,4.973,0.33,4.973,0,4.973,5,4.973,0.04,,,,,,,
4.98,189.9401,4.98,0.33,4.98,0,4.98,5,4.98,0.04,,,,,,,
4.987,189.9443,4.987,0.33,4.987,0,4.987,5,4.987,0.04,,,,,,,
4.994,189.9485,4.994,0.33,4.994,0,4.994,5,4.994,0.04,,,,,,,
5.001,189.9527,5.001,0.33,5.001,0,5.001,5,5.001,0.04,,,,,,,
5.008,189.9569,5.008,0.33,5.008,0,5.008,5,5.008,0.04,,,,,,,
5.015,189.96,5.015,0.33,5.015,0,5.015,5,5.015,0.04,,,,,,,
5.022,189.96,5.022,0.33,5.022,0,5.022,5,5.022,0.04,,,,,,,
5.029,189.96,5.029,0.33,5.029,0,5.029,5,5.029,0.04,,,,,,,
5.036,189.96,5.036,0.33,5.036,0,5.036,5,5.036,0.04,,,,,,,
5.043,189.96,5.043,0.33,5.043,0,5.043,5,5.043,0.04,,,,,,,
5.05,189.9621,5.05,0.33,5.05,0,5.05,5,5.05,0.04,,,,,,,
5.057,189.9663,5.057,0.33,5.057,0,5.057,5,5.057,0.04,,,,,,,
5.064,189.9705,5.064,0.33,5.064,0,5.064,5,5.064,0.04,,,,,,,
5.071,189.9747,5.071,0.33,5.071,0,5.071,5,5.071,0.04,,,,,,,
5.078,189.9789,5.078,0.33,5.078,0,5.078,5,5.078,0.04,,,,,,,
5.085,189.98,5.085,0.33,5.085,0,5.085,5,5.085,0.04,,,,,,,
5.092,189.98,5.092,0.33,5.092,0,5.092,5,5.092,0.04,,,,,,,
5.099,189.9814,5.099,0.33,5.099,0,5.099,5,5.099,0.04,,,,,,,
5.106,189.9857,5.106,0.33,5.106,0,5.106,5,5.106,0.04,,,,,,,
5.113,189.9899,5.113,0.33,5.113,0,5.113,5,5.113,0.04,,,,,,,
5.12,190.0022,5.12,0.33,5.12,0,5.12,5,5.12,0.04,,,,,,,
5.127,190.0148,5.127,0.33,5.127,0,5.127,5,5.127,0.04,,,,,,,
5.134,190.02,5.134,0.33,5.134,0,5.134,5,5.134,0.04,,,,,,,
5.141,190.02,5.141,0.33,5.141,0,5.141,5,5.141,0.04,,,,,,,
5.148,190.02,5.148,0.3291837,5.148,0,5.148,5,5.148,0.04,,,,,,,
5.155,190.02,5.155,0.324971,5.155,0,5.155,5,5.155,0.04,,,,,,,
5.162,190.02,5.162,0.3207583,5.162,0,5.162,5,5.162,0.04,,,,,,,
5.169,190.0269,5.169,0.32,5.169,0,5.169,5,5.169,0.04,,,,,,,
5.176,190.0352,5.176,0.32,5.176,0,5.176,5,5.176,0.04,,,,,,,
5.183,190.0454,5.183,0.32,5.183,0,5.183,5,5.183,0.04,,,,,,,
5.19,190.058,5.19,0.32,5.19,0,5.19,5,5.19,0.04,,,,,,,
5.197,190.07,5.197,0.32,5.197,0,5.197,5,5.197,0.04,,,,,,,
5.204,190.07,5.204,0.32,5.204,0,5.204,5,5.204,0.04,,,,,,,
5.211,190.07,5.211,0.32,5.211,0,5.211,5,5.211,0.04,,,,,,,
5.218,190.07,5.218,0.32,5.218,0,5.218,5,5.218,0.04,,,,,,,
5.225,190.07,5.225,0.32,5.225,0,5.225,5,5.225,0.04,,,,,,,
5.232,190.0724,5.232,0.32,5.232,0,5.232,5,5.232,0.04,,,,,,,
5.239,190.0807,5.239,0.32,5.239,0,5.239,5,5.239,0.04,,,,,,,
5.246,190.0891,5.246,0.32,5.246,0,5.246,5,5.246,0.04,,,,,,,
5.253,190.1013,5.253,0.32,5.253,0,5.253,5,5.253,0.04,,,,,,,
5.26,190.1139,5.26,0.32,5.26,0,5.26,5,5.26,0.04,,,,,,,
5.267,190.12,5.267,0.32,5.267,0,5.267,5,5.267,0.04,,,,,,,
5.274,190.12,5.274,0.32,5.274,0,5.274,5,5.274,0.04,,,,,,,
5.281,190.12,5.281,0.32,5.281,0,5.281,5,5.281,0.04,,,,,,,
5.288,190.12,5.288,0.32,5.288,0,5.288,5,5.288,0.04,,,,,,,
5.295,190.12,5.295,0.32,5.295,0,5.295,5,5.295,0.04,,,,,,,
5.302,190.1357,5.302,0.32,5.302,0,5.302,5,5.302,0.04,,,,,,,
5.309,190.1568,5.309,0.32,5.309,0,5.309,5,5.309,0.04,,,,,,,
5.316,190.1731,5.316,0.32,5.316,0,5.316,5,5.316,0.04,,,,,,,
5.323,190.1815,5.323,0.32,5.323,0,5.323,5,5.323,0.04,,,,,,,
5.33,190.1899,5.33,0.32,5.33,0,5.33,5,5.33,0.04,,,,,,,
5.337,190.19,5.337,0.32,5.337,0,5.337,5,5.337,0.04,,,,,,,
5.344,190.19,5.344,0.32,5.344,0,5.344,5,5.344,0.04,,,,,,,
5.351,190.1925,5.351,0.32,5.351,0,5.351,5,5.351,0.04,,,,,,,
5.358,190.1967,5.358,0.32,5.358,0,5.358,5,5.358,0.04,,,,,,,
5.365,190.2046,5.365,0.32,5.365,0,5.365,5,5.365,0.04,,,,,,,
5.372,190.2256,5.372,0.32,5.372,0,5.372,5,5.372,0.04,,,,,,,
5.379,190.2465,5.379,0.32,5.379,0,5.379,5,5.379,0.04,,,,,,,
5.386,190.2605,5.386,0.32,5.386,0,5.386,5,5.386,0.04,,,,,,,
5.393,190.273,5.393,0.32,5.393,0,5.393,5,5.393,0.04,,,,,,,
5.4,190.28,5.4,0.32,5.4,0,5.4,5,5.4,0.04,,,,,,,
5.407,190.28,5.407,0.32,5.407,0,5.407,5,5.407,0.04,,,,,,,
5.414,190.2809,5.414,0.32,5.414,0,5.414,5,5.414,0.04,,,,,,,
5.421,190.2935,5.421,0.32,5.421,0,5.421,5,5.421,0.04,,,,,,,
5.428,190.306,5.428,0.32,5.428,0,5.428,5,5.428,0.04,,,,,,,
5.435,190.3215,5.435,0.32,5.435,0,5.435,5,5.435,0.04,,,,,,,
5.442,190.3382,5.442,0.32,5.442,0,5.442,5,5.442,0.04,,,,,,,
5.449,190.3513,5.449,0.32,5.449,0,5.449,5,5.449,0.04,,,,,,,
5.456,190.3555,5.456,0.32,5.456,0,5.456,5,5.456,0.04,,,,,,,
5.463,190.3597,5.463,0.32,5.463,0,5.463,5,5.463,0.04,,,,,,,
5.47,190.36,5.47,0.32,5.47,0,5.47,5,5.47,0.04,,,,,,,
5.477,190.36,5.477,0.32,5.477,0,5.477,5,5.477,0.04,,,,,,,
5.484,190.369,5.484,0.32,5.484,0,5.484,5,5.484,0.04,,,,,,,
5.491,190.3857,5.491,0.32,5.491,0,5.491,5,5.491,0.04,,,,,,,
5.498,190.4037,5.498,0.32,5.498,0,5.498,5,5.498,0.04,,,,,,,
5.505,190.429,5.505,0.32,5.505,0,5.505,5,5.505,0.04,,,,,,,
5.512,190.4543,5.512,0.32,5.512,0,5.512,5,5.512,0.04,,,,,,,
5.519,190.46,5.519,0.32,5.519,0,5.519,5,5.519,0.04,,,,,,,
5.526,190.46,5.526,0.32,5.526,0,5.526,5,5.526,0.04,,,,,,,
5.533,190.46,5.533,0.32,5.533,0,5.533,5,5.533,0.04,,,,,,,
5.54,190.46,5.54,0.32,5.54,0,5.54,5,5.54,0.04,,,,,,,
5.547,190.46,5.547,0.32,5.547,0,5.547,5,5.547,0.04,,,,,,,
5.554,190.481,5.554,0.32,5.554,0,5.554,5,5.554,0.04,,,,,,,
5.561,190.5021,5.561,0.32,5.561,0,5.561,5,5.561,0.04,,,,,,,
5.568,190.5231,5.568,0.32,5.568,0,5.568,5,5.568,0.04,,,,,,,
5.575,190.544,5.575,0.32,5.575,0,5.575,5,5.575,0.04,,,,,,,
5.582,190.56,5.582,0.32,5.582,0,5.582,5,5.582,0.04,,,,,,,
5.589,190.56,5.589,0.32,5.589,0,5.589,5,5.589,0.04,,,,,,,
5.596,190.56,5.596,0.32,5.596,0,5.596,5,5.596,0.04,,,,,,,
5.603,190.56,5.603,0.32,5.603,0,5.603,5,5.603,0.04,,,,,,,
5.61,190.56,5.61,0.32,5.61,0,5.61,5,5.61,0.04,,,,,,,
5.617,190.5699,5.617,0.32,5.617,0,5.617,5,5.617,0.04,,,,,,,
5.624,190.5909,5.624,0.32,5.624,0,5.624,5,5.624,0.04,,,,,,,
5.631,190.6122,5.631,0.32,5.631,0,5.631,5,5.631,0.04,,,,,,,
5.638,190.6373,5.638,0.32,5.638,0,5.638,5,5.638,0.04,,,,,,,
5.645,190.6624,5.645,0.32,5.645,0,5.645,5,5.645,0.04,,,,,,,
5.652,190.67,5.652,0.32,5.652,0,5.652,5,5.652,0.04,,,,,,,
5.659,190.67,5.659,0.32,5.659,0,5.659,5,5.659,0.04,,,,,,,
5.666,190.67,5.666,0.32,5.666,0,5.666,5,5.666,0.04,,,,,,,
5.673,190.67,5.673,0.32,5.673,0,5.673,5,5.673,0.04,,,,,,,
5.68,190.67,5.68,0.32,5.68,0,5.68,5,5.68,0.04,,,,,,,
5.686,190.6935,5.686,0.3160773,5.686,0,5.686,5,5.686,0.04,,,,,,,
5.693,190.7187,5.693,0.3118897,5.693,0,5.693,5,5.693,0.04,,,,,,,
5.7,190.7439,5.7,0.31,5.7,0,5.7,5,5.7,0.04,,,,,,,
5.707,190.7691,5.707,0.31,5.707,0,5.707,5,5.707,0.04,,,,,,,
5.714,190.79,5.714,0.31,5.714,0,5.714,5,5.714,0.04,,,,,,,
5.721,190.79,5.721,0.31,5.721,0,5.721,5,5.721,0.04,,,,,,,
5.728,190.79,5.728,0.31,5.728,0,5.728,5,5.728,0.04,,,,,,,
5.735,190.79,5.735,0.31,5.735,0,5.735,5,5.735,0.04,,,,,,,
5.742,190.79,5.742,0.31,5.742,0,5.742,5,5.742,0.04,,,,,,,
5.749,190.8035,5.749,0.31,5.749,0,5.749,5,5.749,0.04,,,,,,,
5.756,190.8371,5.756,0.31,5.756,0,5.756,5,5.756,0.04,,,,,,,
5.763,190.8704,5.763,0.31,5.763,0,5.763,5,5.763,0.04,,,,,,,
5.77,190.8872,5.77,0.31,5.77,0,5.77,5,5.77,0.04,,,,,,,
5.777,190.9039,5.777,0.31,5.777,0,5.777,5,5.777,0.04,,,,,,,
5.784,190.91,5.784,0.31,5.784,0,5.784,5,5.784,0.04,,,,,,,
5.791,190.91,5.791,0.31,5.791,0,5.791,5,5.791,0.04,,,,,,,
5.798,190.9111,5.798,0.31,5.798,0,5.798,5,5.798,0.04,,,,,,,
5.805,190.9153,5.805,0.31,5.805,0,5.805,5,5.805,0.04,,,,,,,
5.812,190.9195,5.812,0.31,5.812,0,5.812,5,5.812,0.04,,,,,,,
5.819,190.942,5.819,0.31,5.819,0,5.819,5,5.819,0.04,,,,,,,
5.826,190.9671,5.826,0.31,5.826,0,5.826,5,5.826,0.04,,,,,,,
5.833,190.9882,5.833,0.31,5.833,0,5.833,5,5.833,0.04,,,,,,,
5.84,191.0049,5.84,0.31,5.84,0,5.84,5,5.84,0.04,,,,,,,
5.847,191.02,5.847,0.31,5.847,0,5.847,5,5.847,0.04,,,,,,,
5.854,191.02,5.854,0.31,5.854,0,5.854,5,5.854,0.04,,,,,,,
5.861,191.02,5.861,0.31,5.861,0,5.861,5,5.861,0.04,,,,,,,
5.868,191.0322,5.868,0.31,5.868,0,5.868,5,5.868,0.04,,,,,,,
5.875,191.0489,5.875,0.31,5.875,0,5.875,5,5.875,0.04,,,,,,,
5.882,191.0685,5.882,0.31,5.882,0,5.882,5,5.882,0.04,,,,,,,
5.889,191.0936,5.889,0.31,5.889,0,5.889,5,5.889,0.04,,,,,,,
5.896,191.1188,5.896,0.31,5.896,0,5.896,5,5.896,0.04,,,,,,,
5.903,191.128,5.903,0.31,5.903,0,5.903,5,5.903,0.04,,,,,,,
5.91,191.1364,5.91,0.31,5.91,0,5.91,5,5.91,0.04,,,,,,,
5.917,191.14,5.917,0.31,5.917,0,5.917,5,5.917,0.04,,,,,,,
5.924,191.14,5.924,0.31,5.924,0,5.924,5,5.924,0.04,,,,,,,
5.931,191.1432,5.931,0.31,5.931,0,5.931,5,5.931,0.04,,,,,,,
5.938,191.16,5.938,0.31,5.938,0,5.938,5,5.938,0.04,,,,,,,
5.945,191.1769,5.945,0.31,5.945,0,5.945,5,5.945,0.04,,,,,,,
5.952,191.2073,5.952,0.31,5.952,0,5.952,5,5.952,0.04,,,,,,,
5.959,191.2408,5.959,0.31,5.959,0,5.959,5,5.959,0.04,,,,,,,
5.966,191.26,5.966,0.31,5.966,0,5.966,5,5.966,0.04,,,,,,,
5.973,191.26,5.973,0.31,5.973,0,5.973,5,5.973,0.04,,,,,,,
5.98,191.26,5.98,0.31,5.98,0,5.98,5,5.98,0.04,,,,,,,
5.987,191.26,5.987,0.31,5.987,0,5.987,5,5.987,0.04,,,,,,,
5.994,191.26,5.994,0.31,5.994,0,5.994,5,5.994,0.04,,,,,,,
6.001,191.2767,6.001,0.31,6.001,0,6.001,5,6.001,0.04,,,,,,,
6.008,191.3019,6.008,0.31,6.008,0,6.008,5,6.008,0.04,,,,,,,
6.015,191.3258,6.015,0.31,6.015,0,6.015,5,6.015,0.04,,,,,,,
6.022,191.3468,6.022,0.31,6.022,0,6.022,5,6.022,0.04,,,,,,,
6.029,191.3677,6.029,0.31,6.029,0,6.029,5,6.029,0.04,,,,,,,
6.036,191.37,6.036,0.31,6.036,0,6.036,5,6.036,0.04,,,,,,,
6.043,191.37,6.043,0.31,6.043,0,6.043,5,6.043,0.04,,,,,,,
6.05,191.37,6.05,0.31,6.05,0,6.05,5,6.05,0.04,,,,,,,
6.057,191.37,6.057,0.31,6.057,0,6.057,5,6.057,0.04,,,,,,,
6.064,191.3727,6.064,0.31,6.064,0,6.064,5,6.064,0.04,,,,,,,
6.071,191.3936,6.071,0.31,6.071,0,6.071,5,6.071,0.04,,,,,,,
6.078,191.4146,6.078,0.31,6.078,0,6.078,5,6.078,0.04,,,,,,,
6.085,191.4356,6.085,0.31,6.085,0,6.085,5,6.085,0.04,,,,,,,
6.092,191.4567,6.092,0.31,6.092,0,6.092,5,6.092,0.04,,,,,,,
6.099,191.47,6.099,0.31,6.099,0,6.099,5,6.099,0.04,,,,,,,
6.106,191.47,6.106,0.31,6.106,0,6.106,5,6.106,0.04,,,,,,,
6.113,191.47,6.113,0.31,6.113,0,6.113,5,6.113,0.04,,,,,,,
6.12,191.47,6.12,0.31,6.12,0,6.12,5,6.12,0.04,,,,,,,
6.127,191.47,6.127,0.31,6.127,0,6.127,5,6.127,0.04,,,,,,,
6.134,191.4849,6.134,0.31,6.134,0,6.134,5,6.134,0.04,,,,,,,
6.141,191.5102,6.141,0.31,6.141,0,6.141,5,6.141,0.04,,,,,,,
6.148,191.5318,6.148,0.31,6.148,0,6.148,5,6.148,0.04,,,,,,,
6.155,191.5402,6.155,0.31,6.155,0,6.155,5,6.155,0.04,,,,,,,
6.162,191.5486,6.162,0.31,6.162,0,6.162,5,6.162,0.04,,,,,,,
6.169,191.55,6.169,0.31,6.169,0,6.169,5,6.169,0.04,,,,,,,
6.176,191.55,6.176,0.31,6.176,0,6.176,5,6.176,0.04,,,,,,,
6.183,191.55,6.183,0.31,6.183,0,6.183,5,6.183,0.04,,,,,,,
6.19,191.55,6.19,0.31,6.19,0,6.19,5,6.19,0.04,,,,,,,
6.197,191.5514,6.197,0.31,6.197,0,6.197,5,6.197,0.04,,,,,,,
6.204,191.5724,6.204,0.31,6.204,0,6.204,5,6.204,0.04,,,,,,,
6.211,191.5933,6.211,0.31,6.211,0,6.211,5,6.211,0.04,,,,,,,
6.218,191.6086,6.218,0.31,6.218,0,6.218,5,6.218,0.04,,,,,,,
6.225,191.6211,6.225,0.31,6.225,0,6.225,5,6.225,0.04,,,,,,,
6.232,191.63,6.232,0.31,6.232,0,6.232,5,6.232,0.04,,,,,,,
6.239,191.63,6.239,0.31,6.239,0,6.239,5,6.239,0.04,,,,,,,
6.246,191.63,6.246,0.31,6.246,0,6.246,5,6.246,0.04,,,,,,,
6.253,191.6339,6.253,0.31,6.253,0,6.253,5,6.253,0.04,,,,,,,
6.26,191.638,6.26,0.31,6.26,0,6.26,5,6.26,0.04,,,,,,,
6.267,191.6489,6.267,0.31,6.267,0,6.267,5,6.267,0.04,,,,,,,
6.274,191.6656,6.274,0.31,6.274,0,6.274,5,6.274,0.04,,,,,,,
6.281,191.68,6.281,0.31,6.281,0,6.281,5,6.281,0.04,,,,,,,
6.288,191.68,6.288,0.31,6.288,0,6.288,5,6.288,0.04,,,,,,,
6.295,191.68,6.295,0.31,6.295,0,6.295,5,6.295,0.04,,,,,,,
6.302,191.68,6.302,0.31,6.302,0,6.302,5,6.302,0.04,,,,,,,
6.309,191.68,6.309,0.31,6.309,0,6.309,5,6.309,0.04,,,,,,,
6.316,191.6832,6.316,0.3084061,6.316,0,6.316,5,6.316,0.04,,,,,,,
6.323,191.6916,6.323,0.3042185,6.323,0,6.323,5,6.323,0.04,,,,,,,
6.33,191.6999,6.33,0.3000309,6.33,0,6.33,5,6.33,0.04,,,,,,,
6.337,191.7084,6.337,0.3,6.337,0,6.337,5,6.337,0.04,,,,,,,
6.344,191.7168,6.344,0.3,6.344,0,6.344,5,6.344,0.04,,,,,,,
6.351,191.7226,6.351,0.3,6.351,0,6.351,5,6.351,0.04,,,,,,,
6.358,191.7268,6.358,0.3,6.358,0,6.358,5,6.358,0.04,,,,,,,
6.365,191.73,6.365,0.3,6.365,0,6.365,5,6.365,0.04,,,,,,,
6.372,191.73,6.372,0.3,6.372,0,6.372,5,6.372,0.04,,,,,,,
6.379,191.73,6.379,0.3,6.379,0,6.379,5,6.379,0.04,,,,,,,
6.386,191.7336,6.386,0.3,6.386,0,6.386,5,6.386,0.04,,,,,,,
6.393,191.7378,6.393,0.3,6.393,0,6.393,5,6.393,0.04,,,,,,,
6.4,191.7439,6.4,0.3,6.4,0,6.4,5,6.4,0.04,,,,,,,
6.407,191.7523,6.407,0.3,6.407,0,6.407,5,6.407,0.04,,,,,,,
6.414,191.76,6.414,0.3,6.414,0,6.414,5,6.414,0.04,,,,,,,
6.421,191.76,6.421,0.3,6.421,0,6.421,5,6.421,0.04,,,,,,,
6.428,191.76,6.428,0.3,6.428,0,6.428,5,6.428,0.04,,,,,,,
6.435,191.76,6.435,0.3,6.435,0,6.435,5,6.435,0.04,,,,,,,
6.442,191.76,6.442,0.3,6.442,0,6.442,5,6.442,0.04,,,,,,,
6.449,191.76,6.449,0.3,6.449,0,6.449,5,6.449,0.04,,,,,,,
6.456,191.76,6.456,0.3,6.456,0,6.456,5,6.456,0.04,,,,,,,
6.463,191.76,6.463,0.3,6.463,0,6.463,5,6.463,0.04,,,,,,,
6.47,191.76,6.47,0.3,6.47,0,6.47,5,6.47,0.04,,,,,,,
6.477,191.76,6.477,0.3,6.477,0,6.477,5,6.477,0.04,,,,,,,
6.484,191.76,6.484,0.3,6.484,0,6.484,5,6.484,0.04,,,,,,,
6.491,191.76,6.491,0.3,6.491,0,6.491,5,6.491,0.04,,,,,,,
6.498,191.76,6.498,0.3,6.498,0,6.498,5,6.498,0.04,,,,,,,
6.505,191.76,6.505,0.3,6.505,0,6.505,5,6.505,0.04,,,,,,,
6.512,191.76,6.512,0.3,6.512,0,6.512,5,6.512,0.04,,,,,,,
6.519,191.7633,6.519,0.3,6.519,0,6.519,5,6.519,0.04,,,,,,,
6.526,191.7675,6.526,0.3,6.526,0,6.526,5,6.526,0.04,,,,,,,
6.533,191.7683,6.533,0.3,6.533,0,6.533,5,6.533,0.04,,,,,,,
6.54,191.7641,6.54,0.3,6.54,0,6.54,5,6.54,0.04,,,,,,,
6.547,191.76,6.547,0.3,6.547,0,6.547,5,6.547,0.04,,,,,,,
6.554,191.76,6.554,0.3,6.554,0,6.554,5,6.554,0.04,,,,,,,
6.561,191.76,6.561,0.3,6.561,0,6.561,5,6.561,0.04,,,,,,,
6.568,191.76,6.568,0.3,6.568,0,6.568,5,6.568,0.04,,,,,,,
6.575,191.76,6.575,0.3,6.575,0,6.575,5,6.575,0.04,,,,,,,
6.582,191.76,6.582,0.3,6.582,0,6.582,5,6.582,0.04,,,,,,,
6.589,191.76,6.589,0.3,6.589,0,6.589,5,6.589,0.04,,,,,,,
6.596,191.76,6.596,0.3,6.596,0,6.596,5,6.596,0.04,,,,,,,
6.603,191.76,6.603,0.3,6.603,0,6.603,5,6.603,0.04,,,,,,,
6.61,191.76,6.61,0.3,6.61,0,6.61,5,6.61,0.04,,,,,,,
6.617,191.76,6.617,0.3,6.617,0,6.617,5,6.617,0.04,,,,,,,
6.624,191.76,6.624,0.3,6.624,0,6.624,5,6.624,0.04,,,,,,,
6.631,191.76,6.631,0.3,6.631,0,6.631,5,6.631,0.04,,,,,,,
6.638,191.76,6.638,0.3,6.638,0,6.638,5,6.638,0.04,,,,,,,
6.645,191.76,6.645,0.3,6.645,0,6.645,5,6.645,0.04,,,,,,,
6.652,191.754,6.652,0.3,6.652,0,6.652,5,6.652,0.04,,,,,,,
6.659,191.7456,6.659,0.3,6.659,0,6.659,5,6.659,0.04,,,,,,,
6.666,191.7386,6.666,0.3,6.666,0,6.666,5,6.666,0.04,,,,,,,
6.673,191.7344,6.673,0.3,6.673,0,6.673,5,6.673,0.04,,,,,,,
6.68,191.7302,6.68,0.3,6.68,0,6.68,5,6.68,0.04,,,,,,,
6.687,191.73,6.687,0.3,6.687,0,6.687,5,6.687,0.04,,,,,,,
6.694,191.73,6.694,0.3,6.694,0,6.694,5,6.694,0.04,,,,,,,
6.701,191.73,6.701,0.3,6.701,0,6.701,5,6.701,0.04,,,,,,,
6.708,191.73,6.708,0.3,6.708,0,6.708,5,6.708,0.04,,,,,,,
6.715,191.7277,6.715,0.3,6.715,0,6.715,5,6.715,0.04,,,,,,,
6.722,191.7151,6.722,0.3,6.722,0,6.722,5,6.722,0.04,,,,,,,
6.728,191.7026,6.728,0.3,6.728,0,6.728,5,6.728,0.04,,,,,,,
6.735,191.7,6.735,0.3,6.735,0,6.735,5,6.735,0.04,,,,,,,
6.742,191.7,6.742,0.3,6.742,0,6.742,5,6.742,0.04,,,,,,,
6.749,191.7,6.749,0.3,6.749,0,6.749,5,6.749,0.04,,,,,,,
6.756,191.7,6.756,0.3,6.756,0,6.756,5,6.756,0.04,,,,,,,
6.763,191.6997,6.763,0.3,6.763,0,6.763,5,6.763,0.04,,,,,,,
6.77,191.6913,6.77,0.3,6.77,0,6.77,5,6.77,0.04,,,,,,,
6.777,191.683,6.777,0.3,6.777,0,6.777,5,6.777,0.04,,,,,,,
6.784,191.6745,6.784,0.3,6.784,0,6.784,5,6.784,0.04,,,,,,,
6.791,191.6661,6.791,0.3,6.791,0,6.791,5,6.791,0.04,,,,,,,
6.798,191.6589,6.798,0.3,6.798,0,6.798,5,6.798,0.04,,,,,,,
6.805,191.6547,6.805,0.3,6.805,0,6.805,5,6.805,0.04,,,,,,,
6.812,191.6505,6.812,0.3,6.812,0,6.812,5,6.812,0.04,,,,,,,
6.819,191.65,6.819,0.3,6.819,0,6.819,5,6.819,0.04,,,,,,,
6.826,191.65,6.826,0.3,6.826,0,6.826,5,6.826,0.04,,,,,,,
6.833,191.6479,6.833,0.3,6.833,0,6.833,5,6.833,0.04,,,,,,,
6.84,191.6437,6.84,0.3,6.84,0,6.84,5,6.84,0.04,,,,,,,
6.847,191.6379,6.847,0.3,6.847,0,6.847,5,6.847,0.04,,,,,,,
6.854,191.6212,6.854,0.3,6.854,0,6.854,5,6.854,0.04,,,,,,,
6.861,191.6044,6.861,0.3,6.861,0,6.861,5,6.861,0.04,,,,,,,
6.868,191.6,6.868,0.3,6.868,0,6.868,5,6.868,0.04,,,,,,,
6.875,191.6,6.875,0.3,6.875,0,6.875,5,6.875,0.04,,,,,,,
6.882,191.6,6.882,0.3,6.882,0,6.882,5,6.882,0.04,,,,,,,
6.889,191.6,6.889,0.3,6.889,0,6.889,5,6.889,0.04,,,,,,,
6.896,191.6,6.896,0.3,6.896,0,6.896,5,6.896,0.04,,,,,,,
6.903,191.5878,6.903,0.3,6.903,0,6.903,5,6.903,0.04,,,,,,,
6.91,191.5752,6.91,0.3,6.91,0,6.91,5,6.91,0.04,,,,,,,
6.917,191.5626,6.917,0.3,6.917,0,6.917,5,6.917,0.04,,,,,,,
6.924,191.5501,6.924,0.3,6.924,0,6.924,5,6.924,0.04,,,,,,,
6.931,191.54,6.931,0.3,6.931,0,6.931,5,6.931,0.04,,,,,,,
6.938,191.54,6.938,0.3,6.938,0,6.938,5,6.938,0.04,,,,,,,
6.945,191.54,6.945,0.3,6.945,0,6.945,5,6.945,0.04,,,,,,,
6.952,191.54,6.952,0.3,6.952,0,6.952,5,6.952,0.04,,,,,,,
6.959,191.54,6.959,0.3,6.959,0,6.959,5,6.959,0.04,,,,,,,
6.966,191.5345,6.966,0.3,6.966,0,6.966,5,6.966,0.04,,,,,,,
6.973,191.5219,6.973,0.3,6.973,0,6.973,5,6.973,0.04,,,,,,,
6.98,191.5094,6.98,0.3,6.98,0,6.98,5,6.98,0.04,,,,,,,
6.987,191.4967,6.987,0.3,6.987,0,6.987,5,6.987,0.04,,,,,,,
6.994,191.4841,6.994,0.3,6.994,0,6.994,5,6.994,0.04,,,,,,,
7.001,191.48,7.001,0.3,7.001,0,7.001,5,7.001,0.04,,,,,,,
7.008,191.48,7.008,0.3,7.008,0,7.008,5,7.008,0.04,,,,,,,
7.015,191.48,7.015,0.3,7.015,0,7.015,5,7.015,0.04,,,,,,,
7.022,191.48,7.022,0.3,7.022,0,7.022,5,7.022,0.04,,,,,,,
7.029,191.48,7.029,0.3,7.029,0,7.029,5,7.029,0.04,,,,,,,
7.036,191.4573,7.036,0.3,7.036,0,7.036,5,7.036,0.04,,,,,,,
7.043,191.432,7.043,0.3,7.043,0,7.043,5,7.043,0.04,,,,,,,
7.05,191.4156,7.05,0.3,7.05,0,7.05,5,7.05,0.04,,,,,,,
7.057,191.4072,7.057,0.3,7.057,0,7.057,5,7.057,0.04,,,,,,,
7.064,191.4,7.064,0.3,7.064,0,7.064,5,7.064,0.04,,,,,,,
7.071,191.4,7.071,0.3,7.071,0,7.071,5,7.071,0.04,,,,,,,
7.078,191.4,7.078,0.3,7.078,0,7.078,5,7.078,0.04,,,,,,,
7.085,191.3968,7.085,0.3,7.085,0,7.085,5,7.085,0.04,,,,,,,
7.092,191.3926,7.092,0.3,7.092,0,7.092,5,7.092,0.04,,,,,,,
7.099,191.3853,7.099,0.3,7.099,0,7.099,5,7.099,0.04,,,,,,,
7.106,191.3727,7.106,0.3,7.106,0,7.106,5,7.106,0.04,,,,,,,
7.113,191.3602,7.113,0.3,7.113,0,7.113,5,7.113,0.04,,,,,,,
7.12,191.3517,7.12,0.3,7.12,0,7.12,5,7.12,0.04,,,,,,,
7.127,191.3434,7.127,0.3,7.127,0,7.127,5,7.127,0.04,,,,,,,
7.134,191.34,7.134,0.3,7.134,0,7.134,5,7.134,0.04,,,,,,,
7.141,191.34,7.141,0.3,7.141,0,7.141,5,7.141,0.04,,,,,,,
7.148,191.3381,7.148,0.3,7.148,0,7.148,5,7.148,0.04,,,,,,,
7.155,191.3297,7.155,0.3,7.155,0,7.155,5,7.155,0.04,,,,,,,
7.162,191.3214,7.162,0.3,7.162,0,7.162,5,7.162,0.04,,,,,,,
7.169,191.306,7.169,0.3,7.169,0,7.169,5,7.169,0.04,,,,,,,
7.176,191.2892,7.176,0.3,7.176,0,7.176,5,7.176,0.04,,,,,,,
7.183,191.2781,7.183,0.3,7.183,0,7.183,5,7.183,0.04,,,,,,,
7.19,191.2739,7.19,0.3,7.19,0,7.19,5,7.19,0.04,,,,,,,
7.197,191.27,7.197,0.3,7.197,0,7.197,5,7.197,0.04,,,,,,,
7.204,191.27,7.204,0.3,7.204,0,7.204,5,7.204,0.04,,,,,,,
7.211,191.27,7.211,0.3,7.211,0,7.211,5,7.211,0.04,,,,,,,
7.218,191.2642,7.218,0.3,7.218,0,7.218,5,7.218,0.04,,,,,,,
7.225,191.2559,7.225,0.3,7.225,0,7.225,5,7.225,0.04,,,,,,,
7.232,191.2449,7.232,0.3,7.232,0,7.232,5,7.232,0.04,,,,,,,
7.239,191.2281,7.239,0.3,7.239,0,7.239,5,7.239,0.04,,,,,,,
7.246,191.2112,7.246,0.3,7.246,0,7.246,5,7.246,0.04,,,,,,,
7.253,191.21,7.253,0.3,7.253,0,7.253,5,7.253,0.04,,,,,,,
7.26,191.21,7.26,0.3,7.26,0,7.26,5,7.26,0.04,,,,,,,
7.267,191.21,7.267,0.3,7.267,0,7.267,5,7.267,0.04,,,,,,,
7.274,191.21,7.274,0.3,7.274,0,7.274,5,7.274,0.04,,,,,,,
7.281,191.2087,7.281,0.3,7.281,0,7.281,5,7.281,0.04,,,,,,,
7.288,191.2003,7.288,0.3,7.288,0,7.288,5,7.288,0.04,,,,,,,
7.295,191.1919,7.295,0.3,7.295,0,7.295,5,7.295,0.04,,,,,,,
7.302,191.1737,7.302,0.3,7.302,0,7.302,5,7.302,0.04,,,,,,,
7.309,191.1528,7.309,0.3,7.309,0,7.309,5,7.309,0.04,,,,,,,
7.316,191.14,7.316,0.3,7.316,0,7.316,5,7.316,0.04,,,,,,,
7.323,191.14,7.323,0.3,7.323,0,7.323,5,7.323,0.04,,,,,,,
7.33,191.14,7.33,0.3,7.33,0,7.33,5,7.33,0.04,,,,,,,
7.337,191.14,7.337,0.3,7.337,0,7.337,5,7.337,0.04,,,,,,,
7.344,191.14,7.344,0.3,7.344,0,7.344,5,7.344,0.04,,,,,,,
7.351,191.1321,7.351,0.3,7.351,0,7.351,5,7.351,0.04,,,,,,,
7.358,191.1196,7.358,0.3,7.358,0,7.358,5,7.358,0.04,,,,,,,
7.365,191.108,7.365,0.3,7.365,0,7.365,5,7.365,0.04,,,,,,,
7.372,191.0996,7.372,0.3,7.372,0,7.372,5,7.372,0.04,,,,,,,
7.379,191.0912,7.379,0.3,7.379,0,7.379,5,7.379,0.04,,,,,,,
7.386,191.09,7.386,0.3,7.386,0,7.386,5,7.386,0.04,,,,,,,
7.393,191.09,7.393,0.3,7.393,0,7.393,5,7.393,0.04,,,,,,,
7.4,191.09,7.4,0.3,7.4,0,7.4,5,7.4,0.04,,,,,,,
7.407,191.09,7.407,0.3,7.407,0,7.407,5,7.407,0.04,,,,,,,
7.414,191.0889,7.414,0.3,7.414,0,7.414,5,7.414,0.04,,,,,,,
7.421,191.0763,7.421,0.3,7.421,0,7.421,5,7.421,0.04,,,,,,,
7.428,191.0637,7.428,0.3,7.428,0,7.428,5,7.428,0.04,,,,,,,
7.435,191.0511,7.435,0.3,7.435,0,7.435,5,7.435,0.04,,,,,,,
7.442,191.0385,7.442,0.3,7.442,0,7.442,5,7.442,0.04,,,,,,,
7.449,191.03,7.449,0.3,7.449,0,7.449,5,7.449,0.04,,,,,,,
7.456,191.03,7.456,0.3,7.456,0,7.456,5,7.456,0.04,,,,,,,
7.463,191.03,7.463,0.3,7.463,0,7.463,5,7.463,0.04,,,,,,,
7.47,191.03,7.47,0.3,7.47,0,7.47,5,7.47,0.04,,,,,,,
7.477,191.03,7.477,0.3,7.477,0,7.477,5,7.477,0.04,,,,,,,
7.484,191.023,7.484,0.3,7.484,0,7.484,5,7.484,0.04,,,,,,,
7.491,191.0104,7.491,0.3,7.491,0,7.491,5,7.491,0.04,,,,,,,
7.498,190.9985,7.498,0.3,7.498,0,7.498,5,7.498,0.04,,,,,,,
7.505,190.9901,7.505,0.3,7.505,0,7.505,5,7.505,0.04,,,,,,,
7.512,190.9817,7.512,0.3,7.512,0,7.512,5,7.512,0.04,,,,,,,
7.519,190.98,7.519,0.3,7.519,0,7.519,5,7.519,0.04,,,,,,,
7.526,190.98,7.526,0.3,7.526,0,7.526,5,7.526,0.04,,,,,,,
7.533,190.9783,7.533,0.3,7.533,0,7.533,5,7.533,0.04,,,,,,,
7.54,190.9741,7.54,0.3,7.54,0,7.54,5,7.54,0.04,,,,,,,
7.547,190.9698,7.547,0.3,7.547,0,7.547,5,7.547,0.04,,,,,,,
7.554,190.9614,7.554,0.3,7.554,0,7.554,5,7.554,0.04,,,,,,,
7.561,190.953,7.561,0.3,7.561,0,7.561,5,7.561,0.04,,,,,,,
7.568,190.9446,7.568,0.3,7.568,0,7.568,5,7.568,0.04,,,,,,,
7.575,190.9362,7.575,0.3,7.575,0,7.575,5,7.575,0.04,,,,,,,
7.582,190.93,7.582,0.3,7.582,0,7.582,5,7.582,0.04,,,,,,,
7.589,190.93,7.589,0.3,7.589,0,7.589,5,7.589,0.04,,,,,,,
7.596,190.93,7.596,0.3,7.596,0,7.596,5,7.596,0.04,,,,,,,
7.603,190.9263,7.603,0.3,7.603,0,7.603,5,7.603,0.04,,,,,,,
7.61,190.9221,7.61,0.3,7.61,0,7.61,5,7.61,0.04,,,,,,,
7.617,190.9138,7.617,0.3,7.617,0,7.617,5,7.617,0.04,,,,,,,
7.624,190.9012,7.624,0.3,7.624,0,7.624,5,7.624,0.04,,,,,,,
7.631,190.89,7.631,0.3,7.631,0,7.631,5,7.631,0.04,,,,,,,
7.638,190.89,7.638,0.3,7.638,0,7.638,5,7.638,0.04,,,,,,,
7.645,190.89,7.645,0.3,7.645,0,7.645,5,7.645,0.04,,,,,,,
7.652,190.89,7.652,0.3,7.652,0,7.652,5,7.652,0.04,,,,,,,
7.659,190.89,7.659,0.3,7.659,0,7.659,5,7.659,0.04,,,,,,,
7.666,190.8871,7.666,0.3,7.666,0,7.666,5,7.666,0.04,,,,,,,
7.673,190.8788,7.673,0.3,7.673,0,7.673,5,7.673,0.04,,,,,,,
7.68,190.8704,7.68,0.3,7.68,0,7.68,5,7.68,0.04,,,,,,,
7.687,190.8579,7.687,0.3,7.687,0,7.687,5,7.687,0.04,,,,,,,
7.694,190.8453,7.694,0.3,7.694,0,7.694,5,7.694,0.04,,,,,,,
7.701,190.84,7.701,0.3,7.701,0,7.701,5,7.701,0.04,,,,,,,
7.708,190.84,7.708,0.3,7.708,0,7.708,5,7.708,0.04,,,,,,,
7.715,190.84,7.715,0.3,7.715,0,7.715,5,7.715,0.04,,,,,,,
7.722,190.84,7.722,0.3,7.722,0,7.722,5,7.722,0.04,,,,,,,
7.729,190.84,7.729,0.3,7.729,0,7.729,5,7.729,0.04,,,,,,,
7.736,190.8332,7.736,0.3,7.736,0,7.736,5,7.736,0.04,,,,,,,
7.743,190.8248,7.743,0.3,7.743,0,7.743,5,7.743,0.04,,,,,,,
7.75,190.8182,7.75,0.3,7.75,0,7.75,5,7.75,0.04,,,,,,,
7.757,190.814,7.757,0.3,7.757,0,7.757,5,7.757,0.04,,,,,,,
7.764,190.81,7.764,0.3,7.764,0,7.764,5,7.764,0.04,,,,,,,
7.771,190.81,7.771,0.3,7.771,0,7.771,5,7.771,0.04,,,,,,,
7.777,190.81,7.777,0.3,7.777,0,7.777,5,7.777,0.04,,,,,,,
7.784,190.81,7.784,0.3,7.784,0,7.784,5,7.784,0.04,,,,,,,
7.791,190.81,7.791,0.3,7.791,0,7.791,5,7.791,0.04,,,,,,,
7.798,190.8076,7.798,0.3,7.798,0,7.798,5,7.798,0.04,,,,,,,
7.805,190.7993,7.805,0.3,7.805,0,7.805,5,7.805,0.04,,,,,,,
7.812,190.7909,7.812,0.3,7.812,0,7.812,5,7.812,0.04,,,,,,,
7.819,190.7825,7.819,0.3,7.819,0,7.819,5,7.819,0.04,,,,,,,
7.826,190.7741,7.826,0.3,7.826,0,7.826,5,7.826,0.04,,,,,,,
7.833,190.77,7.833,0.3,7.833,0,7.833,5,7.833,0.04,,,,,,,
7.84,190.77,7.84,0.3,7.84,0,7.84,5,7.84,0.04,,,,,,,
7.847,190.77,7.847,0.3,7.847,0,7.847,5,7.847,0.04,,,,,,,
7.854,190.77,7.854,0.3,7.854,0,7.854,5,7.854,0.04,,,,,,,
7.861,190.77,7.861,0.3,7.861,0,7.861,5,7.861,0.04,,,,,,,
7.868,190.7638,7.868,0.3,7.868,0,7.868,5,7.868,0.04,,,,,,,
7.875,190.7554,7.875,0.3,7.875,0,7.875,5,7.875,0.04,,,,,,,
7.882,190.7485,7.882,0.3,7.882,0,7.882,5,7.882,0.04,,,,,,,
7.889,190.7443,7.889,0.3,7.889,0,7.889,5,7.889,0.04,,,,,,,
7.896,190.7401,7.896,0.3,7.896,0,7.896,5,7.896,0.04,,,,,,,
7.903,190.74,7.903,0.3,7.903,0,7.903,5,7.903,0.04,,,,,,,
7.91,190.74,7.91,0.3,7.91,0,7.91,5,7.91,0.04,,,,,,,
7.917,190.74,7.917,0.3,7.917,0,7.917,5,7.917,0.04,,,,,,,
7.924,190.74,7.924,0.3,7.924,0,7.924,5,7.924,0.04,,,,,,,
7.931,190.7391,7.931,0.3,7.931,0,7.931,5,7.931,0.04,,,,,,,
7.938,190.7349,7.938,0.3,7.938,0,7.938,5,7.938,0.04,,,,,,,
7.945,190.7307,7.945,0.3,7.945,0,7.945,5,7.945,0.04,,,,,,,
7.952,190.7265,7.952,0.3,7.952,0,7.952,5,7.952,0.04,,,,,,,
7.959,190.7223,7.959,0.3,7.959,0,7.959,5,7.959,0.04,,,,,,,
7.966,190.72,7.966,0.3,7.966,0,7.966,5,7.966,0.04,,,,,,,
7.973,190.72,7.973,0.3,7.973,0,7.973,5,7.973,0.04,,,,,,,
7.98,190.7198,7.98,0.3,7.98,0,7.98,5,7.98,0.04,,,,,,,
7.987,190.7155,7.987,0.3,7.987,0,7.987,5,7.987,0.04,,,,,,,
7.994,190.7113,7.994,0.3,7.994,0,7.994,5,7.994,0.04,,,,,,,
8.001,190.7071,8.001,0.3,8.001,0,8.001,5,8.001,0.04,,,,,,,
8.008,190.7029,8.008,0.3,8.008,0,8.008,5,8.008,0.04,,,,,,,
8.015,190.7,8.015,0.3,8.015,0,8.015,5,8.015,0.04,,,,,,,
8.022,190.7,8.022,0.3,8.022,0,8.022,5,8.022,0.04,,,,,,,
8.029,190.7,8.029,0.3,8.029,0,8.029,5,8.029,0.04,,,,,,,
8.036,190.7,8.036,0.3,8.036,0,8.036,5,8.036,0.04,,,,,,,
8.043,190.7,8.043,0.3,8.043,0,8.043,5,8.043,0.04,,,,,,,
8.05,190.6978,8.05,0.3,8.05,0,8.05,5,8.05,0.04,,,,,,,
8.057,190.6936,8.057,0.3,8.057,0,8.057,5,8.057,0.04,,,,,,,
8.064,190.6894,8.064,0.3,8.064,0,8.064,5,8.064,0.04,,,,,,,
8.071,190.6852,8.071,0.3,8.071,0,8.071,5,8.071,0.04,,,,,,,
8.078,190.681,8.078,0.3,8.078,0,8.078,5,8.078,0.04,,,,,,,
8.085,190.68,8.085,0.3,8.085,0,8.085,5,8.085,0.04,,,,,,,
8.092,190.68,8.092,0.3,8.092,0,8.092,5,8.092,0.04,,,,,,,
8.099,190.68,8.099,0.3,8.099,0,8.099,5,8.099,0.04,,,,,,,
8.106,190.68,8.106,0.3,8.106,0,8.106,5,8.106,0.04,,,,,,,
8.113,190.68,8.113,0.3,8.113,0,8.113,5,8.113,0.04,,,,,,,
8.12,190.6758,8.12,0.3,8.12,0,8.12,5,8.12,0.04,,,,,,,
8.127,190.6716,8.127,0.3,8.127,0,8.127,5,8.127,0.04,,,,,,,
8.134,190.6674,8.134,0.3,8.134,0,8.134,5,8.134,0.04,,,,,,,
8.141,190.6632,8.141,0.3,8.141,0,8.141,5,8.141,0.04,,,,,,,
8.148,190.66,8.148,0.3,8.148,0,8.148,5,8.148,0.04,,,,,,,
8.155,190.66,8.155,0.3,8.155,0,8.155,5,8.155,0.04,,,,,,,
8.162,190.66,8.162,0.3,8.162,0,8.162,5,8.162,0.04,,,,,,,
8.169,190.66,8.169,0.3,8.169,0,8.169,5,8.169,0.04,,,,,,,
8.176,190.66,8.176,0.3,8.176,0,8.176,5,8.176,0.04,,,,,,,
8.183,190.658,8.183,0.3,8.183,0,8.183,5,8.183,0.04,,,,,,,
8.19,190.6538,8.19,0.3,8.19,0,8.19,5,8.19,0.04,,,,,,,
8.197,190.65,8.197,0.3,8.197,0,8.197,5,8.197,0.04,,,,,,,
8.204,190.65,8.204,0.3,8.204,0,8.204,5,8.204,0.04,,,,,,,
8.211,190.65,8.211,0.3,8.211,0,8.211,5,8.211,0.04,,,,,,,
8.218,190.65,8.218,0.3,8.218,0,8.218,5,8.218,0.04,,,,,,,
8.225,190.65,8.225,0.3,8.225,0,8.225,5,8.225,0.04,,,,,,,
8.232,190.65,8.232,0.3,8.232,0,8.232,5,8.232,0.04,,,,,,,
8.239,190.65,8.239,0.3,8.239,0,8.239,5,8.239,0.04,,,,,,,
8.246,190.65,8.246,0.3,8.246,0,8.246,5,8.246,0.04,,,,,,,
8.253,190.6461,8.253,0.3,8.253,0,8.253,5,8.253,0.04,,,,,,,
8.26,190.6419,8.26,0.3,8.26,0,8.26,5,8.26,0.04,,,,,,,
8.267,190.6377,8.267,0.3,8.267,0,8.267,5,8.267,0.04,,,,,,,
8.274,190.6335,8.274,0.3,8.274,0,8.274,5,8.274,0.04,,,,,,,
8.281,190.63,8.281,0.3,8.281,0,8.281,5,8.281,0.04,,,,,,,
8.288,190.63,8.288,0.3,8.288,0,8.288,5,8.288,0.04,,,,,,,
8.295,190.63,8.295,0.3,8.295,0,8.295,5,8.295,0.04,,,,,,,
8.302,190.63,8.302,0.3,8.302,0,8.302,5,8.302,0.04,,,,,,,
8.309,190.63,8.309,0.3,8.309,0,8.309,5,8.309,0.04,,,,,,,
8.316,190.6283,8.316,0.3,8.316,0,8.316,5,8.316,0.04,,,,,,,
8.323,190.6241,8.323,0.3,8.323,0,8.323,5,8.323,0.04,,,,,,,
8.33,190.62,8.33,0.3,8.33,0,8.33,5,8.33,0.04,,,,,,,
8.337,190.62,8.337,0.3,8.337,0,8.337,5,8.337,0.04,,,,,,,
8.344,190.62,8.344,0.3,8.344,0,8.344,5,8.344,0.04,,,,,,,
8.351,190.62,8.351,0.3,8.351,0,8.351,5,8.351,0.04,,,,,,,
8.358,190.62,8.358,0.3,8.358,0,8.358,5,8.358,0.04,,,,,,,
8.365,190.62,8.365,0.3,8.365,0,8.365,5,8.365,0.04,,,,,,,
8.372,190.62,8.372,0.3,8.372,0,8.372,5,8.372,0.04,,,,,,,
8.379,190.62,8.379,0.3,8.379,0,8.379,5,8.379,0.04,,,,,,,
8.386,190.6163,8.386,0.3,8.386,0,8.386,5,8.386,0.04,,,,,,,
8.393,190.6121,8.393,0.3,8.393,0,8.393,5,8.393,0.04,,,,,,,
8.4,190.608,8.4,0.3,8.4,0,8.4,5,8.4,0.04,,,,,,,
8.407,190.6038,8.407,0.3,8.407,0,8.407,5,8.407,0.04,,,,,,,
8.414,190.6,8.414,0.3,8.414,0,8.414,5,8.414,0.04,,,,,,,
8.421,190.6,8.421,0.3,8.421,0,8.421,5,8.421,0.04,,,,,,,
8.428,190.6,8.428,0.3,8.428,0,8.428,5,8.428,0.04,,,,,,,
8.435,190.6,8.435,0.3,8.435,0,8.435,5,8.435,0.04,,,,,,,
8.442,190.6,8.442,0.3,8.442,0,8.442,5,8.442,0.04,,,,,,,
8.449,190.6,8.449,0.3,8.449,0,8.449,5,8.449,0.04,,,,,,,
8.456,190.6,8.456,0.3,8.456,0,8.456,5,8.456,0.04,,,,,,,
8.463,190.6,8.463,0.3,8.463,0,8.463,5,8.463,0.04,,,,,,,
8.47,190.6,8.47,0.3,8.47,0,8.47,5,8.47,0.04,,,,,,,
8.477,190.6,8.477,0.3,8.477,0,8.477,5,8.477,0.04,,,,,,,
8.484,190.6,8.484,0.3,8.484,0,8.484,5,8.484,0.04,,,,,,,
8.491,190.6,8.491,0.3,8.491,0,8.491,5,8.491,0.04,,,,,,,
8.498,190.5992,8.498,0.3,8.498,0,8.498,5,8.498,0.04,,,,,,,
8.505,190.595,8.505,0.3,8.505,0,8.505,5,8.505,0.04,,,,,,,
8.512,190.5908,8.512,0.3,8.512,0,8.512,5,8.512,0.04,,,,,,,
8.519,190.5866,8.519,0.3,8.519,0,8.519,5,8.519,0.04,,,,,,,
8.526,190.5824,8.526,0.3,8.526,0,8.526,5,8.526,0.04,,,,,,,
8.533,190.58,8.533,0.3,8.533,0,8.533,5,8.533,0.04,,,,,,,
8.54,190.58,8.54,0.3,8.54,0,8.54,5,8.54,0.04,,,,,,,
8.547,190.58,8.547,0.3,8.547,0,8.547,5,8.547,0.04,,,,,,,
8.554,190.58,8.554,0.3,8.554,0,8.554,5,8.554,0.04,,,,,,,
8.561,190.58,8.561,0.3,8.561,0,8.561,5,8.561,0.04,,,,,,,
8.568,190.58,8.568,0.3,8.568,0,8.568,5,8.568,0.04,,,,,,,
8.575,190.58,8.575,0.3,8.575,0,8.575,5,8.575,0.04,,,,,,,
8.582,190.5788,8.582,0.3,8.582,0,8.582,5,8.582,0.04,,,,,,,
8.589,190.5747,8.589,0.3,8.589,0,8.589,5,8.589,0.04,,,,,,,
8.596,190.5705,8.596,0.3,8.596,0,8.596,5,8.596,0.04,,,,,,,
8.603,190.57,8.603,0.3,8.603,0,8.603,5,8.603,0.04,,,,,,,
8.61,190.57,8.61,0.3,8.61,0,8.61,5,8.61,0.04,,,,,,,
8.617,190.57,8.617,0.3,8.617,0,8.617,5,8.617,0.04,,,,,,,
8.624,190.57,8.624,0.3,8.624,0,8.624,5,8.624,0.04,,,,,,,
8.631,190.57,8.631,0.3,8.631,0,8.631,5,8.631,0.04,,,,,,,
8.638,190.57,8.638,0.3,8.638,0,8.638,5,8.638,0.04,,,,,,,
8.645,190.57,8.645,0.3,8.645,0,8.645,5,8.645,0.04,,,,,,,
8.652,190.5669,8.652,0.3,8.652,0,8.652,5,8.652,0.04,,,,,,,
8.659,190.5627,8.659,0.3,8.659,0,8.659,5,8.659,0.04,,,,,,,
8.666,190.56,8.666,0.3,8.666,0,8.666,5,8.666,0.04,,,,,,,
8.673,190.56,8.673,0.3,8.673,0,8.673,5,8.673,0.04,,,,,,,
8.68,190.56,8.68,0.3,8.68,0,8.68,5,8.68,0.04,,,,,,,
8.687,190.56,8.687,0.3,8.687,0,8.687,5,8.687,0.04,,,,,,,
8.694,190.56,8.694,0.3,8.694,0,8.694,5,8.694,0.04,,,,,,,
8.701,190.56,8.701,0.3,8.701,0,8.701,5,8.701,0.04,,,,,,,
8.708,190.56,8.708,0.3,8.708,0,8.708,5,8.708,0.04,,,,,,,
8.715,190.56,8.715,0.3,8.715,0,8.715,5,8.715,0.04,,,,,,,
8.722,190.56,8.722,0.3,8.722,0,8.722,5,8.722,0.04,,,,,,,
8.729,190.56,8.729,0.3,8.729,0,8.729,5,8.729,0.04,,,,,,,
8.736,190.56,8.736,0.3,8.736,0,8.736,5,8.736,0.04,,,,,,,
8.743,190.56,8.743,0.3,8.743,0,8.743,5,8.743,0.04,,,,,,,
8.75,190.56,8.75,0.3,8.75,0,8.75,5,8.75,0.04,,,,,,,
8.757,190.56,8.757,0.3,8.757,0,8.757,5,8.757,0.04,,,,,,,
8.764,190.5598,8.764,0.3,8.764,0,8.764,5,8.764,0.04,,,,,,,
8.771,190.5556,8.771,0.3,8.771,0,8.771,5,8.771,0.04,,,,,,,
8.778,190.5513,8.778,0.3,8.778,0,8.778,5,8.778,0.04,,,,,,,
8.785,190.55,8.785,0.3,8.785,0,8.785,5,8.785,0.04,,,,,,,
8.792,190.55,8.792,0.3,8.792,0,8.792,5,8.792,0.04,,,,,,,
8.799,190.55,8.799,0.3,8.799,0,8.799,5,8.799,0.04,,,,,,,
8.806,190.55,8.806,0.3,8.806,0,8.806,5,8.806,0.04,,,,,,,
8.813,190.55,8.813,0.3,8.813,0,8.813,5,8.813,0.04,,,,,,,
8.819,190.55,8.819,0.3,8.819,0,8.819,5,8.819,0.04,,,,,,,
8.826,190.55,8.826,0.3,8.826,0,8.826,5,8.826,0.04,,,,,,,
8.833,190.55,8.833,0.3,8.833,0,8.833,5,8.833,0.04,,,,,,,
8.84,190.55,8.84,0.3,8.84,0,8.84,5,8.84,0.04,,,,,,,
8.847,190.5494,8.847,0.3,8.847,0,8.847,5,8.847,0.04,,,,,,,
8.854,190.5452,8.854,0.3,8.854,0,8.854,5,8.854,0.04,,,,,,,
8.861,190.541,8.861,0.3,8.861,0,8.861,5,8.861,0.04,,,,,,,
8.868,190.54,8.868,0.3,8.868,0,8.868,5,8.868,0.04,,,,,,,
8.875,190.54,8.875,0.3,8.875,0,8.875,5,8.875,0.04,,,,,,,
8.882,190.54,8.882,0.3,8.882,0,8.882,5,8.882,0.04,,,,,,,
8.889,190.54,8.889,0.3,8.889,0,8.889,5,8.889,0.04,,,,,,,
8.896,190.54,8.896,0.3,8.896,0,8.896,5,8.896,0.04,,,,,,,
8.903,190.54,8.903,0.3,8.903,0,8.903,5,8.903,0.04,,,,,,,
8.91,190.54,8.91,0.3,8.91,0,8.91,5,8.91,0.04,,,,,,,
8.917,190.54,8.917,0.3,8.917,0,8.917,5,8.917,0.04,,,,,,,
8.924,190.54,8.924,0.3,8.924,0,8.924,5,8.924,0.04,,,,,,,
8.931,190.54,8.931,0.3,8.931,0,8.931,5,8.931,0.04,,,,,,,
8.938,190.54,8.938,0.3,8.938,0,8.938,5,8.938,0.04,,,,,,,
8.945,190.54,8.945,0.3,8.945,0,8.945,5,8.945,0.04,,,,,,,
8.952,190.54,8.952,0.3,8.952,0,8.952,5,8.952,0.04,,,,,,,
8.959,190.54,8.959,0.3,8.959,0,8.959,5,8.959,0.04,,,,,,,
8.966,190.54,8.966,0.3,8.966,0,8.966,5,8.966,0.04,,,,,,,
8.973,190.54,8.973,0.3,8.973,0,8.973,5,8.973,0.04,,,,,,,
8.98,190.54,8.98,0.3,8.98,0,8.98,5,8.98,0.04,,,,,,,
8.987,190.54,8.987,0.3,8.987,0,8.987,5,8.987,0.04,,,,,,,
8.994,190.54,8.994,0.3,8.994,0,8.994,5,8.994,0.04,,,,,,,
9.001,190.54,9.001,0.3,9.001,0,9.001,5,9.001,0.04,,,,,,,
9.008,190.54,9.008,0.3,9.008,0,9.008,5,9.008,0.04,,,,,,,
9.015,190.5413,9.015,0.3,9.015,0,9.015,5,9.015,0.04,,,,,,,
9.022,190.5455,9.022,0.3,9.022,0,9.022,5,9.022,0.04,,,,,,,
9.029,190.5497,9.029,0.3,9.029,0,9.029,5,9.029,0.04,,,,,,,
9.036,190.5461,9.036,0.3,9.036,0,9.036,5,9.036,0.04,,,,,,,
9.043,190.5419,9.043,0.3,9.043,0,9.043,5,9.043,0.04,,,,,,,
9.05,190.54,9.05,0.3,9.05,0,9.05,5,9.05,0.04,,,,,,,
9.057,190.54,9.057,0.3,9.057,0,9.057,5,9.057,0.04,,,,,,,
9.064,190.54,9.064,0.3,9.064,0,9.064,5,9.064,0.04,,,,,,,
9.071,190.54,9.071,0.3,9.071,0,9.071,5,9.071,0.04,,,,,,,
9.078,190.54,9.078,0.3,9.078,0,9.078,5,9.078,0.04,,,,,,,
9.085,190.5367,9.085,0.3,9.085,0,9.085,5,9.085,0.04,,,,,,,
9.092,190.5325,9.092,0.3,9.092,0,9.092,5,9.092,0.04,,,,,,,
9.099,190.53,9.099,0.3,9.099,0,9.099,5,9.099,0.04,,,,,,,
9.106,190.53,9.106,0.3,9.106,0,9.106,5,9.106,0.04,,,,,,,
9.113,190.53,9.113,0.3,9.113,0,9.113,5,9.113,0.04,,,,,,,
9.12,190.53,9.12,0.3,9.12,0,9.12,5,9.12,0.04,,,,,,,
9.127,190.53,9.127,0.3,9.127,0,9.127,5,9.127,0.04,,,,,,,
9.134,190.53,9.134,0.3,9.134,0,9.134,5,9.134,0.03735081,,,,,,,
9.141,190.53,9.141,0.3,9.141,0,9.141,5,9.141,0.03316315,,,,,,,
9.148,190.529,9.148,0.3,9.148,0,9.148,5,9.148,0.03,,,,,,,
9.155,190.5248,9.155,0.3,9.155,0,9.155,5,9.155,0.03,,,,,,,
9.162,190.5206,9.162,0.3,9.162,0,9.162,5,9.162,0.03,,,,,,,
9.169,190.52,9.169,0.3,9.169,0,9.169,5,9.169,0.03,,,,,,,
9.176,190.52,9.176,0.3,9.176,0,9.176,5,9.176,0.03,,,,,,,
9.183,190.52,9.183,0.3,9.183,0,9.183,5,9.183,0.03,,,,,,,
9.19,190.52,9.19,0.3,9.19,0,9.19,5,9.19,0.03,,,,,,,
9.197,190.52,9.197,0.3,9.197,0,9.197,5,9.197,0.03,,,,,,,
9.204,190.52,9.204,0.3,9.204,0,9.204,5,9.204,0.03,,,,,,,
9.211,190.52,9.211,0.3,9.211,0,9.211,5,9.211,0.03,,,,,,,
9.218,190.52,9.218,0.3,9.218,0,9.218,5,9.218,0.03,,,,,,,
9.225,190.52,9.225,0.3,9.225,0,9.225,5,9.225,0.03,,,,,,,
9.232,190.52,9.232,0.3,9.232,0,9.232,5,9.232,0.03,,,,,,,
9.239,190.52,9.239,0.3,9.239,0,9.239,5,9.239,0.03,,,,,,,
9.246,190.52,9.246,0.3,9.246,0,9.246,5,9.246,0.03,,,,,,,
9.253,190.52,9.253,0.3,9.253,0,9.253,5,9.253,0.03,,,,,,,
9.26,190.52,9.26,0.3,9.26,0,9.26,5,9.26,0.03,,,,,,,
9.267,190.52,9.267,0.3,9.267,0,9.267,5,9.267,0.03,,,,,,,
9.274,190.52,9.274,0.3,9.274,0,9.274,5,9.274,0.03,,,,,,,
9.281,190.5192,9.281,0.3,9.281,0,9.281,5,9.281,0.03,,,,,,,
9.288,190.515,9.288,0.3,9.288,0,9.288,5,9.288,0.03,,,,,,,
9.295,190.5108,9.295,0.3,9.295,0,9.295,5,9.295,0.03,,,,,,,
9.302,190.51,9.302,0.3,9.302,0,9.302,5,9.302,0.03,,,,,,,
9.309,190.51,9.309,0.3,9.309,0,9.309,5,9.309,0.03,,,,,,,
9.316,190.51,9.316,0.3,9.316,0,9.316,5,9.316,0.03,,,,,,,
9.323,190.51,9.323,0.3,9.323,0,9.323,5,9.323,0.03,,,,,,,
9.33,190.5101,9.33,0.3,9.33,0,9.33,5,9.33,0.03,,,,,,,
9.337,190.5143,9.337,0.3,9.337,0,9.337,5,9.337,0.03,,,,,,,
9.344,190.5185,9.344,0.3,9.344,0,9.344,5,9.344,0.03,,,,,,,
9.351,190.52,9.351,0.3,9.351,0,9.351,5,9.351,0.03,,,,,,,
9.358,190.52,9.358,0.3,9.358,0,9.358,5,9.358,0.03,,,,,,,
9.365,190.52,9.365,0.3,9.365,0,9.365,5,9.365,0.03,,,,,,,
9.372,190.52,9.372,0.3,9.372,0,9.372,5,9.372,0.03,,,,,,,
9.379,190.52,9.379,0.3,9.379,0,9.379,5,9.379,0.03,,,,,,,
9.386,190.52,9.386,0.3,9.386,0,9.386,5,9.386,0.03,,,,,,,
9.393,190.52,9.393,0.3,9.393,0,9.393,5,9.393,0.03,,,,,,,
9.4,190.52,9.4,0.3,9.4,0,9.4,5,9.4,0.03,,,,,,,
9.407,190.52,9.407,0.3,9.407,0,9.407,5,9.407,0.03,,,,,,,
9.414,190.5195,9.414,0.3,9.414,0,9.414,5,9.414,0.03,,,,,,,
9.421,190.5153,9.421,0.3,9.421,0,9.421,5,9.421,0.03,,,,,,,
9.428,190.5111,9.428,0.3,9.428,0,9.428,5,9.428,0.03,,,,,,,
9.435,190.51,9.435,0.3,9.435,0,9.435,5,9.435,0.03,,,,,,,
9.442,190.51,9.442,0.3,9.442,0,9.442,5,9.442,0.03,,,,,,,
9.449,190.51,9.449,0.3,9.449,0,9.449,5,9.449,0.03,,,,,,,
9.456,190.51,9.456,0.3,9.456,0,9.456,5,9.456,0.03,,,,,,,
9.463,190.51,9.463,0.3,9.463,0,9.463,5,9.463,0.03,,,,,,,
9.47,190.51,9.47,0.3,9.47,0,9.47,5,9.47,0.03,,,,,,,
9.477,190.51,9.477,0.3,9.477,0,9.477,5,9.477,0.03,,,,,,,
9.484,190.5075,9.484,0.3,9.484,0,9.484,5,9.484,0.03,,,,,,,
9.491,190.5034,9.491,0.3,9.491,0,9.491,5,9.491,0.03,,,,,,,
9.498,190.5,9.498,0.3,9.498,0,9.498,5,9.498,0.03,,,,,,,
9.505,190.5,9.505,0.3,9.505,0,9.505,5,9.505,0.03,,,,,,,
9.512,190.5,9.512,0.3,9.512,0,9.512,5,9.512,0.03,,,,,,,
9.519,190.5,9.519,0.3,9.519,0,9.519,5,9.519,0.03,,,,,,,
9.526,190.5,9.526,0.3,9.526,0,9.526,5,9.526,0.03,,,,,,,
9.533,190.5,9.533,0.3,9.533,0,9.533,5,9.533,0.03,,,,,,,
9.54,190.5,9.54,0.3,9.54,0,9.54,5,9.54,0.03,,,,,,,
9.547,190.5,9.547,0.3,9.547,0,9.547,5,9.547,0.03020216,,,,,,,
9.554,190.5,9.554,0.3,9.554,0,9.554,5,9.554,0.03438981,,,,,,,
9.561,190.5,9.561,0.3,9.561,0,9.561,5,9.561,0.03857804,,,,,,,
9.568,190.5,9.568,0.3,9.568,0,9.568,5,9.568,0.04,,,,,,,
9.575,190.5,9.575,0.3,9.575,0,9.575,5,9.575,0.04,,,,,,,
9.582,190.5,9.582,0.3,9.582,0,9.582,5,9.582,0.04,,,,,,,
9.589,190.5,9.589,0.3,9.589,0,9.589,5,9.589,0.04,,,,,,,
9.596,190.5,9.596,0.3,9.596,0,9.596,5,9.596,0.04,,,,,,,
9.603,190.5,9.603,0.3,9.603,0,9.603,5,9.603,0.04,,,,,,,
9.61,190.5,9.61,0.3,9.61,0,9.61,5,9.61,0.04,,,,,,,
9.617,190.4978,9.617,0.3,9.617,0,9.617,5,9.617,0.04,,,,,,,
9.624,190.4936,9.624,0.3,9.624,0,9.624,5,9.624,0.04,,,,,,,
9.631,190.49,9.631,0.3,9.631,0,9.631,5,9.631,0.04,,,,,,,
9.638,190.49,9.638,0.3,9.638,0,9.638,5,9.638,0.04,,,,,,,
9.645,190.49,9.645,0.3,9.645,0,9.645,5,9.645,0.04,,,,,,,
9.652,190.49,9.652,0.3,9.652,0,9.652,5,9.652,0.04,,,,,,,
9.659,190.49,9.659,0.3,9.659,0,9.659,5,9.659,0.04,,,,,,,
9.666,190.49,9.666,0.3,9.666,0,9.666,5,9.666,0.04,,,,,,,
9.673,190.49,9.673,0.3,9.673,0,9.673,5,9.673,0.04,,,,,,,
9.68,190.49,9.68,0.3,9.68,0,9.68,5,9.68,0.04,,,,,,,
9.687,190.4859,9.687,0.3,9.687,0,9.687,5,9.687,0.04,,,,,,,
9.694,190.4817,9.694,0.3,9.694,0,9.694,5,9.694,0.04,,,,,,,
9.701,190.48,9.701,0.3,9.701,0,9.701,5,9.701,0.04,,,,,,,
9.708,190.48,9.708,0.3,9.708,0,9.708,5,9.708,0.04,,,,,,,
9.715,190.48,9.715,0.3,9.715,0,9.715,5,9.715,0.04,,,,,,,
9.722,190.48,9.722,0.3,9.722,0,9.722,5,9.722,0.04,,,,,,,
9.729,190.48,9.729,0.3,9.729,0,9.729,5,9.729,0.04,,,,,,,
9.736,190.48,9.736,0.3,9.736,0,9.736,5,9.736,0.04,,,,,,,
9.743,190.48,9.743,0.3,9.743,0,9.743,5,9.743,0.04,,,,,,,
9.75,190.48,9.75,0.3,9.75,0,9.75,5,9.75,0.04,,,,,,,
9.757,190.48,9.757,0.3,9.757,0,9.757,5,9.757,0.04,,,,,,,
9.764,190.48,9.764,0.3,9.764,0,9.764,5,9.764,0.04,,,,,,,
9.771,190.48,9.771,0.3,9.771,0,9.771,5,9.771,0.04,,,,,,,
9.778,190.48,9.778,0.3,9.778,0,9.778,5,9.778,0.04,,,,,,,
9.785,190.48,9.785,0.3,9.785,0,9.785,5,9.785,0.04,,,,,,,
9.792,190.48,9.792,0.3,9.792,0,9.792,5,9.792,0.04,,,,,,,
9.799,190.4787,9.799,0.3,9.799,0,9.799,5,9.799,0.04,,,,,,,
9.806,190.4745,9.806,0.3,9.806,0,9.806,5,9.806,0.04,,,,,,,
9.813,190.4704,9.813,0.3,9.813,0,9.813,5,9.813,0.04,,,,,,,
9.82,190.47,9.82,0.3,9.82,0,9.82,5,9.82,0.04,,,,,,,
9.827,190.47,9.827,0.3,9.827,0,9.827,5,9.827,0.04,,,,,,,
9.834,190.47,9.834,0.3,9.834,0,9.834,5,9.834,0.04,,,,,,,
9.841,190.47,9.841,0.3,9.841,0,9.841,5,9.841,0.04,,,,,,,
9.848,190.47,9.848,0.3,9.848,0,9.848,5,9.848,0.04,,,,,,,
9.855,190.47,9.855,0.3,9.855,0,9.855,5,9.855,0.04,,,,,,,
9.861,190.47,9.861,0.3,9.861,0,9.861,5,9.861,0.04,,,,,,,
9.868,190.47,9.868,0.3,9.868,0,9.868,5,9.868,0.04,,,,,,,
9.875,190.47,9.875,0.3,9.875,0,9.875,5,9.875,0.04,,,,,,,
9.882,190.47,9.882,0.3,9.882,0,9.882,5,9.882,0.04,,,,,,,
9.889,190.47,9.889,0.3,9.889,0,9.889,5,9.889,0.04,,,,,,,
9.896,190.47,9.896,0.3,9.896,0,9.896,5,9.896,0.04,,,,,,,
9.903,190.47,9.903,0.3,9.903,0,9.903,5,9.903,0.04,,,,,,,
9.91,190.47,9.91,0.3,9.91,0,9.91,5,9.91,0.04,,,,,,,
9.917,190.47,9.917,0.3,9.917,0,9.917,5,9.917,0.04,,,,,,,
9.924,190.47,9.924,0.3,9.924,0,9.924,5,9.924,0.04,,,,,,,
9.931,190.47,9.931,0.3,9.931,0,9.931,5,9.931,0.04,,,,,,,
9.938,190.47,9.938,0.3,9.938,0,9.938,5,9.938,0.04,,,,,,,
9.945,190.47,9.945,0.3,9.945,0,9.945,5,9.945,0.04,,,,,,,
9.952,190.47,9.952,0.3,9.952,0,9.952,5,9.952,0.04,,,,,,,
9.959,190.47,9.959,0.3,9.959,0,9.959,5,9.959,0.04,,,,,,,
9.966,190.47,9.966,0.3,9.966,0,9.966,5,9.966,0.04,,,,,,,
9.973,190.47,9.973,0.3,9.973,0,9.973,5,9.973,0.04,,,,,,,
9.98,190.4696,9.98,0.3,9.98,0,9.98,5,9.98,0.04,,,,,,,
9.987,190.4654,9.987,0.3,9.987,0,9.987,5,9.987,0.04,,,,,,,
9.994,190.4613,9.994,0.3,9.994,0,9.994,5,9.994,0.04,,,,,,,
10.001,190.46,10.001,0.3,10.001,0,10.001,5,10.001,0.04,,,,,,,
10.008,190.46,10.008,0.3,10.008,0,10.008,5,10.008,0.04,,,,,,,
10.015,190.46,10.015,0.3,10.015,0,10.015,5,10.015,0.04,,,,,,,
10.022,190.46,10.022,0.3,10.022,0,10.022,5,10.022,0.04,,,,,,,
10.029,190.46,10.029,0.3,10.029,0,10.029,5,10.029,0.04,,,,,,,
10.036,190.46,10.036,0.3,10.036,0,10.036,5,10.036,0.04,,,,,,,
10.043,190.46,10.043,0.3,10.043,0,10.043,5,10.043,0.04,,,,,,,
10.05,190.46,10.05,0.3,10.05,0,10.05,5,10.05,0.04,,,,,,,
10.057,190.46,10.057,0.3,10.057,0,10.057,5,10.057,0.04,,,,,,,
10.064,190.4593,10.064,0.3,10.064,0,10.064,5,10.064,0.04,,,,,,,
10.071,190.4551,10.071,0.3,10.071,0,10.071,5,10.071,0.04,,,,,,,
10.078,190.4509,10.078,0.3,10.078,0,10.078,5,10.078,0.04,,,,,,,
10.085,190.45,10.085,0.3,10.085,0,10.085,5,10.085,0.04,,,,,,,
10.092,190.45,10.092,0.3,10.092,0,10.092,5,10.092,0.04,,,,,,,
10.099,190.45,10.099,0.3,10.099,0,10.099,5,10.099,0.04,,,,,,,
10.106,190.45,10.106,0.3,10.106,0,10.106,5,10.106,0.04,,,,,,,
10.113,190.4499,10.113,0.3,10.113,0,10.113,5,10.113,0.04,,,,,,,
10.12,190.4457,10.12,0.3,10.12,0,10.12,5,10.12,0.04,,,,,,,
10.127,190.4415,10.127,0.3,10.127,0,10.127,5,10.127,0.04,,,,,,,
10.134,190.4427,10.134,0.3,10.134,0,10.134,5,10.134,0.04,,,,,,,
10.141,190.4469,10.141,0.3,10.141,0,10.141,5,10.141,0.04,,,,,,,
10.148,190.45,10.148,0.3,10.148,0,10.148,5,10.148,0.04,,,,,,,
10.155,190.45,10.155,0.3,10.155,0,10.155,5,10.155,0.04,,,,,,,
10.162,190.45,10.162,0.3,10.162,0,10.162,5,10.162,0.04,,,,,,,
10.169,190.45,10.169,0.3,10.169,0,10.169,5,10.169,0.04,,,,,,,
10.176,190.45,10.176,0.3,10.176,0,10.176,5,10.176,0.04,,,,,,,
10.183,190.45,10.183,0.3,10.183,0,10.183,5,10.183,0.04,,,,,,,
10.19,190.45,10.19,0.3,10.19,0,10.19,5,10.19,0.04,,,,,,,
10.197,190.45,10.197,0.3,10.197,0,10.197,5,10.197,0.04,,,,,,,
10.204,190.45,10.204,0.3,10.204,0,10.204,5,10.204,0.04,,,,,,,
10.211,190.45,10.211,0.3,10.211,0,10.211,5,10.211,0.04,,,,,,,
10.218,190.45,10.218,0.3,10.218,0,10.218,5,10.218,0.04,,,,,,,
10.225,190.45,10.225,0.3,10.225,0,10.225,5,10.225,0.04,,,,,,,
10.232,190.4486,10.232,0.3,10.232,0,10.232,5,10.232,0.04,,,,,,,
10.239,190.4444,10.239,0.3,10.239,0,10.239,5,10.239,0.04,,,,,,,
10.246,190.4402,10.246,0.3,10.246,0,10.246,5,10.246,0.04,,,,,,,
10.253,190.436,10.253,0.3,10.253,0,10.253,5,10.253,0.04,,,,,,,
10.26,190.4318,10.26,0.3,10.26,0,10.26,5,10.26,0.04,,,,,,,
10.267,190.43,10.267,0.3,10.267,0,10.267,5,10.267,0.04,,,,,,,
10.274,190.43,10.274,0.3,10.274,0,10.274,5,10.274,0.04,,,,,,,
10.281,190.43,10.281,0.3,10.281,0,10.281,5,10.281,0.04,,,,,,,
10.288,190.43,10.288,0.3,10.288,0,10.288,5,10.288,0.04,,,,,,,
10.295,190.43,10.295,0.3,10.295,0,10.295,5,10.295,0.04,,,,,,,
10.302,190.43,10.302,0.3,10.302,0,10.302,5,10.302,0.04,,,,,,,
10.309,190.43,10.309,0.3,10.309,0,10.309,5,10.309,0.04,,,,,,,
10.316,190.4282,10.316,0.3,10.316,0,10.316,5,10.316,0.04,,,,,,,
10.323,190.424,10.323,0.3,10.323,0,10.323,5,10.323,0.04,,,,,,,
10.33,190.42,10.33,0.3,10.33,0,10.33,5,10.33,0.04,,,,,,,
10.337,190.42,10.337,0.3,10.337,0,10.337,5,10.337,0.04,,,,,,,
10.344,190.42,10.344,0.3,10.344,0,10.344,5,10.344,0.04,,,,,,,
10.351,190.42,10.351,0.3,10.351,0,10.351,5,10.351,0.04,,,,,,,
10.358,190.42,10.358,0.3,10.358,0,10.358,5,10.358,0.04,,,,,,,
10.365,190.42,10.365,0.3,10.365,0,10.365,5,10.365,0.04,,,,,,,
10.372,190.42,10.372,0.3,10.372,0,10.372,5,10.372,0.04,,,,,,,
10.379,190.42,10.379,0.3,10.379,0,10.379,5,10.379,0.04,,,,,,,
10.386,190.42,10.386,0.3,10.386,0,10.386,5,10.386,0.04,,,,,,,
10.393,190.42,10.393,0.3,10.393,0,10.393,5,10.393,0.04,,,,,,,
10.4,190.42,10.4,0.3,10.4,0,10.4,5,10.4,0.04,,,,,,,
10.407,190.42,10.407,0.3,10.407,0,10.407,5,10.407,0.04,,,,,,,
10.414,190.42,10.414,0.3,10.414,0,10.414,5,10.414,0.04,,,,,,,
10.421,190.42,10.421,0.3,10.421,0,10.421,5,10.421,0.04,,,,,,,
10.428,190.42,10.428,0.3,10.428,0,10.428,5,10.428,0.04,,,,,,,
10.435,190.4169,10.435,0.3,10.435,0,10.435,5,10.435,0.04,,,,,,,
10.442,190.4127,10.442,0.3,10.442,0,10.442,5,10.442,0.04,,,,,,,
10.449,190.4115,10.449,0.3,10.449,0,10.449,5,10.449,0.04,,,,,,,
10.456,190.4157,10.456,0.3,10.456,0,10.456,5,10.456,0.04,,,,,,,
10.463,190.4199,10.463,0.3,10.463,0,10.463,5,10.463,0.04,,,,,,,
10.47,190.42,10.47,0.3,10.47,0,10.47,5,10.47,0.04,,,,,,,
10.477,190.42,10.477,0.3,10.477,0,10.477,5,10.477,0.04,,,,,,,
10.484,190.42,10.484,0.3,10.484,0,10.484,5,10.484,0.04,,,,,,,
10.491,190.42,10.491,0.3,10.491,0,10.491,5,10.491,0.04,,,,,,,
10.498,190.42,10.498,0.3,10.498,0,10.498,5,10.498,0.04,,,,,,,
10.505,190.42,10.505,0.3,10.505,0,10.505,5,10.505,0.04,,,,,,,
10.512,190.42,10.512,0.3,10.512,0,10.512,5,10.512,0.04,,,,,,,
10.519,190.4165,10.519,0.3,10.519,0,10.519,5,10.519,0.04,,,,,,,
10.526,190.4123,10.526,0.3,10.526,0,10.526,5,10.526,0.04,,,,,,,
10.533,190.41,10.533,0.3,10.533,0,10.533,5,10.533,0.04,,,,,,,
10.54,190.41,10.54,0.3,10.54,0,10.54,5,10.54,0.04,,,,,,,
10.547,190.41,10.547,0.3,10.547,0,10.547,5,10.547,0.04,,,,,,,
10.554,190.41,10.554,0.3,10.554,0,10.554,5,10.554,0.04,,,,,,,
10.561,190.41,10.561,0.3,10.561,0,10.561,5,10.561,0.04,,,,,,,
10.568,190.4129,10.568,0.3,10.568,0,10.568,5,10.568,0.04,,,,,,,
10.575,190.4171,10.575,0.3,10.575,0,10.575,5,10.575,0.04,,,,,,,
10.582,190.4188,10.582,0.3,10.582,0,10.582,5,10.582,0.04,,,,,,,
10.589,190.4146,10.589,0.3,10.589,0,10.589,5,10.589,0.04,,,,,,,
10.596,190.4104,10.596,0.3,10.596,0,10.596,5,10.596,0.04,,,,,,,
10.603,190.41,10.603,0.3,10.603,0,10.603,5,10.603,0.04,,,,,,,
10.61,190.41,10.61,0.3,10.61,0,10.61,5,10.61,0.04,,,,,,,
10.617,190.41,10.617,0.3,10.617,0,10.617,5,10.617,0.04,,,,,,,
10.624,190.41,10.624,0.3,10.624,0,10.624,5,10.624,0.04,,,,,,,
10.631,190.41,10.631,0.3,10.631,0,10.631,5,10.631,0.04,,,,,,,
10.638,190.41,10.638,0.3,10.638,0,10.638,5,10.638,0.04,,,,,,,
10.645,190.41,10.645,0.3,10.645,0,10.645,5,10.645,0.04,,,,,,,
10.652,190.41,10.652,0.3,10.652,0,10.652,5,10.652,0.04,,,,,,,
10.659,190.41,10.659,0.3,10.659,0,10.659,5,10.659,0.04,,,,,,,
10.666,190.41,10.666,0.3,10.666,0,10.666,5,10.666,0.04,,,,,,,
10.673,190.41,10.673,0.3,10.673,0,10.673,5,10.673,0.04,,,,,,,
10.68,190.41,10.68,0.3,10.68,0,10.68,5,10.68,0.04,,,,,,,
10.687,190.41,10.687,0.3,10.687,0,10.687,5,10.687,0.04,,,,,,,
10.694,190.41,10.694,0.3,10.694,0,10.694,5,10.694,0.04,,,,,,,
10.701,190.4126,10.701,0.3,10.701,0,10.701,5,10.701,0.04,,,,,,,
10.708,190.4168,10.708,0.3,10.708,0,10.708,5,10.708,0.04,,,,,,,
10.715,190.42,10.715,0.3,10.715,0,10.715,5,10.715,0.04,,,,,,,
10.722,190.42,10.722,0.3,10.722,0,10.722,5,10.722,0.04,,,,,,,
10.729,190.42,10.729,0.3,10.729,0,10.729,5,10.729,0.04,,,,,,,
10.736,190.42,10.736,0.3,10.736,0,10.736,5,10.736,0.04,,,,,,,
10.743,190.42,10.743,0.3,10.743,0,10.743,5,10.743,0.04,,,,,,,
10.75,190.42,10.75,0.3,10.75,0,10.75,5,10.75,0.04,,,,,,,
10.757,190.42,10.757,0.3,10.757,0,10.757,5,10.757,0.04,,,,,,,
10.764,190.4196,10.764,0.3,10.764,0,10.764,5,10.764,0.04,,,,,,,
10.771,190.4155,10.771,0.3,10.771,0,10.771,5,10.771,0.04,,,,,,,
10.778,190.4113,10.778,0.3,10.778,0,10.778,5,10.778,0.04,,,,,,,
10.785,190.41,10.785,0.3,10.785,0,10.785,5,10.785,0.04,,,,,,,
10.792,190.41,10.792,0.3,10.792,0,10.792,5,10.792,0.04,,,,,,,
10.799,190.41,10.799,0.3,10.799,0,10.799,5,10.799,0.04,,,,,,,
10.806,190.41,10.806,0.3,10.806,0,10.806,5,10.806,0.04,,,,,,,
10.813,190.41,10.813,0.3,10.813,0,10.813,5,10.813,0.04,,,,,,,
10.82,190.41,10.82,0.3,10.82,0,10.82,5,10.82,0.04,,,,,,,
10.827,190.41,10.827,0.3,10.827,0,10.827,5,10.827,0.04,,,,,,,
10.834,190.41,10.834,0.3,10.834,0,10.834,5,10.834,0.04,,,,,,,
10.841,190.41,10.841,0.3,10.841,0,10.841,5,10.841,0.04,,,,,,,
10.848,190.41,10.848,0.3,10.848,0,10.848,5,10.848,0.04,,,,,,,
10.855,190.41,10.855,0.3,10.855,0,10.855,5,10.855,0.04,,,,,,,
10.862,190.41,10.862,0.3,10.862,0,10.862,5,10.862,0.04,,,,,,,
10.869,190.41,10.869,0.3,10.869,0,10.869,5,10.869,0.04,,,,,,,
10.876,190.41,10.876,0.3,10.876,0,10.876,5,10.876,0.04,,,,,,,
10.883,190.4083,10.883,0.3,10.883,0,10.883,5,10.883,0.04,,,,,,,
10.89,190.4041,10.89,0.3,10.89,0,10.89,5,10.89,0.04,,,,,,,
10.897,190.3999,10.897,0.3,10.897,0,10.897,5,10.897,0.04,,,,,,,
10.903,190.3957,10.903,0.3,10.903,0,10.903,5,10.903,0.04,,,,,,,
10.91,190.3915,10.91,0.3,10.91,0,10.91,5,10.91,0.04,,,,,,,
10.917,190.39,10.917,0.3,10.917,0,10.917,5,10.917,0.04,,,,,,,
10.924,190.39,10.924,0.3,10.924,0,10.924,5,10.924,0.04,,,,,,,
10.931,190.39,10.931,0.3,10.931,0,10.931,5,10.931,0.04,,,,,,,
10.938,190.39,10.938,0.3,10.938,0,10.938,5,10.938,0.04,,,,,,,
10.945,190.39,10.945,0.3,10.945,0,10.945,5,10.945,0.04,,,,,,,
10.952,190.39,10.952,0.3,10.952,0,10.952,5,10.952,0.04,,,,,,,
10.959,190.39,10.959,0.3,10.959,0,10.959,5,10.959,0.04,,,,,,,
10.966,190.39,10.966,0.3,10.966,0,10.966,5,10.966,0.04,,,,,,,
10.973,190.39,10.973,0.3,10.973,0,10.973,5,10.973,0.04,,,,,,,
10.98,190.39,10.98,0.3,10.98,0,10.98,5,10.98,0.04,,,,,,,
10.987,190.39,10.987,0.3,10.987,0,10.987,5,10.987,0.04,,,,,,,
10.994,190.39,10.994,0.3,10.994,0,10.994,5,10.994,0.04,,,,,,,
11.001,190.39,11.001,0.3,11.001,0,11.001,5,11.001,0.04,,,,,,,
11.008,190.39,11.008,0.3,11.008,0,11.008,5,11.008,0.04,,,,,,,
11.015,190.39,11.015,0.3,11.015,0,11.015,5,11.015,0.04,,,,,,,
11.022,190.39,11.022,0.3,11.022,0,11.022,5,11.022,0.04,,,,,,,
11.029,190.39,11.029,0.3,11.029,0,11.029,5,11.029,0.04,,,,,,,
11.036,190.39,11.036,0.3,11.036,0,11.036,5,11.036,0.04,,,,,,,
11.043,190.39,11.043,0.3,11.043,0,11.043,5,11.043,0.04,,,,,,,
11.05,190.39,11.05,0.3,11.05,0,11.05,5,11.05,0.04,,,,,,,
11.057,190.39,11.057,0.3,11.057,0,11.057,5,11.057,0.04,,,,,,,
11.064,190.39,11.064,0.3,11.064,0,11.064,5,11.064,0.04,,,,,,,
11.071,190.39,11.071,0.3,11.071,0,11.071,5,11.071,0.04,,,,,,,
11.078,190.39,11.078,0.3,11.078,0,11.078,5,11.078,0.04,,,,,,,
11.085,190.39,11.085,0.3,11.085,0,11.085,5,11.085,0.04,,,,,,,
11.092,190.39,11.092,0.3,11.092,0,11.092,5,11.092,0.04,,,,,,,
11.099,190.39,11.099,0.3,11.099,0,11.099,5,11.099,0.04,,,,,,,
11.106,190.39,11.106,0.3,11.106,0,11.106,5,11.106,0.04,,,,,,,
11.113,190.39,11.113,0.3,11.113,0,11.113,5,11.113,0.04,,,,,,,
11.12,190.39,11.12,0.3,11.12,0,11.12,5,11.12,0.04,,,,,,,
11.127,190.39,11.127,0.3,11.127,0,11.127,5,11.127,0.04,,,,,,,
11.134,190.3873,11.134,0.3,11.134,0,11.134,5,11.134,0.04,,,,,,,
11.141,190.3831,11.141,0.3,11.141,0,11.141,5,11.141,0.04,,,,,,,
11.148,190.38,11.148,0.3,11.148,0,11.148,5,11.148,0.04,,,,,,,
11.155,190.38,11.155,0.3,11.155,0,11.155,5,11.155,0.04,,,,,,,
11.162,190.38,11.162,0.3,11.162,0,11.162,5,11.162,0.04,,,,,,,
11.169,190.38,11.169,0.3,11.169,0,11.169,5,11.169,0.04,,,,,,,
11.176,190.38,11.176,0.3,11.176,0,11.176,5,11.176,0.04,,,,,,,
11.183,190.38,11.183,0.3,11.183,0,11.183,5,11.183,0.04,,,,,,,
11.19,190.38,11.19,0.3,11.19,0,11.19,5,11.19,0.04,,,,,,,
11.197,190.38,11.197,0.3,11.197,0,11.197,5,11.197,0.04,,,,,,,
11.204,190.38,11.204,0.3,11.204,0,11.204,5,11.204,0.04,,,,,,,
11.211,190.38,11.211,0.3,11.211,0,11.211,5,11.211,0.04,,,,,,,
11.218,190.38,11.218,0.3,11.218,0,11.218,5,11.218,0.04,,,,,,,
11.225,190.38,11.225,0.3,11.225,0,11.225,5,11.225,0.04,,,,,,,
11.232,190.38,11.232,0.3,11.232,0,11.232,5,11.232,0.04,,,,,,,
11.239,190.38,11.239,0.3,11.239,0,11.239,5,11.239,0.04,,,,,,,
11.246,190.38,11.246,0.3,11.246,0,11.246,5,11.246,0.04,,,,,,,
11.253,190.38,11.253,0.3,11.253,0,11.253,5,11.253,0.04,,,,,,,
11.26,190.38,11.26,0.3,11.26,0,11.26,5,11.26,0.04,,,,,,,
11.267,190.3775,11.267,0.3,11.267,0,11.267,5,11.267,0.04,,,,,,,
11.274,190.3733,11.274,0.3,11.274,0,11.274,5,11.274,0.04,,,,,,,
11.281,190.37,11.281,0.3,11.281,0,11.281,5,11.281,0.04,,,,,,,
11.288,190.37,11.288,0.3,11.288,0,11.288,5,11.288,0.04,,,,,,,
11.295,190.37,11.295,0.3,11.295,0,11.295,5,11.295,0.04,,,,,,,
11.302,190.37,11.302,0.3,11.302,0,11.302,5,11.302,0.04,,,,,,,
11.309,190.37,11.309,0.3,11.309,0,11.309,5,11.309,0.04,,,,,,,
11.316,190.37,11.316,0.3,11.316,0,11.316,5,11.316,0.04,,,,,,,
11.323,190.37,11.323,0.3,11.323,0,11.323,5,11.323,0.04,,,,,,,
11.33,190.3702,11.33,0.3,11.33,0,11.33,5,11.33,0.04,,,,,,,
11.337,190.3744,11.337,0.3,11.337,0,11.337,5,11.337,0.04,,,,,,,
11.344,190.3786,11.344,0.3,11.344,0,11.344,5,11.344,0.04,,,,,,,
11.351,190.38,11.351,0.3,11.351,0,11.351,5,11.351,0.04,,,,,,,
11.358,190.38,11.358,0.3,11.358,0,11.358,5,11.358,0.04,,,,,,,
11.365,190.38,11.365,0.3,11.365,0,11.365,5,11.365,0.04,,,,,,,
11.372,190.38,11.372,0.3,11.372,0,11.372,5,11.372,0.04,,,,,,,
11.379,190.38,11.379,0.3,11.379,0,11.379,5,11.379,0.04,,,,,,,
11.386,190.38,11.386,0.3,11.386,0,11.386,5,11.386,0.04378255,,,,,,,
11.393,190.38,11.393,0.3,11.393,0,11.393,5,11.393,0.04797053,,,,,,,
11.4,190.38,11.4,0.3,11.4,0,11.4,5,11.4,0.05,,,,,,,
11.407,190.38,11.407,0.3,11.407,0,11.407,5,11.407,0.05,,,,,,,
11.414,190.38,11.414,0.3,11.414,0,11.414,5,11.414,0.05,,,,,,,
11.421,190.38,11.421,0.3,11.421,0,11.421,5,11.421,0.05,,,,,,,
11.428,190.38,11.428,0.3,11.428,0,11.428,5,11.428,0.05,,,,,,,
11.435,190.38,11.435,0.3,11.435,0,11.435,5,11.435,0.05,,,,,,,
11.442,190.38,11.442,0.3,11.442,0,11.442,5,11.442,0.05,,,,,,,
11.449,190.38,11.449,0.3,11.449,0,11.449,5,11.449,0.05,,,,,,,
11.456,190.38,11.456,0.3,11.456,0,11.456,5,11.456,0.05,,,,,,,
11.463,190.38,11.463,0.3,11.463,0,11.463,5,11.463,0.05,,,,,,,
11.47,190.38,11.47,0.3,11.47,0,11.47,5,11.47,0.04584514,,,,,,,
11.477,190.38,11.477,0.3,11.477,0,11.477,5,11.477,0.04165715,,,,,,,
11.484,190.38,11.484,0.3,11.484,0,11.484,5,11.484,0.04,,,,,,,
11.491,190.38,11.491,0.3,11.491,0,11.491,5,11.491,0.04,,,,,,,
11.498,190.38,11.498,0.3,11.498,0,11.498,5,11.498,0.04,,,,,,,
11.505,190.38,11.505,0.3,11.505,0,11.505,5,11.505,0.04,,,,,,,
11.512,190.38,11.512,0.3,11.512,0,11.512,5,11.512,0.04,,,,,,,
11.519,190.38,11.519,0.3,11.519,0,11.519,5,11.519,0.04,,,,,,,
11.526,190.38,11.526,0.3,11.526,0,11.526,5,11.526,0.04,,,,,,,
11.533,190.38,11.533,0.3,11.533,0,11.533,5,11.533,0.04,,,,,,,
11.54,190.38,11.54,0.3,11.54,0,11.54,5,11.54,0.04,,,,,,,
11.547,190.38,11.547,0.3,11.547,0,11.547,5,11.547,0.04,,,,,,,
11.554,190.38,11.554,0.3,11.554,0,11.554,5,11.554,0.04,,,,,,,
11.561,190.38,11.561,0.3,11.561,0,11.561,5,11.561,0.04,,,,,,,
11.568,190.38,11.568,0.3,11.568,0,11.568,5,11.568,0.04,,,,,,,
11.575,190.38,11.575,0.3,11.575,0,11.575,5,11.575,0.04,,,,,,,
11.582,190.3787,11.582,0.3,11.582,0,11.582,5,11.582,0.04,,,,,,,
11.589,190.3745,11.589,0.3,11.589,0,11.589,5,11.589,0.04,,,,,,,
11.596,190.3703,11.596,0.3,11.596,0,11.596,5,11.596,0.04,,,,,,,
11.603,190.37,11.603,0.3,11.603,0,11.603,5,11.603,0.04,,,,,,,
11.61,190.37,11.61,0.3,11.61,0,11.61,5,11.61,0.04,,,,,,,
11.617,190.37,11.617,0.3,11.617,0,11.617,5,11.617,0.04,,,,,,,
11.624,190.37,11.624,0.3,11.624,0,11.624,5,11.624,0.04,,,,,,,
11.631,190.37,11.631,0.3,11.631,0,11.631,5,11.631,0.04,,,,,,,
11.638,190.37,11.638,0.3,11.638,0,11.638,5,11.638,0.04,,,,,,,
11.645,190.37,11.645,0.3,11.645,0,11.645,5,11.645,0.04,,,,,,,
11.652,190.37,11.652,0.3,11.652,0,11.652,5,11.652,0.04,,,,,,,
11.659,190.37,11.659,0.3,11.659,0,11.659,5,11.659,0.04,,,,,,,
11.666,190.3683,11.666,0.3,11.666,0,11.666,5,11.666,0.04,,,,,,,
11.673,190.3642,11.673,0.3,11.673,0,11.673,5,11.673,0.04,,,,,,,
11.68,190.36,11.68,0.3,11.68,0,11.68,5,11.68,0.04,,,,,,,
11.687,190.36,11.687,0.3,11.687,0,11.687,5,11.687,0.04,,,,,,,
11.694,190.36,11.694,0.3,11.694,0,11.694,5,11.694,0.04,,,,,,,
11.701,190.36,11.701,0.3,11.701,0,11.701,5,11.701,0.04,,,,,,,
11.708,190.36,11.708,0.3,11.708,0,11.708,5,11.708,0.04,,,,,,,
11.715,190.36,11.715,0.3,11.715,0,11.715,5,11.715,0.04,,,,,,,
11.722,190.36,11.722,0.3,11.722,0,11.722,5,11.722,0.04,,,,,,,
11.729,190.36,11.729,0.3,11.729,0,11.729,5,11.729,0.04,,,,,,,
11.736,190.36,11.736,0.3,11.736,0,11.736,5,11.736,0.04,,,,,,,
11.743,190.36,11.743,0.3,11.743,0,11.743,5,11.743,0.04,,,,,,,
11.75,190.36,11.75,0.3,11.75,0,11.75,5,11.75,0.04,,,,,,,
11.757,190.36,11.757,0.3,11.757,0,11.757,5,11.757,0.04,,,,,,,
11.764,190.36,11.764,0.3,11.764,0,11.764,5,11.764,0.04,,,,,,,
11.771,190.36,11.771,0.3,11.771,0,11.771,5,11.771,0.04,,,,,,,
11.778,190.36,11.778,0.3,11.778,0,11.778,5,11.778,0.04,,,,,,,
11.785,190.36,11.785,0.3,11.785,0,11.785,5,11.785,0.04,,,,,,,
11.792,190.36,11.792,0.3,11.792,0,11.792,5,11.792,0.04,,,,,,,
11.799,190.36,11.799,0.3,11.799,0,11.799,5,11.799,0.04,,,,,,,
11.806,190.36,11.806,0.3,11.806,0,11.806,5,11.806,0.04,,,,,,,
11.813,190.36,11.813,0.3,11.813,0,11.813,5,11.813,0.04,,,,,,,
11.82,190.36,11.82,0.3,11.82,0,11.82,5,11.82,0.04,,,,,,,
11.827,190.36,11.827,0.3,11.827,0,11.827,5,11.827,0.04,,,,,,,
11.834,190.36,11.834,0.3,11.834,0,11.834,5,11.834,0.04,,,,,,,
11.841,190.36,11.841,0.3,11.841,0,11.841,5,11.841,0.04,,,,,,,
11.848,190.3607,11.848,0.3,11.848,0,11.848,5,11.848,0.04,,,,,,,
11.855,190.3649,11.855,0.3,11.855,0,11.855,5,11.855,0.04,,,,,,,
11.862,190.3691,11.862,0.3,11.862,0,11.862,5,11.862,0.04,,,,,,,
11.869,190.37,11.869,0.3,11.869,0,11.869,5,11.869,0.04,,,,,,,
11.876,190.37,11.876,0.3,11.876,0,11.876,5,11.876,0.04,,,,,,,
11.883,190.37,11.883,0.3,11.883,0,11.883,5,11.883,0.04,,,,,,,
11.89,190.37,11.89,0.3,11.89,0,11.89,5,11.89,0.04,,,,,,,
11.897,190.37,11.897,0.3,11.897,0,11.897,5,11.897,0.04,,,,,,,
11.904,190.37,11.904,0.3,11.904,0,11.904,5,11.904,0.04,,,,,,,
11.911,190.37,11.911,0.3,11.911,0,11.911,5,11.911,0.04,,,,,,,
11.918,190.37,11.918,0.3,11.918,0,11.918,5,11.918,0.04,,,,,,,
11.925,190.37,11.925,0.3,11.925,0,11.925,5,11.925,0.04,,,,,,,
11.932,190.37,11.932,0.3,11.932,0,11.932,5,11.932,0.04,,,,,,,
11.939,190.37,11.939,0.3,11.939,0,11.939,5,11.939,0.04,,,,,,,
11.945,190.37,11.945,0.3,11.945,0,11.945,5,11.945,0.04,,,,,,,
11.952,190.37,11.952,0.3,11.952,0,11.952,5,11.952,0.04,,,,,,,
11.959,190.37,11.959,0.3,11.959,0,11.959,5,11.959,0.04,,,,,,,
11.966,190.37,11.966,0.3,11.966,0,11.966,5,11.966,0.04,,,,,,,
11.973,190.37,11.973,0.3,11.973,0,11.973,5,11.973,0.04,,,,,,,
11.98,190.37,11.98,0.3,11.98,0,11.98,5,11.98,0.04,,,,,,,
11.987,190.37,11.987,0.3,11.987,0,11.987,5,11.987,0.04,,,,,,,
11.994,190.37,11.994,0.3,11.994,0,11.994,5,11.994,0.04,,,,,,,
12.001,190.37,12.001,0.3,12.001,0,12.001,5,12.001,0.04,,,,,,,
12.008,190.37,12.008,0.3,12.008,0,12.008,5,12.008,0.04,,,,,,,
12.015,190.37,12.015,0.3,12.015,0,12.015,5,12.015,0.04,,,,,,,
12.022,190.37,12.022,0.3,12.022,0,12.022,5,12.022,0.04,,,,,,,
12.029,190.37,12.029,0.3,12.029,0,12.029,5,12.029,0.04,,,,,,,
12.036,190.37,12.036,0.3,12.036,0,12.036,5,12.036,0.04,,,,,,,
12.043,190.37,12.043,0.3,12.043,0,12.043,5,12.043,0.04,,,,,,,
12.05,190.37,12.05,0.3,12.05,0,12.05,5,12.05,0.04,,,,,,,
12.057,190.37,12.057,0.3,12.057,0,12.057,5,12.057,0.04,,,,,,,
12.064,190.37,12.064,0.3,12.064,0,12.064,5,12.064,0.04,,,,,,,
12.071,190.37,12.071,0.3,12.071,0,12.071,5,12.071,0.04,,,,,,,
12.078,190.37,12.078,0.3,12.078,0,12.078,5,12.078,0.04,,,,,,,
12.085,190.37,12.085,0.3,12.085,0,12.085,5,12.085,0.04,,,,,,,
12.092,190.37,12.092,0.3,12.092,0,12.092,5,12.092,0.04,,,,,,,
12.099,190.37,12.099,0.3,12.099,0,12.099,5,12.099,0.04,,,,,,,
12.106,190.37,12.106,0.3,12.106,0,12.106,5,12.106,0.04,,,,,,,
12.113,190.37,12.113,0.3,12.113,0,12.113,5,12.113,0.04,,,,,,,
12.12,190.37,12.12,0.3,12.12,0,12.12,5,12.12,0.04,,,,,,,
12.127,190.37,12.127,0.3,12.127,0,12.127,5,12.127,0.04,,,,,,,
12.134,190.37,12.134,0.3,12.134,0,12.134,5,12.134,0.04,,,,,,,
12.141,190.37,12.141,0.3,12.141,0,12.141,5,12.141,0.04,,,,,,,
12.148,190.37,12.148,0.3,12.148,0,12.148,5,12.148,0.04,,,,,,,
12.155,190.37,12.155,0.3,12.155,0,12.155,5,12.155,0.04,,,,,,,
12.162,190.37,12.162,0.3,12.162,0,12.162,5,12.162,0.04,,,,,,,
12.169,190.37,12.169,0.3,12.169,0,12.169,5,12.169,0.04,,,,,,,
12.176,190.37,12.176,0.3,12.176,0,12.176,5,12.176,0.04,,,,,,,
12.183,190.37,12.183,0.3,12.183,0,12.183,5,12.183,0.04,,,,,,,
12.19,190.37,12.19,0.3,12.19,0,12.19,5,12.19,0.04,,,,,,,
12.197,190.37,12.197,0.3,12.197,0,12.197,5,12.197,0.04,,,,,,,
12.204,190.37,12.204,0.3,12.204,0,12.204,5,12.204,0.04,,,,,,,
12.211,190.37,12.211,0.3,12.211,0,12.211,5,12.211,0.04,,,,,,,
12.218,190.37,12.218,0.3,12.218,0,12.218,5,12.218,0.04,,,,,,,
12.225,190.37,12.225,0.3,12.225,0,12.225,5,12.225,0.04,,,,,,,
12.232,190.37,12.232,0.3,12.232,0,12.232,5,12.232,0.04,,,,,,,
12.239,190.37,12.239,0.3,12.239,0,12.239,5,12.239,0.04,,,,,,,
12.246,190.37,12.246,0.3,12.246,0,12.246,5,12.246,0.04,,,,,,,
12.253,190.37,12.253,0.3,12.253,0,12.253,5,12.253,0.04,,,,,,,
12.26,190.37,12.26,0.3,12.26,0,12.26,5,12.26,0.04,,,,,,,
12.267,190.37,12.267,0.3,12.267,0,12.267,5,12.267,0.04,,,,,,,
12.274,190.37,12.274,0.3,12.274,0,12.274,5,12.274,0.04,,,,,,,
12.281,190.37,12.281,0.3,12.281,0,12.281,5,12.281,0.04,,,,,,,
12.288,190.37,12.288,0.3,12.288,0,12.288,5,12.288,0.04,,,,,,,
12.295,190.37,12.295,0.3,12.295,0,12.295,5,12.295,0.04,,,,,,,
12.302,190.3735,12.302,0.3,12.302,0,12.302,5,12.302,0.04,,,,,,,
12.309,190.3777,12.309,0.3,12.309,0,12.309,5,12.309,0.04,,,,,,,
12.316,190.38,12.316,0.3,12.316,0,12.316,5,12.316,0.04,,,,,,,
12.323,190.38,12.323,0.3,12.323,0,12.323,5,12.323,0.04,,,,,,,
12.33,190.38,12.33,0.3,12.33,0,12.33,5,12.33,0.04,,,,,,,
12.337,190.38,12.337,0.3,12.337,0,12.337,5,12.337,0.04,,,,,,,
12.344,190.38,12.344,0.3,12.344,0,12.344,5,12.344,0.04,,,,,,,
12.351,190.38,12.351,0.3,12.351,0,12.351,5,12.351,0.04,,,,,,,
12.358,190.38,12.358,0.3,12.358,0,12.358,5,12.358,0.04,,,,,,,
12.365,190.38,12.365,0.3,12.365,0,12.365,5,12.365,0.04,,,,,,,
12.372,190.38,12.372,0.3,12.372,0,12.372,5,12.372,0.04,,,,,,,
12.379,190.38,12.379,0.3,12.379,0,12.379,5,12.379,0.04,,,,,,,
12.386,190.38,12.386,0.3,12.386,0,12.386,5,12.386,0.04,,,,,,,
12.393,190.38,12.393,0.3,12.393,0,12.393,5,12.393,0.04,,,,,,,
12.4,190.38,12.4,0.3,12.4,0,12.4,5,12.4,0.04,,,,,,,
12.407,190.38,12.407,0.3,12.407,0,12.407,5,12.407,0.04,,,,,,,
12.414,190.38,12.414,0.3,12.414,0,12.414,5,12.414,0.04,,,,,,,
12.421,190.38,12.421,0.3,12.421,0,12.421,5,12.421,0.04,,,,,,,
12.428,190.38,12.428,0.3,12.428,0,12.428,5,12.428,0.04,,,,,,,
12.435,190.38,12.435,0.3,12.435,0,12.435,5,12.435,0.04,,,,,,,
12.442,190.38,12.442,0.3,12.442,0,12.442,5,12.442,0.04,,,,,,,
12.449,190.38,12.449,0.3,12.449,0,12.449,5,12.449,0.04,,,,,,,
12.456,190.38,12.456,0.3,12.456,0,12.456,5,12.456,0.04,,,,,,,
12.463,190.38,12.463,0.3,12.463,0,12.463,5,12.463,0.04,,,,,,,
12.47,190.38,12.47,0.3,12.47,0,12.47,5,12.47,0.04,,,,,,,
12.477,190.38,12.477,0.3,12.477,0,12.477,5,12.477,0.04,,,,,,,
12.484,190.38,12.484,0.3,12.484,0,12.484,5,12.484,0.04,,,,,,,
12.491,190.38,12.491,0.3,12.491,0,12.491,5,12.491,0.04,,,,,,,
12.498,190.38,12.498,0.3,12.498,0,12.498,5,12.498,0.04,,,,,,,
12.505,190.38,12.505,0.3,12.505,0,12.505,5,12.505,0.04,,,,,,,
12.512,190.38,12.512,0.3,12.512,0,12.512,5,12.512,0.04,,,,,,,
12.519,190.38,12.519,0.3,12.519,0,12.519,5,12.519,0.04,,,,,,,
12.526,190.38,12.526,0.3,12.526,0,12.526,5,12.526,0.04,,,,,,,
12.533,190.38,12.533,0.3,12.533,0,12.533,5,12.533,0.04,,,,,,,
12.54,190.38,12.54,0.3,12.54,0,12.54,5,12.54,0.04,,,,,,,
12.547,190.38,12.547,0.3,12.547,0,12.547,5,12.547,0.04,,,,,,,
12.554,190.38,12.554,0.3,12.554,0,12.554,5,12.554,0.04,,,,,,,
12.561,190.38,12.561,0.3,12.561,0,12.561,5,12.561,0.04,,,,,,,
12.568,190.38,12.568,0.3,12.568,0,12.568,5,12.568,0.04,,,,,,,
12.575,190.38,12.575,0.3,12.575,0,12.575,5,12.575,0.04,,,,,,,
12.582,190.38,12.582,0.3,12.582,0,12.582,5,12.582,0.04,,,,,,,
12.589,190.38,12.589,0.3,12.589,0,12.589,5,12.589,0.04,,,,,,,
12.596,190.38,12.596,0.3,12.596,0,12.596,5,12.596,0.04,,,,,,,
12.603,190.38,12.603,0.3,12.603,0,12.603,5,12.603,0.04,,,,,,,
12.61,190.38,12.61,0.3,12.61,0,12.61,5,12.61,0.04,,,,,,,
12.617,190.3777,12.617,0.3,12.617,0,12.617,5,12.617,0.04,,,,,,,
12.624,190.3735,12.624,0.3,12.624,0,12.624,5,12.624,0.04,,,,,,,
12.631,190.3707,12.631,0.3,12.631,0,12.631,5,12.631,0.04,,,,,,,
12.638,190.3749,12.638,0.3,12.638,0,12.638,5,12.638,0.04,,,,,,,
12.645,190.3791,12.645,0.3,12.645,0,12.645,5,12.645,0.04,,,,,,,
12.652,190.38,12.652,0.3,12.652,0,12.652,5,12.652,0.04,,,,,,,
12.659,190.38,12.659,0.3,12.659,0,12.659,5,12.659,0.04,,,,,,,
12.666,190.38,12.666,0.3,12.666,0,12.666,5,12.666,0.04,,,,,,,
12.673,190.38,12.673,0.3,12.673,0,12.673,5,12.673,0.04,,,,,,,
12.68,190.38,12.68,0.3,12.68,0,12.68,5,12.68,0.04,,,,,,,
12.687,190.38,12.687,0.3,12.687,0,12.687,5,12.687,0.04,,,,,,,
12.694,190.38,12.694,0.3,12.694,0,12.694,5,12.694,0.04,,,,,,,
12.701,190.38,12.701,0.3,12.701,0,12.701,5,12.701,0.04,,,,,,,
12.708,190.38,12.708,0.3,12.708,0,12.708,5,12.708,0.04,,,,,,,
12.715,190.38,12.715,0.3,12.715,0,12.715,5,12.715,0.04,,,,,,,
12.722,190.38,12.722,0.3,12.722,0,12.722,5,12.722,0.04,,,,,,,
12.729,190.38,12.729,0.3,12.729,0,12.729,5,12.729,0.04,,,,,,,
12.736,190.38,12.736,0.3,12.736,0,12.736,5,12.736,0.04,,,,,,,
12.743,190.38,12.743,0.3,12.743,0,12.743,5,12.743,0.04,,,,,,,
12.75,190.38,12.75,0.3,12.75,0,12.75,5,12.75,0.04,,,,,,,
12.757,190.38,12.757,0.3,12.757,0,12.757,5,12.757,0.04,,,,,,,
12.764,190.38,12.764,0.3,12.764,0,12.764,5,12.764,0.04,,,,,,,
12.771,190.38,12.771,0.3,12.771,0,12.771,5,12.771,0.04,,,,,,,
12.778,190.38,12.778,0.3,12.778,0,12.778,5,12.778,0.04,,,,,,,
12.785,190.38,12.785,0.3,12.785,0,12.785,5,12.785,0.04,,,,,,,
12.792,190.38,12.792,0.3,12.792,0,12.792,5,12.792,0.04,,,,,,,
12.799,190.38,12.799,0.3,12.799,0,12.799,5,12.799,0.04,,,,,,,
12.806,190.38,12.806,0.3,12.806,0,12.806,5,12.806,0.04,,,,,,,
12.813,190.38,12.813,0.3,12.813,0,12.813,5,12.813,0.04,,,,,,,
12.82,190.38,12.82,0.3,12.82,0,12.82,5,12.82,0.04,,,,,,,
12.827,190.38,12.827,0.3,12.827,0,12.827,5,12.827,0.04,,,,,,,
12.834,190.38,12.834,0.3,12.834,0,12.834,5,12.834,0.04,,,,,,,
12.841,190.38,12.841,0.3,12.841,0,12.841,5,12.841,0.04,,,,,,,
12.848,190.38,12.848,0.3,12.848,0,12.848,5,12.848,0.04,,,,,,,
12.855,190.38,12.855,0.3,12.855,0,12.855,5,12.855,0.04,,,,,,,
12.862,190.38,12.862,0.3,12.862,0,12.862,5,12.862,0.04,,,,,,,
12.869,190.38,12.869,0.3,12.869,0,12.869,5,12.869,0.04,,,,,,,
12.876,190.38,12.876,0.3,12.876,0,12.876,5,12.876,0.04,,,,,,,
12.883,190.38,12.883,0.3,12.883,0,12.883,5,12.883,0.04,,,,,,,
12.89,190.38,12.89,0.3,12.89,0,12.89,5,12.89,0.04,,,,,,,
12.897,190.38,12.897,0.3,12.897,0,12.897,5,12.897,0.04,,,,,,,
12.904,190.38,12.904,0.3,12.904,0,12.904,5,12.904,0.04,,,,,,,
12.911,190.38,12.911,0.3,12.911,0,12.911,5,12.911,0.04,,,,,,,
12.918,190.38,12.918,0.3,12.918,0,12.918,5,12.918,0.04,,,,,,,
12.925,190.38,12.925,0.3,12.925,0,12.925,5,12.925,0.04,,,,,,,
12.932,190.38,12.932,0.3,12.932,0,12.932,5,12.932,0.04,,,,,,,
12.939,190.38,12.939,0.3,12.939,0,12.939,5,12.939,0.04,,,,,,,
12.946,190.38,12.946,0.3,12.946,0,12.946,5,12.946,0.04,,,,,,,
12.953,190.38,12.953,0.3,12.953,0,12.953,5,12.953,0.04,,,,,,,
12.96,190.38,12.96,0.3,12.96,0,12.96,5,12.96,0.04,,,,,,,
12.967,190.38,12.967,0.3,12.967,0,12.967,5,12.967,0.04,,,,,,,
12.974,190.38,12.974,0.3,12.974,0,12.974,5,12.974,0.04,,,,,,,
12.981,190.38,12.981,0.3,12.981,0,12.981,5,12.981,0.04,,,,,,,
12.987,190.38,12.987,0.3,12.987,0,12.987,5,12.987,0.04,,,,,,,
12.994,190.38,12.994,0.3,12.994,0,12.994,5,12.994,0.04,,,,,,,
13.001,190.38,13.001,0.3,13.001,0,13.001,5,13.001,0.04,,,,,,,
13.008,190.38,13.008,0.3,13.008,0,13.008,5,13.008,0.04,,,,,,,
13.015,190.3815,13.015,0.3,13.015,0,13.015,5,13.015,0.04,,,,,,,
13.022,190.3857,13.022,0.3,13.022,0,13.022,5,13.022,0.04,,,,,,,
13.029,190.3899,13.029,0.3,13.029,0,13.029,5,13.029,0.04,,,,,,,
13.036,190.39,13.036,0.3,13.036,0,13.036,5,13.036,0.04,,,,,,,
13.043,190.39,13.043,0.3,13.043,0,13.043,5,13.043,0.04,,,,,,,
13.05,190.39,13.05,0.3,13.05,0,13.05,5,13.05,0.04,,,,,,,
13.057,190.39,13.057,0.3,13.057,0,13.057,5,13.057,0.04,,,,,,,
13.064,190.39,13.064,0.3,13.064,0,13.064,5,13.064,0.04,,,,,,,
13.071,190.39,13.071,0.3,13.071,0,13.071,5,13.071,0.04,,,,,,,
13.078,190.39,13.078,0.3,13.078,0,13.078,5,13.078,0.04,,,,,,,
13.085,190.3866,13.085,0.3,13.085,0,13.085,5,13.085,0.04,,,,,,,
13.092,190.3823,13.092,0.3,13.092,0,13.092,5,13.092,0.04,,,,,,,
13.099,190.38,13.099,0.3,13.099,0,13.099,5,13.099,0.04,,,,,,,
13.106,190.38,13.106,0.3,13.106,0,13.106,5,13.106,0.04,,,,,,,
13.113,190.38,13.113,0.3,13.113,0,13.113,5,13.113,0.04,,,,,,,
13.12,190.38,13.12,0.3,13.12,0,13.12,5,13.12,0.04,,,,,,,
13.127,190.38,13.127,0.3,13.127,0,13.127,5,13.127,0.04,,,,,,,
13.134,190.38,13.134,0.3,13.134,0,13.134,5,13.134,0.04,,,,,,,
13.141,190.38,13.141,0.3,13.141,0,13.141,5,13.141,0.04,,,,,,,
13.148,190.3812,13.148,0.3,13.148,0,13.148,5,13.148,0.04,,,,,,,
13.155,190.3854,13.155,0.3,13.155,0,13.155,5,13.155,0.04,,,,,,,
13.162,190.3896,13.162,0.3,13.162,0,13.162,5,13.162,0.04,,,,,,,
13.169,190.39,13.169,0.3,13.169,0,13.169,5,13.169,0.04,,,,,,,
13.176,190.39,13.176,0.3,13.176,0,13.176,5,13.176,0.04,,,,,,,
13.183,190.39,13.183,0.3,13.183,0,13.183,5,13.183,0.04,,,,,,,
13.19,190.39,13.19,0.3,13.19,0,13.19,5,13.19,0.04,,,,,,,
13.197,190.39,13.197,0.3,13.197,0,13.197,5,13.197,0.04,,,,,,,
13.204,190.39,13.204,0.3,13.204,0,13.204,5,13.204,0.04,,,,,,,
13.211,190.39,13.211,0.3,13.211,0,13.211,5,13.211,0.04,,,,,,,
13.218,190.39,13.218,0.3,13.218,0,13.218,5,13.218,0.04,,,,,,,
13.225,190.39,13.225,0.3,13.225,0,13.225,5,13.225,0.04,,,,,,,
13.232,190.39,13.232,0.3,13.232,0,13.232,5,13.232,0.04,,,,,,,
13.239,190.39,13.239,0.3,13.239,0,13.239,5,13.239,0.04,,,,,,,
13.246,190.39,13.246,0.3,13.246,0,13.246,5,13.246,0.04,,,,,,,
13.253,190.39,13.253,0.3,13.253,0,13.253,5,13.253,0.04,,,,,,,
13.26,190.39,13.26,0.3,13.26,0,13.26,5,13.26,0.04,,,,,,,
13.267,190.39,13.267,0.3,13.267,0,13.267,5,13.267,0.04,,,,,,,
13.274,190.39,13.274,0.3,13.274,0,13.274,5,13.274,0.04,,,,,,,
13.281,190.39,13.281,0.3,13.281,0,13.281,5,13.281,0.04,,,,,,,
13.288,190.39,13.288,0.3,13.288,0,13.288,5,13.288,0.04,,,,,,,
13.295,190.39,13.295,0.3,13.295,0,13.295,5,13.295,0.04,,,,,,,
13.302,190.39,13.302,0.3,13.302,0,13.302,5,13.302,0.04,,,,,,,
13.309,190.39,13.309,0.3,13.309,0,13.309,5,13.309,0.04,,,,,,,
13.316,190.39,13.316,0.3,13.316,0,13.316,5,13.316,0.04,,,,,,,
13.323,190.39,13.323,0.3,13.323,0,13.323,5,13.323,0.04,,,,,,,
13.33,190.39,13.33,0.3,13.33,0,13.33,5,13.33,0.04,,,,,,,
13.337,190.39,13.337,0.3,13.337,0,13.337,5,13.337,0.04,,,,,,,
13.344,190.39,13.344,0.3,13.344,0,13.344,5,13.344,0.04,,,,,,,
13.351,190.39,13.351,0.3,13.351,0,13.351,5,13.351,0.04,,,,,,,
13.358,190.39,13.358,0.3,13.358,0,13.358,5,13.358,0.04,,,,,,,
13.365,190.39,13.365,0.3,13.365,0,13.365,5,13.365,0.04,,,,,,,
13.372,190.39,13.372,0.3,13.372,0,13.372,5,13.372,0.04,,,,,,,
13.379,190.39,13.379,0.3,13.379,0,13.379,5,13.379,0.04,,,,,,,
13.386,190.39,13.386,0.3,13.386,0,13.386,5,13.386,0.03611743,,,,,,,
13.393,190.39,13.393,0.3,13.393,0,13.393,5,13.393,0.03190394,,,,,,,
13.4,190.39,13.4,0.3,13.4,0,13.4,5,13.4,0.03,,,,,,,
13.407,190.39,13.407,0.3,13.407,0,13.407,5,13.407,0.03,,,,,,,
13.414,190.39,13.414,0.3,13.414,0,13.414,5,13.414,0.03,,,,,,,
13.421,190.39,13.421,0.3,13.421,0,13.421,5,13.421,0.03,,,,,,,
13.428,190.39,13.428,0.3,13.428,0,13.428,5,13.428,0.03,,,,,,,
13.435,190.39,13.435,0.3,13.435,0,13.435,5,13.435,0.03,,,,,,,
13.442,190.39,13.442,0.3,13.442,0,13.442,5,13.442,0.03,,,,,,,
13.449,190.39,13.449,0.3,13.449,0,13.449,5,13.449,0.03,,,,,,,
13.456,190.39,13.456,0.3,13.456,0,13.456,5,13.456,0.03,,,,,,,
13.463,190.39,13.463,0.3,13.463,0,13.463,5,13.463,0.03004454,,,,,,,
13.47,190.39,13.47,0.3,13.47,0,13.47,5,13.47,0.03423138,,,,,,,
13.477,190.39,13.477,0.3,13.477,0,13.477,5,13.477,0.03841937,,,,,,,
13.484,190.39,13.484,0.3,13.484,0,13.484,5,13.484,0.04,,,,,,,
13.491,190.39,13.491,0.3,13.491,0,13.491,5,13.491,0.04,,,,,,,
13.498,190.39,13.498,0.3,13.498,0,13.498,5,13.498,0.04,,,,,,,
13.505,190.39,13.505,0.3,13.505,0,13.505,5,13.505,0.04,,,,,,,
13.512,190.39,13.512,0.3,13.512,0,13.512,5,13.512,0.04,,,,,,,
13.519,190.39,13.519,0.3,13.519,0,13.519,5,13.519,0.04,,,,,,,
13.526,190.39,13.526,0.3,13.526,0,13.526,5,13.526,0.04,,,,,,,
13.533,190.39,13.533,0.3,13.533,0,13.533,5,13.533,0.04,,,,,,,
13.54,190.39,13.54,0.3,13.54,0,13.54,5,13.54,0.04,,,,,,,
13.547,190.39,13.547,0.3,13.547,0,13.547,5,13.547,0.03958314,,,,,,,
13.554,190.39,13.554,0.3,13.554,0,13.554,5,13.554,0.0353963,,,,,,,
13.561,190.39,13.561,0.3,13.561,0,13.561,5,13.561,0.03120831,,,,,,,
13.568,190.39,13.568,0.3,13.568,0,13.568,5,13.568,0.03,,,,,,,
13.575,190.39,13.575,0.3,13.575,0,13.575,5,13.575,0.03,,,,,,,
13.582,190.3886,13.582,0.3,13.582,0,13.582,5,13.582,0.03,,,,,,,
13.589,190.3844,13.589,0.3,13.589,0,13.589,5,13.589,0.03,,,,,,,
13.596,190.3802,13.596,0.3,13.596,0,13.596,5,13.596,0.03,,,,,,,
13.603,190.38,13.603,0.3,13.603,0,13.603,5,13.603,0.03,,,,,,,
13.61,190.38,13.61,0.3,13.61,0,13.61,5,13.61,0.03,,,,,,,
13.617,190.38,13.617,0.3,13.617,0,13.617,5,13.617,0.03,,,,,,,
13.624,190.38,13.624,0.3,13.624,0,13.624,5,13.624,0.03,,,,,,,
13.631,190.38,13.631,0.3,13.631,0,13.631,5,13.631,0.03073308,,,,,,,
13.638,190.38,13.638,0.3,13.638,0,13.638,5,13.638,0.03494542,,,,,,,
13.645,190.38,13.645,0.3,13.645,0,13.645,5,13.645,0.03915891,,,,,,,
13.652,190.38,13.652,0.3,13.652,0,13.652,5,13.652,0.04,,,,,,,
13.659,190.38,13.659,0.3,13.659,0,13.659,5,13.659,0.04,,,,,,,
13.666,190.38,13.666,0.3,13.666,0,13.666,5,13.666,0.04,,,,,,,
13.673,190.38,13.673,0.3,13.673,0,13.673,5,13.673,0.04,,,,,,,
13.68,190.38,13.68,0.3,13.68,0,13.68,5,13.68,0.04,,,,,,,
13.687,190.38,13.687,0.3,13.687,0,13.687,5,13.687,0.04,,,,,,,
13.694,190.38,13.694,0.3,13.694,0,13.694,5,13.694,0.04,,,,,,,
13.701,190.38,13.701,0.3,13.701,0,13.701,5,13.701,0.04,,,,,,,
13.708,190.38,13.708,0.3,13.708,0,13.708,5,13.708,0.04,,,,,,,
13.715,190.38,13.715,0.3,13.715,0,13.715,5,13.715,0.04,,,,,,,
13.722,190.38,13.722,0.3,13.722,0,13.722,5,13.722,0.04,,,,,,,
13.729,190.38,13.729,0.3,13.729,0,13.729,5,13.729,0.04,,,,,,,
13.736,190.38,13.736,0.3,13.736,0,13.736,5,13.736,0.04,,,,,,,
13.743,190.38,13.743,0.3,13.743,0,13.743,5,13.743,0.04,,,,,,,
13.75,190.38,13.75,0.3,13.75,0,13.75,5,13.75,0.04,,,,,,,
13.757,190.38,13.757,0.3,13.757,0,13.757,5,13.757,0.04,,,,,,,
13.764,190.38,13.764,0.3,13.764,0,13.764,5,13.764,0.04,,,,,,,
13.771,190.38,13.771,0.3,13.771,0,13.771,5,13.771,0.04,,,,,,,
13.778,190.38,13.778,0.3,13.778,0,13.778,5,13.778,0.04,,,,,,,
13.785,190.38,13.785,0.3,13.785,0,13.785,5,13.785,0.04,,,,,,,
13.792,190.38,13.792,0.3,13.792,0,13.792,5,13.792,0.04,,,,,,,
13.799,190.38,13.799,0.3,13.799,0,13.799,5,13.799,0.04,,,,,,,
13.806,190.38,13.806,0.3,13.806,0,13.806,5,13.806,0.04,,,,,,,
13.813,190.38,13.813,0.3,13.813,0,13.813,5,13.813,0.04,,,,,,,
13.82,190.38,13.82,0.3,13.82,0,13.82,5,13.82,0.04,,,,,,,
13.827,190.38,13.827,0.3,13.827,0,13.827,5,13.827,0.04,,,,,,,
13.834,190.38,13.834,0.3,13.834,0,13.834,5,13.834,0.04,,,,,,,
13.841,190.38,13.841,0.3,13.841,0,13.841,5,13.841,0.04,,,,,,,
13.848,190.3792,13.848,0.3,13.848,0,13.848,5,13.848,0.04,,,,,,,
13.855,190.375,13.855,0.3,13.855,0,13.855,5,13.855,0.04,,,,,,,
13.862,190.3708,13.862,0.3,13.862,0,13.862,5,13.862,0.04,,,,,,,
13.869,190.37,13.869,0.3,13.869,0,13.869,5,13.869,0.04,,,,,,,
13.876,190.37,13.876,0.3,13.876,0,13.876,5,13.876,0.04,,,,,,,
13.883,190.37,13.883,0.3,13.883,0,13.883,5,13.883,0.04,,,,,,,
13.89,190.37,13.89,0.3,13.89,0,13.89,5,13.89,0.04,,,,,,,
13.897,190.37,13.897,0.3,13.897,0,13.897,5,13.897,0.04,,,,,,,
13.904,190.37,13.904,0.3,13.904,0,13.904,5,13.904,0.04,,,,,,,
13.911,190.37,13.911,0.3,13.911,0,13.911,5,13.911,0.04,,,,,,,
13.918,190.37,13.918,0.3,13.918,0,13.918,5,13.918,0.04,,,,,,,
13.925,190.37,13.925,0.3,13.925,0,13.925,5,13.925,0.04,,,,,,,
13.932,190.37,13.932,0.3,13.932,0,13.932,5,13.932,0.04,,,,,,,
13.939,190.37,13.939,0.3,13.939,0,13.939,5,13.939,0.04,,,,,,,
13.946,190.37,13.946,0.3,13.946,0,13.946,5,13.946,0.04,,,,,,,
13.953,190.37,13.953,0.3,13.953,0,13.953,5,13.953,0.04,,,,,,,
13.96,190.37,13.96,0.3,13.96,0,13.96,5,13.96,0.04,,,,,,,
13.967,190.3722,13.967,0.3,13.967,0,13.967,5,13.967,0.04,,,,,,,
13.974,190.3763,13.974,0.3,13.974,0,13.974,5,13.974,0.04,,,,,,,
13.981,190.3805,13.981,0.3,13.981,0,13.981,5,13.981,0.04,,,,,,,
13.988,190.3848,13.988,0.3,13.988,0,13.988,5,13.988,0.04,,,,,,,
13.995,190.389,13.995,0.3,13.995,0,13.995,5,13.995,0.04,,,,,,,
14.002,190.39,14.002,0.3,14.002,0,14.002,5,14.002,0.04,,,,,,,
14.009,190.39,14.009,0.3,14.009,0,14.009,5,14.009,0.04,,,,,,,
14.016,190.39,14.016,0.3,14.016,0,14.016,5,14.016,0.04,,,,,,,
14.023,190.39,14.023,0.3,14.023,0,14.023,5,14.023,0.04,,,,,,,
14.029,190.39,14.029,0.3,14.029,0,14.029,5,14.029,0.04,,,,,,,
14.036,190.39,14.036,0.3,14.036,0,14.036,5,14.036,0.04,,,,,,,
14.043,190.39,14.043,0.3,14.043,0,14.043,5,14.043,0.04,,,,,,,
14.05,190.39,14.05,0.3,14.05,0,14.05,5,14.05,0.04,,,,,,,
14.057,190.39,14.057,0.3,14.057,0,14.057,5,14.057,0.04,,,,,,,
14.064,190.39,14.064,0.3,14.064,0,14.064,5,14.064,0.04,,,,,,,
14.071,190.39,14.071,0.3,14.071,0,14.071,5,14.071,0.04,,,,,,,
14.078,190.39,14.078,0.3,14.078,0,14.078,5,14.078,0.04,,,,,,,
14.085,190.39,14.085,0.3,14.085,0,14.085,5,14.085,0.04,,,,,,,
14.092,190.39,14.092,0.3,14.092,0,14.092,5,14.092,0.04,,,,,,,
14.099,190.39,14.099,0.3,14.099,0,14.099,5,14.099,0.04,,,,,,,
14.106,190.39,14.106,0.3,14.106,0,14.106,5,14.106,0.04,,,,,,,
14.113,190.39,14.113,0.3,14.113,0,14.113,5,14.113,0.04,,,,,,,
14.12,190.39,14.12,0.3,14.12,0,14.12,5,14.12,0.04,,,,,,,
14.127,190.39,14.127,0.3,14.127,0,14.127,5,14.127,0.04,,,,,,,
14.134,190.39,14.134,0.3,14.134,0,14.134,5,14.134,0.04,,,,,,,
14.141,190.39,14.141,0.3,14.141,0,14.141,5,14.141,0.04,,,,,,,
14.148,190.39,14.148,0.3,14.148,0,14.148,5,14.148,0.04,,,,,,,
14.155,190.39,14.155,0.3,14.155,0,14.155,5,14.155,0.04,,,,,,,
14.162,190.39,14.162,0.3,14.162,0,14.162,5,14.162,0.04,,,,,,,
14.169,190.39,14.169,0.3,14.169,0,14.169,5,14.169,0.04,,,,,,,
14.176,190.39,14.176,0.3,14.176,0,14.176,5,14.176,0.04,,,,,,,
14.183,190.39,14.183,0.3,14.183,0,14.183,5,14.183,0.04,,,,,,,
14.19,190.39,14.19,0.3,14.19,0,14.19,5,14.19,0.04,,,,,,,
14.197,190.39,14.197,0.3,14.197,0,14.197,5,14.197,0.04,,,,,,,
14.204,190.39,14.204,0.3,14.204,0,14.204,5,14.204,0.04,,,,,,,
14.211,190.39,14.211,0.3,14.211,0,14.211,5,14.211,0.04,,,,,,,
14.218,190.39,14.218,0.3,14.218,0,14.218,5,14.218,0.0432138,,,,,,,
14.225,190.39,14.225,0.3,14.225,0,14.225,5,14.225,0.04740064,,,,,,,
14.232,190.39,14.232,0.3,14.232,0,14.232,5,14.232,0.05,,,,,,,
14.239,190.39,14.239,0.3,14.239,0,14.239,5,14.239,0.05,,,,,,,
14.246,190.39,14.246,0.3,14.246,0,14.246,5,14.246,0.05,,,,,,,
14.253,190.39,14.253,0.3,14.253,0,14.253,5,14.253,0.05,,,,,,,
14.26,190.39,14.26,0.3,14.26,0,14.26,5,14.26,0.05,,,,,,,
14.267,190.39,14.267,0.3,14.267,0,14.267,5,14.267,0.05,,,,,,,
14.274,190.39,14.274,0.3,14.274,0,14.274,5,14.274,0.05,,,,,,,
14.281,190.39,14.281,0.3,14.281,0,14.281,5,14.281,0.05,,,,,,,
14.288,190.39,14.288,0.3,14.288,0,14.288,5,14.288,0.05,,,,,,,
14.295,190.39,14.295,0.3,14.295,0,14.295,5,14.295,0.05,,,,,,,
14.302,190.39,14.302,0.3,14.302,0,14.302,5,14.302,0.04641389,,,,,,,
14.309,190.39,14.309,0.3,14.309,0,14.309,5,14.309,0.04222704,,,,,,,
14.316,190.39,14.316,0.3,14.316,0,14.316,5,14.316,0.04,,,,,,,
14.323,190.39,14.323,0.3,14.323,0,14.323,5,14.323,0.04,,,,,,,
14.33,190.39,14.33,0.3,14.33,0,14.33,5,14.33,0.04,,,,,,,
14.337,190.39,14.337,0.3,14.337,0,14.337,5,14.337,0.04,,,,,,,
14.344,190.39,14.344,0.3,14.344,0,14.344,5,14.344,0.04,,,,,,,
14.351,190.39,14.351,0.3,14.351,0,14.351,5,14.351,0.04,,,,,,,
14.358,190.39,14.358,0.3,14.358,0,14.358,5,14.358,0.04,,,,,,,
14.365,190.39,14.365,0.3,14.365,0,14.365,5,14.365,0.04,,,,,,,
14.372,190.39,14.372,0.3,14.372,0,14.372,5,14.372,0.04,,,,,,,
14.379,190.39,14.379,0.3,14.379,0,14.379,5,14.379,0.04,,,,,,,
14.386,190.39,14.386,0.3,14.386,0,14.386,5,14.386,0.04,,,,,,,
14.393,190.39,14.393,0.3,14.393,0,14.393,5,14.393,0.04,,,,,,,
14.4,190.39,14.4,0.3,14.4,0,14.4,5,14.4,0.04,,,,,,,
14.407,190.39,14.407,0.3,14.407,0,14.407,5,14.407,0.04,,,,,,,
14.414,190.39,14.414,0.3,14.414,0,14.414,5,14.414,0.04,,,,,,,
14.421,190.39,14.421,0.3,14.421,0,14.421,5,14.421,0.04,,,,,,,
14.428,190.39,14.428,0.3,14.428,0,14.428,5,14.428,0.04,,,,,,,
14.435,190.39,14.435,0.3,14.435,0,14.435,5,14.435,0.04,,,,,,,
14.442,190.39,14.442,0.3,14.442,0,14.442,5,14.442,0.04,,,,,,,
14.449,190.39,14.449,0.3,14.449,0,14.449,5,14.449,0.04,,,,,,,
14.456,190.39,14.456,0.3,14.456,0,14.456,5,14.456,0.04,,,,,,,
14.463,190.39,14.463,0.3,14.463,0,14.463,5,14.463,0.04,,,,,,,
14.47,190.39,14.47,0.3,14.47,0,14.47,5,14.47,0.04,,,,,,,
14.477,190.39,14.477,0.3,14.477,0,14.477,5,14.477,0.04,,,,,,,
14.484,190.39,14.484,0.3,14.484,0,14.484,5,14.484,0.04,,,,,,,
14.491,190.39,14.491,0.3,14.491,0,14.491,5,14.491,0.04,,,,,,,
14.498,190.39,14.498,0.3,14.498,0,14.498,5,14.498,0.04,,,,,,,
14.505,190.39,14.505,0.3,14.505,0,14.505,5,14.505,0.04,,,,,,,
14.512,190.39,14.512,0.3,14.512,0,14.512,5,14.512,0.04,,,,,,,
14.519,190.39,14.519,0.3,14.519,0,14.519,5,14.519,0.04,,,,,,,
14.526,190.39,14.526,0.3,14.526,0,14.526,5,14.526,0.04,,,,,,,
14.533,190.39,14.533,0.3,14.533,0,14.533,5,14.533,0.04,,,,,,,
14.54,190.39,14.54,0.3,14.54,0,14.54,5,14.54,0.04,,,,,,,
14.547,190.39,14.547,0.3,14.547,0,14.547,5,14.547,0.04,,,,,,,
14.554,190.39,14.554,0.3,14.554,0,14.554,5,14.554,0.04,,,,,,,
14.561,190.39,14.561,0.3,14.561,0,14.561,5,14.561,0.04,,,,,,,
14.568,190.39,14.568,0.3,14.568,0,14.568,5,14.568,0.04,,,,,,,
14.575,190.39,14.575,0.3,14.575,0,14.575,5,14.575,0.04,,,,,,,
14.582,190.39,14.582,0.3,14.582,0,14.582,5,14.582,0.04,,,,,,,
14.589,190.39,14.589,0.3,14.589,0,14.589,5,14.589,0.04,,,,,,,
14.596,190.39,14.596,0.3,14.596,0,14.596,5,14.596,0.04,,,,,,,
14.603,190.39,14.603,0.3,14.603,0,14.603,5,14.603,0.04,,,,,,,
14.61,190.39,14.61,0.3,14.61,0,14.61,5,14.61,0.04,,,,,,,
14.617,190.39,14.617,0.3,14.617,0,14.617,5,14.617,0.04,,,,,,,
14.624,190.39,14.624,0.3,14.624,0,14.624,5,14.624,0.04,,,,,,,
14.631,190.39,14.631,0.3,14.631,0,14.631,5,14.631,0.04,,,,,,,
14.638,190.39,14.638,0.3,14.638,0,14.638,5,14.638,0.04,,,,,,,
14.645,190.39,14.645,0.3,14.645,0,14.645,5,14.645,0.04,,,,,,,
14.652,190.39,14.652,0.3,14.652,0,14.652,5,14.652,0.04,,,,,,,
14.659,190.39,14.659,0.3,14.659,0,14.659,5,14.659,0.04,,,,,,,
14.666,190.3918,14.666,0.3,14.666,0,14.666,5,14.666,0.04,,,,,,,
14.673,190.396,14.673,0.3,14.673,0,14.673,5,14.673,0.04,,,,,,,
14.68,190.4,14.68,0.3,14.68,0,14.68,5,14.68,0.04,,,,,,,
14.687,190.4,14.687,0.3,14.687,0,14.687,5,14.687,0.04,,,,,,,
14.694,190.4,14.694,0.3,14.694,0,14.694,5,14.694,0.04,,,,,,,
14.701,190.4,14.701,0.3,14.701,0,14.701,5,14.701,0.04,,,,,,,
14.708,190.4,14.708,0.3,14.708,0,14.708,5,14.708,0.04,,,,,,,
14.715,190.4,14.715,0.3,14.715,0,14.715,5,14.715,0.04,,,,,,,
14.722,190.4,14.722,0.3,14.722,0,14.722,5,14.722,0.04,,,,,,,
14.729,190.4,14.729,0.3,14.729,0,14.729,5,14.729,0.04,,,,,,,
14.736,190.4,14.736,0.3,14.736,0,14.736,5,14.736,0.04,,,,,,,
14.743,190.4,14.743,0.3,14.743,0,14.743,5,14.743,0.04,,,,,,,
14.75,190.4,14.75,0.3,14.75,0,14.75,5,14.75,0.04,,,,,,,
14.757,190.4,14.757,0.3,14.757,0,14.757,5,14.757,0.04,,,,,,,
14.764,190.4,14.764,0.3,14.764,0,14.764,5,14.764,0.04,,,,,,,
14.771,190.4,14.771,0.3,14.771,0,14.771,5,14.771,0.04,,,,,,,
14.778,190.4,14.778,0.3,14.778,0,14.778,5,14.778,0.04,,,,,,,
14.785,190.4,14.785,0.3,14.785,0,14.785,5,14.785,0.04,,,,,,,
14.792,190.4,14.792,0.3,14.792,0,14.792,5,14.792,0.04,,,,,,,
14.799,190.4,14.799,0.3,14.799,0,14.799,5,14.799,0.04,,,,,,,
14.806,190.4,14.806,0.3,14.806,0,14.806,5,14.806,0.04,,,,,,,
14.813,190.4,14.813,0.3,14.813,0,14.813,5,14.813,0.04,,,,,,,
14.82,190.4,14.82,0.3,14.82,0,14.82,5,14.82,0.04,,,,,,,
14.827,190.4,14.827,0.3,14.827,0,14.827,5,14.827,0.04,,,,,,,
14.834,190.4,14.834,0.3,14.834,0,14.834,5,14.834,0.04,,,,,,,
14.841,190.4,14.841,0.3,14.841,0,14.841,5,14.841,0.04,,,,,,,
14.848,190.4,14.848,0.3,14.848,0,14.848,5,14.848,0.04,,,,,,,
14.855,190.4,14.855,0.3,14.855,0,14.855,5,14.855,0.04,,,,,,,
14.862,190.4,14.862,0.3,14.862,0,14.862,5,14.862,0.04,,,,,,,
14.869,190.3965,14.869,0.3,14.869,0,14.869,5,14.869,0.04,,,,,,,
14.876,190.3923,14.876,0.3,14.876,0,14.876,5,14.876,0.04,,,,,,,
14.883,190.39,14.883,0.3,14.883,0,14.883,5,14.883,0.04,,,,,,,
14.89,190.39,14.89,0.3,14.89,0,14.89,5,14.89,0.04,,,,,,,
14.897,190.39,14.897,0.3,14.897,0,14.897,5,14.897,0.04,,,,,,,
14.904,190.39,14.904,0.3,14.904,0,14.904,5,14.904,0.04,,,,,,,
14.911,190.39,14.911,0.3,14.911,0,14.911,5,14.911,0.04,,,,,,,
14.918,190.39,14.918,0.3,14.918,0,14.918,5,14.918,0.04,,,,,,,
14.925,190.39,14.925,0.3,14.925,0,14.925,5,14.925,0.04,,,,,,,
14.932,190.3913,14.932,0.3,14.932,0,14.932,5,14.932,0.04,,,,,,,
14.939,190.3954,14.939,0.3,14.939,0,14.939,5,14.939,0.04,,,,,,,
14.946,190.3996,14.946,0.3,14.946,0,14.946,5,14.946,0.04,,,,,,,
14.953,190.4,14.953,0.3,14.953,0,14.953,5,14.953,0.04,,,,,,,
14.96,190.4,14.96,0.3,14.96,0,14.96,5,14.96,0.04,,,,,,,
14.967,190.4,14.967,0.3,14.967,0,14.967,5,14.967,0.04,,,,,,,
14.974,190.4,14.974,0.3,14.974,0,14.974,5,14.974,0.04,,,,,,,
14.981,190.4,14.981,0.3,14.981,0,14.981,5,14.981,0.04,,,,,,,
14.988,190.4,14.988,0.3,14.988,0,14.988,5,14.988,0.04,,,,,,,
14.995,190.4,14.995,0.3,14.995,0,14.995,5,14.995,0.04,,,,,,,
15.002,190.4,15.002,0.3,15.002,0,15.002,5,15.002,0.04,,,,,,,
15.009,190.4,15.009,0.3,15.009,0,15.009,5,15.009,0.04,,,,,,,
15.016,190.4,15.016,0.3,15.016,0,15.016,5,15.016,0.04,,,,,,,
15.023,190.4,15.023,0.3,15.023,0,15.023,5,15.023,0.04,,,,,,,
15.03,190.4,15.03,0.3,15.03,0,15.03,5,15.03,0.04,,,,,,,
15.037,190.4,15.037,0.3,15.037,0,15.037,5,15.037,0.04,,,,,,,
15.044,190.4,15.044,0.3,15.044,0,15.044,5,15.044,0.04,,,,,,,
15.051,190.3974,15.051,0.3,15.051,0,15.051,5,15.051,0.04,,,,,,,
15.058,190.3932,15.058,0.3,15.058,0,15.058,5,15.058,0.04,,,,,,,
15.065,190.39,15.065,0.3,15.065,0,15.065,5,15.065,0.04,,,,,,,
15.071,190.39,15.071,0.3,15.071,0,15.071,5,15.071,0.04,,,,,,,
15.078,190.39,15.078,0.3,15.078,0,15.078,5,15.078,0.04,,,,,,,
15.085,190.39,15.085,0.3,15.085,0,15.085,5,15.085,0.04,,,,,,,
15.092,190.39,15.092,0.3,15.092,0,15.092,5,15.092,0.04,,,,,,,
15.099,190.39,15.099,0.3,15.099,0,15.099,5,15.099,0.04,,,,,,,
15.106,190.39,15.106,0.3,15.106,0,15.106,5,15.106,0.04,,,,,,,
15.113,190.39,15.113,0.3,15.113,0,15.113,5,15.113,0.04,,,,,,,
15.12,190.39,15.12,0.3,15.12,0,15.12,5,15.12,0.04,,,,,,,
15.127,190.39,15.127,0.3,15.127,0,15.127,5,15.127,0.04,,,,,,,
15.134,190.3929,15.134,0.3,15.134,0,15.134,5,15.134,0.04,,,,,,,
15.141,190.3971,15.141,0.3,15.141,0,15.141,5,15.141,0.04,,,,,,,
15.148,190.4,15.148,0.3,15.148,0,15.148,5,15.148,0.04,,,,,,,
15.155,190.4,15.155,0.3,15.155,0,15.155,5,15.155,0.04,,,,,,,
15.162,190.4,15.162,0.3,15.162,0,15.162,5,15.162,0.04,,,,,,,
15.169,190.4,15.169,0.3,15.169,0,15.169,5,15.169,0.04,,,,,,,
15.176,190.4,15.176,0.3,15.176,0,15.176,5,15.176,0.04,,,,,,,
15.183,190.4,15.183,0.3,15.183,0,15.183,5,15.183,0.04,,,,,,,
15.19,190.4,15.19,0.3,15.19,0,15.19,5,15.19,0.04,,,,,,,
15.197,190.4,15.197,0.3,15.197,0,15.197,5,15.197,0.04,,,,,,,
15.204,190.4,15.204,0.3,15.204,0,15.204,5,15.204,0.04,,,,,,,
15.211,190.4,15.211,0.3,15.211,0,15.211,5,15.211,0.04,,,,,,,
15.218,190.4,15.218,0.3,15.218,0,15.218,5,15.218,0.04,,,,,,,
15.225,190.4,15.225,0.3,15.225,0,15.225,5,15.225,0.04,,,,,,,
15.232,190.4,15.232,0.3,15.232,0,15.232,5,15.232,0.04,,,,,,,
15.239,190.4,15.239,0.3,15.239,0,15.239,5,15.239,0.04,,,,,,,
15.246,190.4,15.246,0.3,15.246,0,15.246,5,15.246,0.04,,,,,,,
15.253,190.4,15.253,0.3,15.253,0,15.253,5,15.253,0.04,,,,,,,
15.26,190.4,15.26,0.3,15.26,0,15.26,5,15.26,0.04,,,,,,,
15.267,190.4,15.267,0.3,15.267,0,15.267,5,15.267,0.04,,,,,,,
15.274,190.4,15.274,0.3,15.274,0,15.274,5,15.274,0.04,,,,,,,
15.281,190.4,15.281,0.3,15.281,0,15.281,5,15.281,0.04,,,,,,,
15.288,190.4,15.288,0.3,15.288,0,15.288,5,15.288,0.04,,,,,,,
15.295,190.4,15.295,0.3,15.295,0,15.295,5,15.295,0.04,,,,,,,
15.302,190.4,15.302,0.3,15.302,0,15.302,5,15.302,0.04,,,,,,,
15.309,190.4,15.309,0.3,15.309,0,15.309,5,15.309,0.04,,,,,,,
15.316,190.4,15.316,0.3,15.316,0,15.316,5,15.316,0.04,,,,,,,
15.323,190.4,15.323,0.3,15.323,0,15.323,5,15.323,0.04,,,,,,,
15.33,190.4,15.33,0.3,15.33,0,15.33,5,15.33,0.04,,,,,,,
15.337,190.4,15.337,0.3,15.337,0,15.337,5,15.337,0.04,,,,,,,
15.344,190.4,15.344,0.3,15.344,0,15.344,5,15.344,0.04,,,,,,,
15.351,190.4,15.351,0.3,15.351,0,15.351,5,15.351,0.04,,,,,,,
15.358,190.4,15.358,0.3,15.358,0,15.358,5,15.358,0.04,,,,,,,
15.365,190.4,15.365,0.3,15.365,0,15.365,5,15.365,0.04,,,,,,,
15.372,190.4,15.372,0.3,15.372,0,15.372,5,15.372,0.04,,,,,,,
15.379,190.4,15.379,0.3,15.379,0,15.379,5,15.379,0.04,,,,,,,
15.386,190.4,15.386,0.3,15.386,0,15.386,5,15.386,0.04,,,,,,,
15.393,190.4,15.393,0.3,15.393,0,15.393,5,15.393,0.04,,,,,,,
15.4,190.4,15.4,0.3,15.4,0,15.4,5,15.4,0.04,,,,,,,
15.407,190.4,15.407,0.3,15.407,0,15.407,5,15.407,0.04,,,,,,,
15.414,190.4,15.414,0.3,15.414,0,15.414,5,15.414,0.04,,,,,,,
15.421,190.4,15.421,0.3,15.421,0,15.421,5,15.421,0.04,,,,,,,
15.428,190.4,15.428,0.3,15.428,0,15.428,5,15.428,0.04,,,,,,,
15.435,190.4,15.435,0.3,15.435,0,15.435,5,15.435,0.04,,,,,,,
15.442,190.4,15.442,0.3,15.442,0,15.442,5,15.442,0.04,,,,,,,
15.449,190.4,15.449,0.3,15.449,0,15.449,5,15.449,0.04,,,,,,,
15.456,190.4,15.456,0.3,15.456,0,15.456,5,15.456,0.04,,,,,,,
15.463,190.4,15.463,0.3,15.463,0,15.463,5,15.463,0.04,,,,,,,
15.47,190.4,15.47,0.3,15.47,0,15.47,5,15.47,0.04,,,,,,,
15.477,190.4,15.477,0.3,15.477,0,15.477,5,15.477,0.04,,,,,,,
15.484,190.4,15.484,0.3,15.484,0,15.484,5,15.484,0.04,,,,,,,
15.491,190.4,15.491,0.3,15.491,0,15.491,5,15.491,0.04,,,,,,,
15.498,190.4,15.498,0.3,15.498,0,15.498,5,15.498,0.04,,,,,,,
15.505,190.4,15.505,0.3,15.505,0,15.505,5,15.505,0.04,,,,,,,
15.512,190.4,15.512,0.3,15.512,0,15.512,5,15.512,0.04,,,,,,,
15.519,190.4,15.519,0.3,15.519,0,15.519,5,15.519,0.04,,,,,,,
15.526,190.4,15.526,0.3,15.526,0,15.526,5,15.526,0.04,,,,,,,
15.533,190.4,15.533,0.3,15.533,0,15.533,5,15.533,0.04,,,,,,,
15.54,190.4,15.54,0.3,15.54,0,15.54,5,15.54,0.04,,,,,,,
15.547,190.4,15.547,0.3,15.547,0,15.547,5,15.547,0.04,,,,,,,
15.554,190.4,15.554,0.3,15.554,0,15.554,5,15.554,0.04,,,,,,,
15.561,190.4,15.561,0.3,15.561,0,15.561,5,15.561,0.04,,,,,,,
15.568,190.4031,15.568,0.3,15.568,0,15.568,5,15.568,0.04,,,,,,,
15.575,190.4073,15.575,0.3,15.575,0,15.575,5,15.575,0.04,,,,,,,
15.582,190.41,15.582,0.3,15.582,0,15.582,5,15.582,0.04,,,,,,,
15.589,190.41,15.589,0.3,15.589,0,15.589,5,15.589,0.04,,,,,,,
15.596,190.41,15.596,0.3,15.596,0,15.596,5,15.596,0.04,,,,,,,
15.603,190.41,15.603,0.3,15.603,0,15.603,5,15.603,0.04,,,,,,,
15.61,190.41,15.61,0.3,15.61,0,15.61,5,15.61,0.04,,,,,,,
15.617,190.41,15.617,0.3,15.617,0,15.617,5,15.617,0.04,,,,,,,
15.624,190.41,15.624,0.3,15.624,0,15.624,5,15.624,0.04,,,,,,,
15.631,190.41,15.631,0.3,15.631,0,15.631,5,15.631,0.04,,,,,,,
15.638,190.41,15.638,0.3,15.638,0,15.638,5,15.638,0.04,,,,,,,
15.645,190.41,15.645,0.3,15.645,0,15.645,5,15.645,0.04,,,,,,,
15.652,190.41,15.652,0.3,15.652,0,15.652,5,15.652,0.04,,,,,,,
15.659,190.41,15.659,0.3,15.659,0,15.659,5,15.659,0.04,,,,,,,
15.666,190.41,15.666,0.3,15.666,0,15.666,5,15.666,0.04,,,,,,,
15.673,190.41,15.673,0.3,15.673,0,15.673,5,15.673,0.04,,,,,,,
15.68,190.41,15.68,0.3,15.68,0,15.68,5,15.68,0.04,,,,,,,
15.687,190.41,15.687,0.3,15.687,0,15.687,5,15.687,0.04,,,,,,,
15.694,190.41,15.694,0.3,15.694,0,15.694,5,15.694,0.04,,,,,,,
15.701,190.41,15.701,0.3,15.701,0,15.701,5,15.701,0.04,,,,,,,
15.708,190.41,15.708,0.3,15.708,0,15.708,5,15.708,0.04,,,,,,,
15.715,190.41,15.715,0.3,15.715,0,15.715,5,15.715,0.04,,,,,,,
15.722,190.41,15.722,0.3,15.722,0,15.722,5,15.722,0.04,,,,,,,
15.729,190.41,15.729,0.3,15.729,0,15.729,5,15.729,0.04,,,,,,,
15.736,190.41,15.736,0.3,15.736,0,15.736,5,15.736,0.04,,,,,,,
15.743,190.41,15.743,0.3,15.743,0,15.743,5,15.743,0.04,,,,,,,
15.75,190.41,15.75,0.3,15.75,0,15.75,5,15.75,0.04,,,,,,,
15.757,190.41,15.757,0.3,15.757,0,15.757,5,15.757,0.04,,,,,,,
15.764,190.41,15.764,0.3,15.764,0,15.764,5,15.764,0.04,,,,,,,
15.771,190.41,15.771,0.3,15.771,0,15.771,5,15.771,0.04,,,,,,,
15.778,190.41,15.778,0.3,15.778,0,15.778,5,15.778,0.04,,,,,,,
15.785,190.41,15.785,0.3,15.785,0,15.785,5,15.785,0.04,,,,,,,
15.792,190.41,15.792,0.3,15.792,0,15.792,5,15.792,0.04,,,,,,,
15.799,190.41,15.799,0.3,15.799,0,15.799,5,15.799,0.04,,,,,,,
15.806,190.41,15.806,0.3,15.806,0,15.806,5,15.806,0.04,,,,,,,
15.813,190.41,15.813,0.3,15.813,0,15.813,5,15.813,0.04,,,,,,,
15.82,190.41,15.82,0.3,15.82,0,15.82,5,15.82,0.04,,,,,,,
15.827,190.41,15.827,0.3,15.827,0,15.827,5,15.827,0.04,,,,,,,
15.834,190.41,15.834,0.3,15.834,0,15.834,5,15.834,0.04,,,,,,,
15.841,190.41,15.841,0.3,15.841,0,15.841,5,15.841,0.04,,,,,,,
15.848,190.41,15.848,0.3,15.848,0,15.848,5,15.848,0.04,,,,,,,
15.855,190.41,15.855,0.3,15.855,0,15.855,5,15.855,0.04,,,,,,,
15.862,190.41,15.862,0.3,15.862,0,15.862,5,15.862,0.04,,,,,,,
15.869,190.41,15.869,0.3,15.869,0,15.869,5,15.869,0.04,,,,,,,
15.876,190.41,15.876,0.3,15.876,0,15.876,5,15.876,0.04,,,,,,,
15.883,190.41,15.883,0.3,15.883,0,15.883,5,15.883,0.04,,,,,,,
15.89,190.41,15.89,0.3,15.89,0,15.89,5,15.89,0.04,,,,,,,
15.897,190.41,15.897,0.3,15.897,0,15.897,5,15.897,0.04,,,,,,,
15.904,190.41,15.904,0.3,15.904,0,15.904,5,15.904,0.04,,,,,,,
15.911,190.41,15.911,0.3,15.911,0,15.911,5,15.911,0.04,,,,,,,
15.918,190.41,15.918,0.3,15.918,0,15.918,5,15.918,0.04,,,,,,,
15.925,190.41,15.925,0.3,15.925,0,15.925,5,15.925,0.04,,,,,,,
15.932,190.41,15.932,0.3,15.932,0,15.932,5,15.932,0.04,,,,,,,
15.939,190.41,15.939,0.3,15.939,0,15.939,5,15.939,0.04,,,,,,,
15.946,190.41,15.946,0.3,15.946,0,15.946,5,15.946,0.04,,,,,,,
15.953,190.4139,15.953,0.3,15.953,0,15.953,5,15.953,0.04,,,,,,,
15.96,190.418,15.96,0.3,15.96,0,15.96,5,15.96,0.04,,,,,,,
15.967,190.42,15.967,0.3,15.967,0,15.967,5,15.967,0.04,,,,,,,
15.974,190.42,15.974,0.3,15.974,0,15.974,5,15.974,0.04,,,,,,,
15.981,190.42,15.981,0.3,15.981,0,15.981,5,15.981,0.04,,,,,,,
15.988,190.42,15.988,0.3,15.988,0,15.988,5,15.988,0.04,,,,,,,
15.995,190.42,15.995,0.3,15.995,0,15.995,5,15.995,0.04,,,,,,,
16.002,190.42,16.002,0.3,16.002,0,16.002,5,16.002,0.04,,,,,,,
16.009,190.42,16.009,0.3,16.009,0,16.009,5,16.009,0.04,,,,,,,
16.016,190.42,16.016,0.3,16.016,0,16.016,5,16.016,0.04,,,,,,,
16.023,190.42,16.023,0.3,16.023,0,16.023,5,16.023,0.04,,,,,,,
16.03,190.42,16.03,0.3,16.03,0,16.03,5,16.03,0.04,,,,,,,
16.037,190.42,16.037,0.3,16.037,0,16.037,5,16.037,0.04,,,,,,,
16.044,190.42,16.044,0.3,16.044,0,16.044,5,16.044,0.04,,,,,,,
16.051,190.42,16.051,0.3,16.051,0,16.051,5,16.051,0.04,,,,,,,
16.058,190.42,16.058,0.3,16.058,0,16.058,5,16.058,0.04,,,,,,,
16.065,190.42,16.065,0.3,16.065,0,16.065,5,16.065,0.04,,,,,,,
16.072,190.42,16.072,0.3,16.072,0,16.072,5,16.072,0.04,,,,,,,
16.079,190.42,16.079,0.3,16.079,0,16.079,5,16.079,0.04,,,,,,,
16.086,190.42,16.086,0.3,16.086,0,16.086,5,16.086,0.04,,,,,,,
16.093,190.42,16.093,0.3,16.093,0,16.093,5,16.093,0.04,,,,,,,
16.1,190.422,16.1,0.3,16.1,0,16.1,5,16.1,0.04,,,,,,,
16.107,190.4262,16.107,0.3,16.107,0,16.107,5,16.107,0.04,,,,,,,
16.114,190.43,16.114,0.3,16.114,0,16.114,5,16.114,0.04,,,,,,,
16.121,190.43,16.121,0.3,16.121,0,16.121,5,16.121,0.04,,,,,,,
16.128,190.43,16.128,0.3,16.128,0,16.128,5,16.128,0.04,,,,,,,
16.134,190.43,16.134,0.3,16.134,0,16.134,5,16.134,0.04,,,,,,,
16.141,190.43,16.141,0.3,16.141,0,16.141,5,16.141,0.04,,,,,,,
16.148,190.43,16.148,0.3,16.148,0,16.148,5,16.148,0.04,,,,,,,
16.155,190.43,16.155,0.3,16.155,0,16.155,5,16.155,0.04,,,,,,,
16.162,190.43,16.162,0.3,16.162,0,16.162,5,16.162,0.04,,,,,,,
16.169,190.43,16.169,0.3,16.169,0,16.169,5,16.169,0.04,,,,,,,
16.176,190.43,16.176,0.3,16.176,0,16.176,5,16.176,0.04,,,,,,,
16.183,190.43,16.183,0.3,16.183,0,16.183,5,16.183,0.04,,,,,,,
16.19,190.43,16.19,0.3,16.19,0,16.19,5,16.19,0.04,,,,,,,
16.197,190.43,16.197,0.3,16.197,0,16.197,5,16.197,0.04,,,,,,,
16.204,190.43,16.204,0.3,16.204,0,16.204,5,16.204,0.04,,,,,,,
16.211,190.43,16.211,0.3,16.211,0,16.211,5,16.211,0.04,,,,,,,
16.218,190.4267,16.218,0.3,16.218,0,16.218,5,16.218,0.04,,,,,,,
16.225,190.4225,16.225,0.3,16.225,0,16.225,5,16.225,0.04,,,,,,,
16.232,190.42,16.232,0.3,16.232,0,16.232,5,16.232,0.04,,,,,,,
16.239,190.42,16.239,0.3,16.239,0,16.239,5,16.239,0.04,,,,,,,
16.246,190.42,16.246,0.3,16.246,0,16.246,5,16.246,0.04,,,,,,,
16.253,190.42,16.253,0.3,16.253,0,16.253,5,16.253,0.04,,,,,,,
16.26,190.42,16.26,0.3,16.26,0,16.26,5,16.26,0.04,,,,,,,
16.267,190.42,16.267,0.3,16.267,0,16.267,5,16.267,0.04,,,,,,,
16.274,190.42,16.274,0.3,16.274,0,16.274,5,16.274,0.04,,,,,,,
16.281,190.42,16.281,0.3,16.281,0,16.281,5,16.281,0.04,,,,,,,
16.288,190.42,16.288,0.3,16.288,0,16.288,5,16.288,0.04,,,,,,,
16.295,190.42,16.295,0.3,16.295,0,16.295,5,16.295,0.04,,,,,,,
16.302,190.42,16.302,0.3,16.302,0,16.302,5,16.302,0.04,,,,,,,
16.309,190.42,16.309,0.3,16.309,0,16.309,5,16.309,0.04,,,,,,,
16.316,190.42,16.316,0.3,16.316,0,16.316,5,16.316,0.04,,,,,,,
16.323,190.42,16.323,0.3,16.323,0,16.323,5,16.323,0.04,,,,,,,
16.33,190.42,16.33,0.3,16.33,0,16.33,5,16.33,0.04,,,,,,,
16.337,190.42,16.337,0.3,16.337,0,16.337,5,16.337,0.04,,,,,,,
16.344,190.42,16.344,0.3,16.344,0,16.344,5,16.344,0.04,,,,,,,
16.351,190.42,16.351,0.3,16.351,0,16.351,5,16.351,0.04,,,,,,,
16.358,190.42,16.358,0.3,16.358,0,16.358,5,16.358,0.04,,,,,,,
16.365,190.42,16.365,0.3,16.365,0,16.365,5,16.365,0.04,,,,,,,
16.372,190.42,16.372,0.3,16.372,0,16.372,5,16.372,0.04,,,,,,,
16.379,190.42,16.379,0.3,16.379,0,16.379,5,16.379,0.04,,,,,,,
16.386,190.42,16.386,0.3,16.386,0,16.386,5,16.386,0.04,,,,,,,
16.393,190.42,16.393,0.3,16.393,0,16.393,5,16.393,0.04,,,,,,,
16.4,190.42,16.4,0.3,16.4,0,16.4,5,16.4,0.04,,,,,,,
16.407,190.42,16.407,0.3,16.407,0,16.407,5,16.407,0.04,,,,,,,
16.414,190.42,16.414,0.3,16.414,0,16.414,5,16.414,0.04,,,,,,,
16.421,190.42,16.421,0.3,16.421,0,16.421,5,16.421,0.04,,,,,,,
16.428,190.42,16.428,0.3,16.428,0,16.428,5,16.428,0.04,,,,,,,
16.435,190.42,16.435,0.3,16.435,0,16.435,5,16.435,0.04,,,,,,,
16.442,190.42,16.442,0.3,16.442,0,16.442,5,16.442,0.04,,,,,,,
16.449,190.42,16.449,0.3,16.449,0,16.449,5,16.449,0.04,,,,,,,
16.456,190.42,16.456,0.3,16.456,0,16.456,5,16.456,0.04,,,,,,,
16.463,190.42,16.463,0.3,16.463,0,16.463,5,16.463,0.04,,,,,,,
16.47,190.42,16.47,0.3,16.47,0,16.47,5,16.47,0.04,,,,,,,
16.477,190.42,16.477,0.3,16.477,0,16.477,5,16.477,0.04,,,,,,,
16.484,190.42,16.484,0.3,16.484,0,16.484,5,16.484,0.04,,,,,,,
16.491,190.42,16.491,0.3,16.491,0,16.491,5,16.491,0.04,,,,,,,
16.498,190.42,16.498,0.3,16.498,0,16.498,5,16.498,0.04,,,,,,,
16.505,190.42,16.505,0.3,16.505,0,16.505,5,16.505,0.04,,,,,,,
16.512,190.42,16.512,0.3,16.512,0,16.512,5,16.512,0.04,,,,,,,
16.519,190.42,16.519,0.3,16.519,0,16.519,5,16.519,0.04,,,,,,,
16.526,190.42,16.526,0.3,16.526,0,16.526,5,16.526,0.04,,,,,,,
16.533,190.42,16.533,0.3,16.533,0,16.533,5,16.533,0.04,,,,,,,
16.54,190.42,16.54,0.3,16.54,0,16.54,5,16.54,0.04,,,,,,,
16.547,190.42,16.547,0.3,16.547,0,16.547,5,16.547,0.04,,,,,,,
16.554,190.42,16.554,0.3,16.554,0,16.554,5,16.554,0.04,,,,,,,
16.561,190.42,16.561,0.3,16.561,0,16.561,5,16.561,0.04,,,,,,,
16.568,190.42,16.568,0.3,16.568,0,16.568,5,16.568,0.04,,,,,,,
16.575,190.42,16.575,0.3,16.575,0,16.575,5,16.575,0.04,,,,,,,
16.582,190.42,16.582,0.3,16.582,0,16.582,5,16.582,0.04,,,,,,,
16.589,190.42,16.589,0.3,16.589,0,16.589,5,16.589,0.04,,,,,,,
16.596,190.42,16.596,0.3,16.596,0,16.596,5,16.596,0.04,,,,,,,
16.603,190.42,16.603,0.3,16.603,0,16.603,5,16.603,0.04,,,,,,,
16.61,190.42,16.61,0.3,16.61,0,16.61,5,16.61,0.04,,,,,,,
16.617,190.42,16.617,0.3,16.617,0,16.617,5,16.617,0.04,,,,,,,
16.624,190.42,16.624,0.3,16.624,0,16.624,5,16.624,0.04,,,,,,,
16.631,190.42,16.631,0.3,16.631,0,16.631,5,16.631,0.04,,,,,,,
16.638,190.42,16.638,0.3,16.638,0,16.638,5,16.638,0.04,,,,,,,
16.645,190.42,16.645,0.3,16.645,0,16.645,5,16.645,0.04,,,,,,,
16.652,190.4165,16.652,0.3,16.652,0,16.652,5,16.652,0.04,,,,,,,
16.659,190.4124,16.659,0.3,16.659,0,16.659,5,16.659,0.04,,,,,,,
16.666,190.41,16.666,0.3,16.666,0,16.666,5,16.666,0.04,,,,,,,
16.673,190.41,16.673,0.3,16.673,0,16.673,5,16.673,0.04,,,,,,,
16.68,190.41,16.68,0.3,16.68,0,16.68,5,16.68,0.04,,,,,,,
16.687,190.41,16.687,0.3,16.687,0,16.687,5,16.687,0.04,,,,,,,
16.694,190.41,16.694,0.3,16.694,0,16.694,5,16.694,0.04,,,,,,,
16.701,190.41,16.701,0.3,16.701,0,16.701,5,16.701,0.04,,,,,,,
16.708,190.41,16.708,0.3,16.708,0,16.708,5,16.708,0.04,,,,,,,
16.715,190.41,16.715,0.3,16.715,0,16.715,5,16.715,0.04,,,,,,,
16.722,190.41,16.722,0.3,16.722,0,16.722,5,16.722,0.04,,,,,,,
16.729,190.41,16.729,0.3,16.729,0,16.729,5,16.729,0.04,,,,,,,
16.736,190.4138,16.736,0.3,16.736,0,16.736,5,16.736,0.04,,,,,,,
16.743,190.418,16.743,0.3,16.743,0,16.743,5,16.743,0.04,,,,,,,
16.75,190.42,16.75,0.3,16.75,0,16.75,5,16.75,0.04,,,,,,,
16.757,190.42,16.757,0.3,16.757,0,16.757,5,16.757,0.04,,,,,,,
16.764,190.42,16.764,0.3,16.764,0,16.764,5,16.764,0.04,,,,,,,
16.771,190.42,16.771,0.3,16.771,0,16.771,5,16.771,0.04,,,,,,,
16.778,190.42,16.778,0.3,16.778,0,16.778,5,16.778,0.04,,,,,,,
16.785,190.42,16.785,0.3,16.785,0,16.785,5,16.785,0.04,,,,,,,
16.792,190.42,16.792,0.3,16.792,0,16.792,5,16.792,0.04,,,,,,,
16.799,190.42,16.799,0.3,16.799,0,16.799,5,16.799,0.04,,,,,,,
16.806,190.42,16.806,0.3,16.806,0,16.806,5,16.806,0.04,,,,,,,
16.813,190.42,16.813,0.3,16.813,0,16.813,5,16.813,0.04,,,,,,,
16.82,190.42,16.82,0.3,16.82,0,16.82,5,16.82,0.04,,,,,,,
16.827,190.42,16.827,0.3,16.827,0,16.827,5,16.827,0.04,,,,,,,
16.834,190.42,16.834,0.3,16.834,0,16.834,5,16.834,0.04,,,,,,,
16.841,190.42,16.841,0.3,16.841,0,16.841,5,16.841,0.04,,,,,,,
16.848,190.42,16.848,0.3,16.848,0,16.848,5,16.848,0.04,,,,,,,
16.855,190.42,16.855,0.3,16.855,0,16.855,5,16.855,0.04,,,,,,,
16.862,190.42,16.862,0.3,16.862,0,16.862,5,16.862,0.04,,,,,,,
16.869,190.42,16.869,0.3,16.869,0,16.869,5,16.869,0.04,,,,,,,
16.876,190.42,16.876,0.3,16.876,0,16.876,5,16.876,0.04,,,,,,,
16.883,190.42,16.883,0.3,16.883,0,16.883,5,16.883,0.04,,,,,,,
16.89,190.42,16.89,0.3,16.89,0,16.89,5,16.89,0.04,,,,,,,
16.897,190.42,16.897,0.3,16.897,0,16.897,5,16.897,0.04,,,,,,,
16.904,190.42,16.904,0.3,16.904,0,16.904,5,16.904,0.04,,,,,,,
16.911,190.42,16.911,0.3,16.911,0,16.911,5,16.911,0.04,,,,,,,
16.918,190.42,16.918,0.3,16.918,0,16.918,5,16.918,0.04,,,,,,,
16.925,190.42,16.925,0.3,16.925,0,16.925,5,16.925,0.04,,,,,,,
16.932,190.42,16.932,0.3,16.932,0,16.932,5,16.932,0.04,,,,,,,
16.939,190.42,16.939,0.3,16.939,0,16.939,5,16.939,0.04,,,,,,,
16.946,190.42,16.946,0.3,16.946,0,16.946,5,16.946,0.04,,,,,,,
16.953,190.42,16.953,0.3,16.953,0,16.953,5,16.953,0.04,,,,,,,
16.96,190.42,16.96,0.3,16.96,0,16.96,5,16.96,0.04,,,,,,,
16.967,190.42,16.967,0.3,16.967,0,16.967,5,16.967,0.04,,,,,,,
16.974,190.42,16.974,0.3,16.974,0,16.974,5,16.974,0.04,,,,,,,
16.981,190.42,16.981,0.3,16.981,0,16.981,5,16.981,0.04,,,,,,,
16.988,190.42,16.988,0.3,16.988,0,16.988,5,16.988,0.04,,,,,,,
16.995,190.42,16.995,0.3,16.995,0,16.995,5,16.995,0.04,,,,,,,
17.002,190.42,17.002,0.3,17.002,0,17.002,5,17.002,0.04,,,,,,,
17.009,190.42,17.009,0.3,17.009,0,17.009,5,17.009,0.04,,,,,,,
17.016,190.42,17.016,0.3,17.016,0,17.016,5,17.016,0.04,,,,,,,
17.023,190.42,17.023,0.3,17.023,0,17.023,5,17.023,0.04,,,,,,,
17.03,190.42,17.03,0.3,17.03,0,17.03,5,17.03,0.04,,,,,,,
17.037,190.42,17.037,0.3,17.037,0,17.037,5,17.037,0.04,,,,,,,
17.044,190.42,17.044,0.3,17.044,0,17.044,5,17.044,0.04,,,,,,,
17.051,190.42,17.051,0.3,17.051,0,17.051,5,17.051,0.04,,,,,,,
17.058,190.42,17.058,0.3,17.058,0,17.058,5,17.058,0.04,,,,,,,
17.065,190.42,17.065,0.3,17.065,0,17.065,5,17.065,0.04,,,,,,,
17.072,190.42,17.072,0.3,17.072,0,17.072,5,17.072,0.04,,,,,,,
17.079,190.42,17.079,0.3,17.079,0,17.079,5,17.079,0.04,,,,,,,
17.086,190.42,17.086,0.3,17.086,0,17.086,5,17.086,0.04,,,,,,,
17.093,190.42,17.093,0.3,17.093,0,17.093,5,17.093,0.04,,,,,,,
17.1,190.42,17.1,0.3,17.1,0,17.1,5,17.1,0.04,,,,,,,
17.107,190.42,17.107,0.3,17.107,0,17.107,5,17.107,0.04,,,,,,,
17.114,190.42,17.114,0.3,17.114,0,17.114,5,17.114,0.04,,,,,,,
17.121,190.42,17.121,0.3,17.121,0,17.121,5,17.121,0.04,,,,,,,
17.128,190.42,17.128,0.3,17.128,0,17.128,5,17.128,0.04,,,,,,,
17.135,190.42,17.135,0.3,17.135,0,17.135,5,17.135,0.04,,,,,,,
17.142,190.42,17.142,0.3,17.142,0,17.142,5,17.142,0.04,,,,,,,
17.149,190.42,17.149,0.3,17.149,0,17.149,5,17.149,0.04,,,,,,,
17.156,190.42,17.156,0.3,17.156,0,17.156,5,17.156,0.04,,,,,,,
17.163,190.42,17.163,0.3,17.163,0,17.163,5,17.163,0.04,,,,,,,
17.17,190.416,17.17,0.3,17.17,0,17.17,5,17.17,0.04,,,,,,,
17.177,190.4118,17.177,0.3,17.177,0,17.177,5,17.177,0.04,,,,,,,
17.184,190.41,17.184,0.3,17.184,0,17.184,5,17.184,0.04,,,,,,,
17.191,190.41,17.191,0.3,17.191,0,17.191,5,17.191,0.04,,,,,,,
17.198,190.41,17.198,0.3,17.198,0,17.198,5,17.198,0.04,,,,,,,
17.205,190.41,17.205,0.3,17.205,0,17.205,5,17.205,0.04,,,,,,,
17.212,190.41,17.212,0.3,17.212,0,17.212,5,17.212,0.04,,,,,,,
17.219,190.41,17.219,0.3,17.219,0,17.219,5,17.219,0.04,,,,,,,
17.226,190.41,17.226,0.3,17.226,0,17.226,5,17.226,0.04,,,,,,,
17.233,190.41,17.233,0.3,17.233,0,17.233,5,17.233,0.04,,,,,,,
17.24,190.41,17.24,0.3,17.24,0,17.24,5,17.24,0.04,,,,,,,
17.247,190.41,17.247,0.3,17.247,0,17.247,5,17.247,0.04,,,,,,,
17.254,190.41,17.254,0.3,17.254,0,17.254,5,17.254,0.04,,,,,,,
17.261,190.41,17.261,0.3,17.261,0,17.261,5,17.261,0.04,,,,,,,
17.268,190.41,17.268,0.3,17.268,0,17.268,5,17.268,0.04,,,,,,,
17.275,190.41,17.275,0.3,17.275,0,17.275,5,17.275,0.04,,,,,,,
17.282,190.41,17.282,0.3,17.282,0,17.282,5,17.282,0.04,,,,,,,
17.289,190.41,17.289,0.3,17.289,0,17.289,5,17.289,0.04,,,,,,,
17.296,190.41,17.296,0.3,17.296,0,17.296,5,17.296,0.04,,,,,,,
17.303,190.41,17.303,0.3,17.303,0,17.303,5,17.303,0.04,,,,,,,
17.31,190.41,17.31,0.3,17.31,0,17.31,5,17.31,0.04,,,,,,,
17.317,190.4121,17.317,0.3,17.317,0,17.317,5,17.317,0.04,,,,,,,
17.324,190.4163,17.324,0.3,17.324,0,17.324,5,17.324,0.04,,,,,,,
17.331,190.42,17.331,0.3,17.331,0,17.331,5,17.331,0.04,,,,,,,
17.338,190.42,17.338,0.3,17.338,0,17.338,5,17.338,0.04,,,,,,,
17.345,190.42,17.345,0.3,17.345,0,17.345,5,17.345,0.04,,,,,,,
17.351,190.42,17.351,0.3,17.351,0,17.351,5,17.351,0.04,,,,,,,
17.358,190.42,17.358,0.3,17.358,0,17.358,5,17.358,0.04,,,,,,,
17.365,190.42,17.365,0.3,17.365,0,17.365,5,17.365,0.04,,,,,,,
17.372,190.42,17.372,0.3,17.372,0,17.372,5,17.372,0.04,,,,,,,
17.379,190.42,17.379,0.3,17.379,0,17.379,5,17.379,0.04,,,,,,,
17.386,190.42,17.386,0.3,17.386,0,17.386,5,17.386,0.0440731,,,,,,,
17.393,190.42,17.393,0.3,17.393,0,17.393,5,17.393,0.04826042,,,,,,,
17.4,190.42,17.4,0.3,17.4,0,17.4,5,17.4,0.05,,,,,,,
17.407,190.42,17.407,0.3,17.407,0,17.407,5,17.407,0.05,,,,,,,
17.414,190.42,17.414,0.3,17.414,0,17.414,5,17.414,0.05,,,,,,,
17.421,190.42,17.421,0.3,17.421,0,17.421,5,17.421,0.05,,,,,,,
17.428,190.42,17.428,0.3,17.428,0,17.428,5,17.428,0.05,,,,,,,
17.435,190.42,17.435,0.3,17.435,0,17.435,5,17.435,0.05,,,,,,,
17.442,190.42,17.442,0.3,17.442,0,17.442,5,17.442,0.05,,,,,,,
17.449,190.42,17.449,0.3,17.449,0,17.449,5,17.449,0.05,,,,,,,
17.456,190.42,17.456,0.3,17.456,0,17.456,5,17.456,0.05,,,,,,,
17.463,190.42,17.463,0.3,17.463,0,17.463,5,17.463,0.05,,,,,,,
17.47,190.42,17.47,0.3,17.47,0,17.47,5,17.47,0.05,,,,,,,
17.477,190.42,17.477,0.3,17.477,0,17.477,5,17.477,0.05,,,,,,,
17.484,190.42,17.484,0.3,17.484,0,17.484,5,17.484,0.05,,,,,,,
17.491,190.42,17.491,0.3,17.491,0,17.491,5,17.491,0.05,,,,,,,
17.498,190.42,17.498,0.3,17.498,0,17.498,5,17.498,0.05,,,,,,,
17.505,190.42,17.505,0.3,17.505,0,17.505,5,17.505,0.05,,,,,,,
17.512,190.42,17.512,0.3,17.512,0,17.512,5,17.512,0.05,,,,,,,
17.519,190.42,17.519,0.3,17.519,0,17.519,5,17.519,0.05,,,,,,,
17.526,190.42,17.526,0.3,17.526,0,17.526,5,17.526,0.05,,,,,,,
17.533,190.42,17.533,0.3,17.533,0,17.533,5,17.533,0.05,,,,,,,
17.54,190.42,17.54,0.3,17.54,0,17.54,5,17.54,0.05,,,,,,,
17.547,190.42,17.547,0.3,17.547,0,17.547,5,17.547,0.0494267,,,,,,,
17.554,190.42,17.554,0.3,17.554,0,17.554,5,17.554,0.0452137,,,,,,,
17.561,190.42,17.561,0.3,17.561,0,17.561,5,17.561,0.04100184,,,,,,,
17.568,190.42,17.568,0.3,17.568,0,17.568,5,17.568,0.04,,,,,,,
17.575,190.42,17.575,0.3,17.575,0,17.575,5,17.575,0.04,,,,,,,
17.582,190.42,17.582,0.3,17.582,0,17.582,5,17.582,0.04,,,,,,,
17.589,190.42,17.589,0.3,17.589,0,17.589,5,17.589,0.04,,,,,,,
17.596,190.42,17.596,0.3,17.596,0,17.596,5,17.596,0.04,,,,,,,
17.603,190.42,17.603,0.3,17.603,0,17.603,5,17.603,0.04,,,,,,,
17.61,190.42,17.61,0.3,17.61,0,17.61,5,17.61,0.04,,,,,,,
17.617,190.42,17.617,0.3,17.617,0,17.617,5,17.617,0.04,,,,,,,
17.624,190.42,17.624,0.3,17.624,0,17.624,5,17.624,0.04,,,,,,,
17.631,190.42,17.631,0.3,17.631,0,17.631,5,17.631,0.04,,,,,,,
17.638,190.42,17.638,0.3,17.638,0,17.638,5,17.638,0.04,,,,,,,
17.645,190.42,17.645,0.3,17.645,0,17.645,5,17.645,0.04,,,,,,,
17.652,190.42,17.652,0.3,17.652,0,17.652,5,17.652,0.04,,,,,,,
17.659,190.42,17.659,0.3,17.659,0,17.659,5,17.659,0.04,,,,,,,
17.666,190.42,17.666,0.3,17.666,0,17.666,5,17.666,0.04,,,,,,,
17.673,190.42,17.673,0.3,17.673,0,17.673,5,17.673,0.04,,,,,,,
17.68,190.42,17.68,0.3,17.68,0,17.68,5,17.68,0.04,,,,,,,
17.687,190.42,17.687,0.3,17.687,0,17.687,5,17.687,0.04,,,,,,,
17.694,190.42,17.694,0.3,17.694,0,17.694,5,17.694,0.04,,,,,,,
17.701,190.4171,17.701,0.3,17.701,0,17.701,5,17.701,0.04,,,,,,,
17.708,190.4129,17.708,0.3,17.708,0,17.708,5,17.708,0.04,,,,,,,
17.715,190.41,17.715,0.3,17.715,0,17.715,5,17.715,0.04,,,,,,,
17.722,190.41,17.722,0.3,17.722,0,17.722,5,17.722,0.04,,,,,,,
17.729,190.41,17.729,0.3,17.729,0,17.729,5,17.729,0.04,,,,,,,
17.736,190.41,17.736,0.3,17.736,0,17.736,5,17.736,0.04,,,,,,,
17.743,190.41,17.743,0.3,17.743,0,17.743,5,17.743,0.04,,,,,,,
17.75,190.41,17.75,0.3,17.75,0,17.75,5,17.75,0.04,,,,,,,
17.757,190.41,17.757,0.3,17.757,0,17.757,5,17.757,0.04,,,,,,,
17.764,190.41,17.764,0.3,17.764,0,17.764,5,17.764,0.04,,,,,,,
17.771,190.41,17.771,0.3,17.771,0,17.771,5,17.771,0.04,,,,,,,
17.778,190.41,17.778,0.3,17.778,0,17.778,5,17.778,0.04,,,,,,,
17.785,190.41,17.785,0.3,17.785,0,17.785,5,17.785,0.04,,,,,,,
17.792,190.41,17.792,0.3,17.792,0,17.792,5,17.792,0.04,,,,,,,
17.799,190.41,17.799,0.3,17.799,0,17.799,5,17.799,0.04,,,,,,,
17.806,190.41,17.806,0.3,17.806,0,17.806,5,17.806,0.04,,,,,,,
17.813,190.41,17.813,0.3,17.813,0,17.813,5,17.813,0.04,,,,,,,
17.82,190.41,17.82,0.3,17.82,0,17.82,5,17.82,0.04,,,,,,,
17.827,190.41,17.827,0.3,17.827,0,17.827,5,17.827,0.04,,,,,,,
17.834,190.41,17.834,0.3,17.834,0,17.834,5,17.834,0.04,,,,,,,
17.841,190.41,17.841,0.3,17.841,0,17.841,5,17.841,0.04,,,,,,,
17.848,190.41,17.848,0.3,17.848,0,17.848,5,17.848,0.04,,,,,,,
17.855,190.41,17.855,0.3,17.855,0,17.855,5,17.855,0.04,,,,,,,
17.862,190.41,17.862,0.3,17.862,0,17.862,5,17.862,0.04,,,,,,,
17.869,190.41,17.869,0.3,17.869,0,17.869,5,17.869,0.04,,,,,,,
17.876,190.41,17.876,0.3,17.876,0,17.876,5,17.876,0.04,,,,,,,
17.883,190.41,17.883,0.3,17.883,0,17.883,5,17.883,0.04,,,,,,,
17.89,190.41,17.89,0.3,17.89,0,17.89,5,17.89,0.04,,,,,,,
17.897,190.41,17.897,0.3,17.897,0,17.897,5,17.897,0.04,,,,,,,
17.904,190.41,17.904,0.3,17.904,0,17.904,5,17.904,0.04,,,,,,,
17.911,190.41,17.911,0.3,17.911,0,17.911,5,17.911,0.04,,,,,,,
17.918,190.41,17.918,0.3,17.918,0,17.918,5,17.918,0.04,,,,,,,
17.925,190.41,17.925,0.3,17.925,0,17.925,5,17.925,0.04,,,,,,,
17.932,190.41,17.932,0.3,17.932,0,17.932,5,17.932,0.04,,,,,,,
17.939,190.41,17.939,0.3,17.939,0,17.939,5,17.939,0.04,,,,,,,
17.946,190.41,17.946,0.3,17.946,0,17.946,5,17.946,0.04,,,,,,,
17.953,190.41,17.953,0.3,17.953,0,17.953,5,17.953,0.04,,,,,,,
17.96,190.41,17.96,0.3,17.96,0,17.96,5,17.96,0.04,,,,,,,
17.967,190.41,17.967,0.3,17.967,0,17.967,5,17.967,0.04,,,,,,,
17.974,190.41,17.974,0.3,17.974,0,17.974,5,17.974,0.04,,,,,,,
17.981,190.41,17.981,0.3,17.981,0,17.981,5,17.981,0.04,,,,,,,
17.988,190.41,17.988,0.3,17.988,0,17.988,5,17.988,0.04,,,,,,,
17.995,190.41,17.995,0.3,17.995,0,17.995,5,17.995,0.04,,,,,,,
18.002,190.41,18.002,0.3,18.002,0,18.002,5,18.002,0.04,,,,,,,
18.009,190.41,18.009,0.3,18.009,0,18.009,5,18.009,0.04,,,,,,,
18.016,190.41,18.016,0.3,18.016,0,18.016,5,18.016,0.04,,,,,,,
18.023,190.41,18.023,0.3,18.023,0,18.023,5,18.023,0.04,,,,,,,
18.03,190.41,18.03,0.3,18.03,0,18.03,5,18.03,0.04,,,,,,,
18.037,190.41,18.037,0.3,18.037,0,18.037,5,18.037,0.04,,,,,,,
18.044,190.41,18.044,0.3,18.044,0,18.044,5,18.044,0.04,,,,,,,
18.051,190.41,18.051,0.3,18.051,0,18.051,5,18.051,0.04,,,,,,,
18.058,190.41,18.058,0.3,18.058,0,18.058,5,18.058,0.04,,,,,,,
18.065,190.41,18.065,0.3,18.065,0,18.065,5,18.065,0.04,,,,,,,
18.072,190.41,18.072,0.3,18.072,0,18.072,5,18.072,0.04,,,,,,,
18.079,190.41,18.079,0.3,18.079,0,18.079,5,18.079,0.04,,,,,,,
18.086,190.41,18.086,0.3,18.086,0,18.086,5,18.086,0.04,,,,,,,
18.093,190.41,18.093,0.3,18.093,0,18.093,5,18.093,0.04,,,,,,,
18.1,190.41,18.1,0.3,18.1,0,18.1,5,18.1,0.04,,,,,,,
18.107,190.41,18.107,0.3,18.107,0,18.107,5,18.107,0.04,,,,,,,
18.114,190.41,18.114,0.3,18.114,0,18.114,5,18.114,0.04,,,,,,,
18.121,190.41,18.121,0.3,18.121,0,18.121,5,18.121,0.04,,,,,,,
18.128,190.41,18.128,0.3,18.128,0,18.128,5,18.128,0.04,,,,,,,
18.135,190.41,18.135,0.3,18.135,0,18.135,5,18.135,0.04,,,,,,,
18.142,190.41,18.142,0.3,18.142,0,18.142,5,18.142,0.04,,,,,,,
18.149,190.41,18.149,0.3,18.149,0,18.149,5,18.149,0.04,,,,,,,
18.156,190.41,18.156,0.3,18.156,0,18.156,5,18.156,0.04,,,,,,,
18.163,190.41,18.163,0.3,18.163,0,18.163,5,18.163,0.04,,,,,,,
18.17,190.41,18.17,0.3,18.17,0,18.17,5,18.17,0.04,,,,,,,
18.177,190.41,18.177,0.3,18.177,0,18.177,5,18.177,0.04,,,,,,,
18.184,190.41,18.184,0.3,18.184,0,18.184,5,18.184,0.04,,,,,,,
18.191,190.41,18.191,0.3,18.191,0,18.191,5,18.191,0.04,,,,,,,
18.198,190.41,18.198,0.3,18.198,0,18.198,5,18.198,0.04,,,,,,,
18.205,190.41,18.205,0.3,18.205,0,18.205,5,18.205,0.04,,,,,,,
18.212,190.41,18.212,0.3,18.212,0,18.212,5,18.212,0.04,,,,,,,
18.219,190.41,18.219,0.3,18.219,0,18.219,5,18.219,0.04,,,,,,,
18.226,190.41,18.226,0.3,18.226,0,18.226,5,18.226,0.04,,,,,,,
18.233,190.41,18.233,0.3,18.233,0,18.233,5,18.233,0.04,,,,,,,
18.24,190.41,18.24,0.3,18.24,0,18.24,5,18.24,0.04,,,,,,,
18.247,190.41,18.247,0.3,18.247,0,18.247,5,18.247,0.04,,,,,,,
18.254,190.41,18.254,0.3,18.254,0,18.254,5,18.254,0.04,,,,,,,
18.261,190.41,18.261,0.3,18.261,0,18.261,5,18.261,0.04,,,,,,,
18.268,190.41,18.268,0.3,18.268,0,18.268,5,18.268,0.04,,,,,,,
18.275,190.41,18.275,0.3,18.275,0,18.275,5,18.275,0.04,,,,,,,
18.282,190.41,18.282,0.3,18.282,0,18.282,5,18.282,0.04,,,,,,,
18.289,190.41,18.289,0.3,18.289,0,18.289,5,18.289,0.04,,,,,,,
18.296,190.41,18.296,0.3,18.296,0,18.296,5,18.296,0.04,,,,,,,
18.303,190.41,18.303,0.3,18.303,0,18.303,5,18.303,0.04,,,,,,,
18.31,190.41,18.31,0.3,18.31,0,18.31,5,18.31,0.04,,,,,,,
18.317,190.41,18.317,0.3,18.317,0,18.317,5,18.317,0.04,,,,,,,
18.324,190.41,18.324,0.3,18.324,0,18.324,5,18.324,0.04,,,,,,,
18.331,190.41,18.331,0.3,18.331,0,18.331,5,18.331,0.04,,,,,,,
18.338,190.41,18.338,0.3,18.338,0,18.338,5,18.338,0.04,,,,,,,
18.345,190.41,18.345,0.3,18.345,0,18.345,5,18.345,0.04,,,,,,,
18.352,190.41,18.352,0.3,18.352,0,18.352,5,18.352,0.04,,,,,,,
18.359,190.41,18.359,0.3,18.359,0,18.359,5,18.359,0.04,,,,,,,
18.366,190.41,18.366,0.3,18.366,0,18.366,5,18.366,0.04,,,,,,,
18.373,190.41,18.373,0.3,18.373,0,18.373,5,18.373,0.04,,,,,,,
18.38,190.41,18.38,0.3,18.38,0,18.38,5,18.38,0.04,,,,,,,
18.387,190.41,18.387,0.3,18.387,0,18.387,5,18.387,0.04,,,,,,,
18.394,190.41,18.394,0.3,18.394,0,18.394,5,18.394,0.04,,,,,,,
18.401,190.4075,18.401,0.3,18.401,0,18.401,5,18.401,0.04,,,,,,,
18.408,190.4033,18.408,0.3,18.408,0,18.408,5,18.408,0.04,,,,,,,
18.415,190.4,18.415,0.3,18.415,0,18.415,5,18.415,0.04,,,,,,,
18.422,190.4,18.422,0.3,18.422,0,18.422,5,18.422,0.04,,,,,,,
18.429,190.4,18.429,0.3,18.429,0,18.429,5,18.429,0.04,,,,,,,
18.436,190.4,18.436,0.3,18.436,0,18.436,5,18.436,0.04,,,,,,,
18.443,190.4,18.443,0.3,18.443,0,18.443,5,18.443,0.04,,,,,,,
18.45,190.4,18.45,0.3,18.45,0,18.45,5,18.45,0.04,,,,,,,
18.457,190.4,18.457,0.3,18.457,0,18.457,5,18.457,0.04,,,,,,,
18.464,190.4,18.464,0.3,18.464,0,18.464,5,18.464,0.04,,,,,,,
18.471,190.4,18.471,0.3,18.471,0,18.471,5,18.471,0.04,,,,,,,
18.478,190.4,18.478,0.3,18.478,0,18.478,5,18.478,0.04,,,,,,,
18.485,190.4,18.485,0.3,18.485,0,18.485,5,18.485,0.04,,,,,,,
18.492,190.4,18.492,0.3,18.492,0,18.492,5,18.492,0.04,,,,,,,
18.499,190.4,18.499,0.3,18.499,0,18.499,5,18.499,0.04,,,,,,,
18.506,190.4,18.506,0.3,18.506,0,18.506,5,18.506,0.04,,,,,,,
18.513,190.4,18.513,0.3,18.513,0,18.513,5,18.513,0.04,,,,,,,
18.52,190.4,18.52,0.3,18.52,0,18.52,5,18.52,0.04,,,,,,,
18.527,190.4,18.527,0.3,18.527,0,18.527,5,18.527,0.04,,,,,,,
18.534,190.4022,18.534,0.3,18.534,0,18.534,5,18.534,0.04,,,,,,,
18.541,190.4064,18.541,0.3,18.541,0,18.541,5,18.541,0.04,,,,,,,
18.548,190.41,18.548,0.3,18.548,0,18.548,5,18.548,0.04,,,,,,,
18.555,190.41,18.555,0.3,18.555,0,18.555,5,18.555,0.04,,,,,,,
18.562,190.41,18.562,0.3,18.562,0,18.562,5,18.562,0.04,,,,,,,
18.568,190.41,18.568,0.3,18.568,0,18.568,5,18.568,0.04,,,,,,,
18.575,190.41,18.575,0.3,18.575,0,18.575,5,18.575,0.04,,,,,,,
18.582,190.4116,18.582,0.3,18.582,0,18.582,5,18.582,0.04,,,,,,,
18.589,190.4158,18.589,0.3,18.589,0,18.589,5,18.589,0.04,,,,,,,
18.596,190.42,18.596,0.3,18.596,0,18.596,5,18.596,0.04,,,,,,,
18.603,190.4242,18.603,0.3,18.603,0,18.603,5,18.603,0.04,,,,,,,
18.61,190.4284,18.61,0.3,18.61,0,18.61,5,18.61,0.04,,,,,,,
18.617,190.43,18.617,0.3,18.617,0,18.617,5,18.617,0.04,,,,,,,
18.624,190.43,18.624,0.3,18.624,0,18.624,5,18.624,0.04,,,,,,,
18.631,190.43,18.631,0.3,18.631,0,18.631,5,18.631,0.04,,,,,,,
18.638,190.43,18.638,0.3,18.638,0,18.638,5,18.638,0.04,,,,,,,
18.645,190.43,18.645,0.3,18.645,0,18.645,5,18.645,0.04,,,,,,,
18.652,190.43,18.652,0.3,18.652,0,18.652,5,18.652,0.04,,,,,,,
18.659,190.43,18.659,0.3,18.659,0,18.659,5,18.659,0.04,,,,,,,
18.666,190.43,18.666,0.3,18.666,0,18.666,5,18.666,0.04,,,,,,,
18.673,190.43,18.673,0.3,18.673,0,18.673,5,18.673,0.04,,,,,,,
18.68,190.43,18.68,0.3,18.68,0,18.68,5,18.68,0.04,,,,,,,
18.687,190.43,18.687,0.3,18.687,0,18.687,5,18.687,0.04,,,,,,,
18.694,190.43,18.694,0.3,18.694,0,18.694,5,18.694,0.04,,,,,,,
18.701,190.43,18.701,0.3,18.701,0,18.701,5,18.701,0.04,,,,,,,
18.708,190.43,18.708,0.3,18.708,0,18.708,5,18.708,0.04,,,,,,,
18.715,190.43,18.715,0.3,18.715,0,18.715,5,18.715,0.04,,,,,,,
18.722,190.43,18.722,0.3,18.722,0,18.722,5,18.722,0.04,,,,,,,
18.729,190.43,18.729,0.3,18.729,0,18.729,5,18.729,0.04,,,,,,,
18.736,190.43,18.736,0.3,18.736,0,18.736,5,18.736,0.04,,,,,,,
18.743,190.43,18.743,0.3,18.743,0,18.743,5,18.743,0.04,,,,,,,
18.75,190.43,18.75,0.3,18.75,0,18.75,5,18.75,0.04,,,,,,,
18.757,190.43,18.757,0.3,18.757,0,18.757,5,18.757,0.04,,,,,,,
18.764,190.43,18.764,0.3,18.764,0,18.764,5,18.764,0.04,,,,,,,
18.771,190.43,18.771,0.3,18.771,0,18.771,5,18.771,0.04,,,,,,,
18.778,190.43,18.778,0.3,18.778,0,18.778,5,18.778,0.04,,,,,,,
18.785,190.43,18.785,0.3,18.785,0,18.785,5,18.785,0.04,,,,,,,
18.792,190.43,18.792,0.3,18.792,0,18.792,5,18.792,0.04,,,,,,,
18.799,190.43,18.799,0.3,18.799,0,18.799,5,18.799,0.04,,,,,,,
18.806,190.43,18.806,0.3,18.806,0,18.806,5,18.806,0.04,,,,,,,
18.813,190.43,18.813,0.3,18.813,0,18.813,5,18.813,0.04,,,,,,,
18.82,190.43,18.82,0.3,18.82,0,18.82,5,18.82,0.04,,,,,,,
18.827,190.43,18.827,0.3,18.827,0,18.827,5,18.827,0.04,,,,,,,
18.834,190.43,18.834,0.3,18.834,0,18.834,5,18.834,0.04,,,,,,,
18.841,190.43,18.841,0.3,18.841,0,18.841,5,18.841,0.04,,,,,,,
18.848,190.43,18.848,0.3,18.848,0,18.848,5,18.848,0.04,,,,,,,
18.855,190.43,18.855,0.3,18.855,0,18.855,5,18.855,0.04,,,,,,,
18.862,190.43,18.862,0.3,18.862,0,18.862,5,18.862,0.04,,,,,,,
18.869,190.43,18.869,0.3,18.869,0,18.869,5,18.869,0.04,,,,,,,
18.876,190.43,18.876,0.3,18.876,0,18.876,5,18.876,0.04,,,,,,,
18.883,190.43,18.883,0.3,18.883,0,18.883,5,18.883,0.04,,,,,,,
18.89,190.43,18.89,0.3,18.89,0,18.89,5,18.89,0.04,,,,,,,
18.897,190.43,18.897,0.3,18.897,0,18.897,5,18.897,0.04,,,,,,,
18.904,190.43,18.904,0.3,18.904,0,18.904,5,18.904,0.04,,,,,,,
18.911,190.43,18.911,0.3,18.911,0,18.911,5,18.911,0.04,,,,,,,
18.918,190.433,18.918,0.3,18.918,0,18.918,5,18.918,0.04,,,,,,,
18.925,190.4372,18.925,0.3,18.925,0,18.925,5,18.925,0.04,,,,,,,
18.932,190.44,18.932,0.3,18.932,0,18.932,5,18.932,0.04,,,,,,,
18.939,190.44,18.939,0.3,18.939,0,18.939,5,18.939,0.04,,,,,,,
18.946,190.44,18.946,0.3,18.946,0,18.946,5,18.946,0.04,,,,,,,
18.953,190.44,18.953,0.3,18.953,0,18.953,5,18.953,0.04,,,,,,,
18.96,190.44,18.96,0.3,18.96,0,18.96,5,18.96,0.04,,,,,,,
18.967,190.44,18.967,0.3,18.967,0,18.967,5,18.967,0.04,,,,,,,
18.974,190.44,18.974,0.3,18.974,0,18.974,5,18.974,0.04,,,,,,,
18.981,190.4408,18.981,0.3,18.981,0,18.981,5,18.981,0.04,,,,,,,
18.988,190.445,18.988,0.3,18.988,0,18.988,5,18.988,0.04,,,,,,,
18.995,190.4492,18.995,0.3,18.995,0,18.995,5,18.995,0.04,,,,,,,
19.002,190.45,19.002,0.3,19.002,0,19.002,5,19.002,0.04,,,,,,,
19.009,190.45,19.009,0.3,19.009,0,19.009,5,19.009,0.04,,,,,,,
19.016,190.45,19.016,0.3,19.016,0,19.016,5,19.016,0.04,,,,,,,
19.023,190.45,19.023,0.3,19.023,0,19.023,5,19.023,0.04,,,,,,,
19.03,190.4501,19.03,0.3,19.03,0,19.03,5,19.03,0.04,,,,,,,
19.037,190.4544,19.037,0.3,19.037,0,19.037,5,19.037,0.04,,,,,,,
19.044,190.4586,19.044,0.3,19.044,0,19.044,5,19.044,0.04,,,,,,,
19.051,190.46,19.051,0.3,19.051,0,19.051,5,19.051,0.04,,,,,,,
19.058,190.46,19.058,0.3,19.058,0,19.058,5,19.058,0.04,,,,,,,
19.065,190.46,19.065,0.3,19.065,0,19.065,5,19.065,0.04,,,,,,,
19.072,190.46,19.072,0.3,19.072,0,19.072,5,19.072,0.04,,,,,,,
19.079,190.46,19.079,0.3,19.079,0,19.079,5,19.079,0.04,,,,,,,
19.086,190.46,19.086,0.3,19.086,0,19.086,5,19.086,0.04,,,,,,,
19.093,190.46,19.093,0.3,19.093,0,19.093,5,19.093,0.04,,,,,,,
19.1,190.4622,19.1,0.3,19.1,0,19.1,5,19.1,0.04,,,,,,,
19.107,190.4663,19.107,0.3,19.107,0,19.107,5,19.107,0.04,,,,,,,
19.114,190.47,19.114,0.3,19.114,0,19.114,5,19.114,0.04,,,,,,,
19.121,190.47,19.121,0.3,19.121,0,19.121,5,19.121,0.04,,,,,,,
19.128,190.47,19.128,0.3,19.128,0,19.128,5,19.128,0.04,,,,,,,
19.135,190.47,19.135,0.3,19.135,0,19.135,5,19.135,0.04,,,,,,,
19.142,190.47,19.142,0.3,19.142,0,19.142,5,19.142,0.04,,,,,,,
19.149,190.47,19.149,0.3,19.149,0,19.149,5,19.149,0.04,,,,,,,
19.156,190.47,19.156,0.3,19.156,0,19.156,5,19.156,0.04,,,,,,,
19.163,190.47,19.163,0.3,19.163,0,19.163,5,19.163,0.04,,,,,,,
19.17,190.47,19.17,0.3,19.17,0,19.17,5,19.17,0.04,,,,,,,
19.177,190.47,19.177,0.3,19.177,0,19.177,5,19.177,0.04,,,,,,,
19.184,190.47,19.184,0.3,19.184,0,19.184,5,19.184,0.04,,,,,,,
19.191,190.47,19.191,0.3,19.191,0,19.191,5,19.191,0.04,,,,,,,
19.198,190.47,19.198,0.3,19.198,0,19.198,5,19.198,0.04,,,,,,,
19.205,190.47,19.205,0.3,19.205,0,19.205,5,19.205,0.04,,,,,,,
19.212,190.47,19.212,0.3,19.212,0,19.212,5,19.212,0.04,,,,,,,
19.219,190.47,19.219,0.3,19.219,0,19.219,5,19.219,0.04,,,,,,,
19.226,190.47,19.226,0.3,19.226,0,19.226,5,19.226,0.04,,,,,,,
19.233,190.47,19.233,0.3,19.233,0,19.233,5,19.233,0.04,,,,,,,
19.24,190.47,19.24,0.3,19.24,0,19.24,5,19.24,0.04,,,,,,,
19.247,190.47,19.247,0.3,19.247,0,19.247,5,19.247,0.04,,,,,,,
19.254,190.47,19.254,0.3,19.254,0,19.254,5,19.254,0.04,,,,,,,
19.261,190.47,19.261,0.3,19.261,0,19.261,5,19.261,0.04,,,,,,,
19.268,190.47,19.268,0.3,19.268,0,19.268,5,19.268,0.04,,,,,,,
19.275,190.47,19.275,0.3,19.275,0,19.275,5,19.275,0.04,,,,,,,
19.282,190.47,19.282,0.3,19.282,0,19.282,5,19.282,0.04,,,,,,,
19.289,190.47,19.289,0.3,19.289,0,19.289,5,19.289,0.04,,,,,,,
19.296,190.47,19.296,0.3,19.296,0,19.296,5,19.296,0.04,,,,,,,
19.303,190.47,19.303,0.3,19.303,0,19.303,5,19.303,0.04,,,,,,,
19.31,190.47,19.31,0.3,19.31,0,19.31,5,19.31,0.04,,,,,,,
19.317,190.47,19.317,0.3,19.317,0,19.317,5,19.317,0.04,,,,,,,
19.324,190.47,19.324,0.3,19.324,0,19.324,5,19.324,0.04,,,,,,,
19.331,190.47,19.331,0.3,19.331,0,19.331,5,19.331,0.04,,,,,,,
19.338,190.47,19.338,0.3,19.338,0,19.338,5,19.338,0.04,,,,,,,
19.345,190.47,19.345,0.3,19.345,0,19.345,5,19.345,0.04,,,,,,,
19.352,190.47,19.352,0.3,19.352,0,19.352,5,19.352,0.04,,,,,,,
19.359,190.47,19.359,0.3,19.359,0,19.359,5,19.359,0.04,,,,,,,
19.366,190.47,19.366,0.3,19.366,0,19.366,5,19.366,0.04,,,,,,,
19.373,190.47,19.373,0.3,19.373,0,19.373,5,19.373,0.04,,,,,,,
19.38,190.47,19.38,0.3,19.38,0,19.38,5,19.38,0.04,,,,,,,
19.387,190.47,19.387,0.3,19.387,0,19.387,5,19.387,0.04,,,,,,,
19.394,190.47,19.394,0.3,19.394,0,19.394,5,19.394,0.04,,,,,,,
19.401,190.47,19.401,0.3,19.401,0,19.401,5,19.401,0.04,,,,,,,
19.408,190.47,19.408,0.3,19.408,0,19.408,5,19.408,0.04,,,,,,,
19.415,190.47,19.415,0.3,19.415,0,19.415,5,19.415,0.04,,,,,,,
19.422,190.47,19.422,0.3,19.422,0,19.422,5,19.422,0.04,,,,,,,
19.429,190.47,19.429,0.3,19.429,0,19.429,5,19.429,0.04,,,,,,,
19.436,190.4735,19.436,0.3,19.436,0,19.436,5,19.436,0.04,,,,,,,
19.443,190.4778,19.443,0.3,19.443,0,19.443,5,19.443,0.04,,,,,,,
19.45,190.48,19.45,0.3,19.45,0,19.45,5,19.45,0.04,,,,,,,
19.457,190.48,19.457,0.3,19.457,0,19.457,5,19.457,0.04,,,,,,,
19.464,190.48,19.464,0.3,19.464,0,19.464,5,19.464,0.04,,,,,,,
19.471,190.48,19.471,0.3,19.471,0,19.471,5,19.471,0.04,,,,,,,
19.478,190.48,19.478,0.3,19.478,0,19.478,5,19.478,0.04,,,,,,,
19.485,190.48,19.485,0.3,19.485,0,19.485,5,19.485,0.04,,,,,,,
19.492,190.48,19.492,0.3,19.492,0,19.492,5,19.492,0.04,,,,,,,
19.499,190.48,19.499,0.3,19.499,0,19.499,5,19.499,0.04,,,,,,,
19.506,190.48,19.506,0.3,19.506,0,19.506,5,19.506,0.04,,,,,,,
19.513,190.48,19.513,0.3,19.513,0,19.513,5,19.513,0.04,,,,,,,
19.52,190.48,19.52,0.3,19.52,0,19.52,5,19.52,0.04,,,,,,,
19.527,190.48,19.527,0.3,19.527,0,19.527,5,19.527,0.04,,,,,,,
19.534,190.48,19.534,0.3,19.534,0,19.534,5,19.534,0.04,,,,,,,
19.541,190.48,19.541,0.3,19.541,0,19.541,5,19.541,0.04,,,,,,,
19.548,190.48,19.548,0.3,19.548,0,19.548,5,19.548,0.04,,,,,,,
19.555,190.48,19.555,0.3,19.555,0,19.555,5,19.555,0.04,,,,,,,
19.562,190.48,19.562,0.3,19.562,0,19.562,5,19.562,0.04,,,,,,,
19.569,190.48,19.569,0.3,19.569,0,19.569,5,19.569,0.04,,,,,,,
19.576,190.48,19.576,0.3,19.576,0,19.576,5,19.576,0.04,,,,,,,
19.583,190.48,19.583,0.3,19.583,0,19.583,5,19.583,0.04,,,,,,,
19.59,190.48,19.59,0.3,19.59,0,19.59,5,19.59,0.04,,,,,,,
19.597,190.48,19.597,0.3,19.597,0,19.597,5,19.597,0.04,,,,,,,
19.604,190.48,19.604,0.3,19.604,0,19.604,5,19.604,0.04,,,,,,,
19.611,190.48,19.611,0.3,19.611,0,19.611,5,19.611,0.04,,,,,,,
19.618,190.4774,19.618,0.3,19.618,0,19.618,5,19.618,0.04,,,,,,,
19.625,190.4732,19.625,0.3,19.625,0,19.625,5,19.625,0.04,,,,,,,
19.632,190.469,19.632,0.3,19.632,0,19.632,5,19.632,0.04,,,,,,,
19.639,190.4648,19.639,0.3,19.639,0,19.639,5,19.639,0.04,,,,,,,
19.646,190.4606,19.646,0.3,19.646,0,19.646,5,19.646,0.04,,,,,,,
19.653,190.46,19.653,0.3,19.653,0,19.653,5,19.653,0.04,,,,,,,
19.66,190.46,19.66,0.3,19.66,0,19.66,5,19.66,0.04,,,,,,,
19.667,190.46,19.667,0.3,19.667,0,19.667,5,19.667,0.04,,,,,,,
19.674,190.46,19.674,0.3,19.674,0,19.674,5,19.674,0.04,,,,,,,
19.681,190.46,19.681,0.3,19.681,0,19.681,5,19.681,0.04,,,,,,,
19.688,190.46,19.688,0.3,19.688,0,19.688,5,19.688,0.04,,,,,,,
19.695,190.46,19.695,0.3,19.695,0,19.695,5,19.695,0.04,,,,,,,
19.702,190.46,19.702,0.3,19.702,0,19.702,5,19.702,0.04,,,,,,,
19.709,190.46,19.709,0.3,19.709,0,19.709,5,19.709,0.04,,,,,,,
19.716,190.46,19.716,0.3,19.716,0,19.716,5,19.716,0.04,,,,,,,
19.723,190.46,19.723,0.3,19.723,0,19.723,5,19.723,0.04,,,,,,,
19.73,190.46,19.73,0.3,19.73,0,19.73,5,19.73,0.04,,,,,,,
19.737,190.46,19.737,0.3,19.737,0,19.737,5,19.737,0.04,,,,,,,
19.744,190.46,19.744,0.3,19.744,0,19.744,5,19.744,0.04,,,,,,,
19.751,190.4624,19.751,0.3,19.751,0,19.751,5,19.751,0.04,,,,,,,
19.758,190.4666,19.758,0.3,19.758,0,19.758,5,19.758,0.04,,,,,,,
19.765,190.47,19.765,0.3,19.765,0,19.765,5,19.765,0.04,,,,,,,
19.772,190.47,19.772,0.3,19.772,0,19.772,5,19.772,0.04,,,,,,,
19.779,190.47,19.779,0.3,19.779,0,19.779,5,19.779,0.04,,,,,,,
19.785,190.47,19.785,0.3,19.785,0,19.785,5,19.785,0.04,,,,,,,
19.792,190.47,19.792,0.3,19.792,0,19.792,5,19.792,0.04,,,,,,,
19.799,190.47,19.799,0.3,19.799,0,19.799,5,19.799,0.04,,,,,,,
19.806,190.47,19.806,0.3,19.806,0,19.806,5,19.806,0.04,,,,,,,
19.813,190.47,19.813,0.3,19.813,0,19.813,5,19.813,0.04,,,,,,,
19.82,190.47,19.82,0.3,19.82,0,19.82,5,19.82,0.04,,,,,,,
19.827,190.47,19.827,0.3,19.827,0,19.827,5,19.827,0.04,,,,,,,
19.834,190.47,19.834,0.3,19.834,0,19.834,5,19.834,0.04,,,,,,,
19.841,190.47,19.841,0.3,19.841,0,19.841,5,19.841,0.04,,,,,,,
19.848,190.47,19.848,0.3,19.848,0,19.848,5,19.848,0.04,,,,,,,
19.855,190.47,19.855,0.3,19.855,0,19.855,5,19.855,0.04,,,,,,,
19.862,190.47,19.862,0.3,19.862,0,19.862,5,19.862,0.04,,,,,,,
19.869,190.47,19.869,0.3,19.869,0,19.869,5,19.869,0.04,,,,,,,
19.876,190.47,19.876,0.3,19.876,0,19.876,5,19.876,0.04,,,,,,,
19.883,190.4721,19.883,0.3,19.883,0,19.883,5,19.883,0.04,,,,,,,
19.89,190.4763,19.89,0.3,19.89,0,19.89,5,19.89,0.04,,,,,,,
19.897,190.48,19.897,0.3,19.897,0,19.897,5,19.897,0.04,,,,,,,
19.904,190.48,19.904,0.3,19.904,0,19.904,5,19.904,0.04,,,,,,,
19.911,190.48,19.911,0.3,19.911,0,19.911,5,19.911,0.04,,,,,,,
19.918,190.48,19.918,0.3,19.918,0,19.918,5,19.918,0.04,,,,,,,
19.925,190.48,19.925,0.3,19.925,0,19.925,5,19.925,0.04,,,,,,,
19.932,190.48,19.932,0.3,19.932,0,19.932,5,19.932,0.04,,,,,,,
19.939,190.48,19.939,0.3,19.939,0,19.939,5,19.939,0.04,,,,,,,
19.946,190.48,19.946,0.3,19.946,0,19.946,5,19.946,0.04,,,,,,,
19.953,190.48,19.953,0.3,19.953,0,19.953,5,19.953,0.04,,,,,,,
19.96,190.48,19.96,0.3,19.96,0,19.96,5,19.96,0.04,,,,,,,
19.967,190.48,19.967,0.3,19.967,0,19.967,5,19.967,0.04,,,,,,,
19.974,190.48,19.974,0.3,19.974,0,19.974,5,19.974,0.04,,,,,,,
19.981,190.48,19.981,0.3,19.981,0,19.981,5,19.981,0.04,,,,,,,
19.988,190.48,19.988,0.3,19.988,0,19.988,5,19.988,0.04,,,,,,,
19.995,190.48,19.995,0.3,19.995,0,19.995,5,19.995,0.04,,,,,,,
20.002,190.48,20.002,0.3,20.002,0,20.002,5,20.002,0.04,,,,,,,
20.009,190.48,20.009,0.3,20.009,0,20.009,5,20.009,0.04,,,,,,,
20.016,190.48,20.016,0.3,20.016,0,20.016,5,20.016,0.04,,,,,,,
20.023,190.48,20.023,0.3,20.023,0,20.023,5,20.023,0.04,,,,,,,
20.03,190.48,20.03,0.3,20.03,0,20.03,5,20.03,0.04,,,,,,,
20.037,190.48,20.037,0.3,20.037,0,20.037,5,20.037,0.04,,,,,,,
20.044,190.48,20.044,0.3,20.044,0,20.044,5,20.044,0.04,,,,,,,
20.051,190.48,20.051,0.3,20.051,0,20.051,5,20.051,0.04281864,,,,,,,
20.058,190.48,20.058,0.3,20.058,0,20.058,5,20.058,0.04700663,,,,,,,
20.065,190.4788,20.065,0.3,20.065,0,20.065,5,20.065,0.05,,,,,,,
20.072,190.4746,20.072,0.3,20.072,0,20.072,5,20.072,0.05,,,,,,,
20.079,190.4704,20.079,0.3,20.079,0,20.079,5,20.079,0.05,,,,,,,
20.086,190.47,20.086,0.3,20.086,0,20.086,5,20.086,0.05,,,,,,,
20.093,190.47,20.093,0.3,20.093,0,20.093,5,20.093,0.05,,,,,,,
20.1,190.47,20.1,0.3,20.1,0,20.1,5,20.1,0.05,,,,,,,
20.107,190.47,20.107,0.3,20.107,0,20.107,5,20.107,0.05,,,,,,,
20.114,190.4694,20.114,0.3,20.114,0,20.114,5,20.114,0.05,,,,,,,
20.121,190.4653,20.121,0.3,20.121,0,20.121,5,20.121,0.05,,,,,,,
20.128,190.4611,20.128,0.3,20.128,0,20.128,5,20.128,0.05,,,,,,,
20.135,190.46,20.135,0.3,20.135,0,20.135,5,20.135,0.05,,,,,,,
20.142,190.46,20.142,0.3,20.142,0,20.142,5,20.142,0.05,,,,,,,
20.149,190.4584,20.149,0.3,20.149,0,20.149,5,20.149,0.05,,,,,,,
20.156,190.4543,20.156,0.3,20.156,0,20.156,5,20.156,0.05,,,,,,,
20.163,190.4501,20.163,0.3,20.163,0,20.163,5,20.163,0.05,,,,,,,
20.17,190.45,20.17,0.3,20.17,0,20.17,5,20.17,0.05,,,,,,,
20.177,190.45,20.177,0.3,20.177,0,20.177,5,20.177,0.05,,,,,,,
20.184,190.45,20.184,0.3,20.184,0,20.184,5,20.184,0.05,,,,,,,
20.191,190.45,20.191,0.3,20.191,0,20.191,5,20.191,0.05,,,,,,,
20.198,190.4509,20.198,0.3,20.198,0,20.198,5,20.198,0.05,,,,,,,
20.205,190.4551,20.205,0.3,20.205,0,20.205,5,20.205,0.05,,,,,,,
20.212,190.4593,20.212,0.3,20.212,0,20.212,5,20.212,0.05,,,,,,,
20.219,190.46,20.219,0.3,20.219,0,20.219,5,20.219,0.04649686,,,,,,,
20.226,190.46,20.226,0.3,20.226,0,20.226,5,20.226,0.04230839,,,,,,,
20.233,190.46,20.233,0.3,20.233,0,20.233,5,20.233,0.04,,,,,,,
20.24,190.46,20.24,0.3,20.24,0,20.24,5,20.24,0.04,,,,,,,
20.247,190.46,20.247,0.3,20.247,0,20.247,5,20.247,0.04,,,,,,,
20.254,190.46,20.254,0.3,20.254,0,20.254,5,20.254,0.04,,,,,,,
20.261,190.46,20.261,0.3,20.261,0,20.261,5,20.261,0.04,,,,,,,
20.268,190.46,20.268,0.3,20.268,0,20.268,5,20.268,0.04,,,,,,,
20.275,190.46,20.275,0.3,20.275,0,20.275,5,20.275,0.04,,,,,,,
20.282,190.46,20.282,0.3,20.282,0,20.282,5,20.282,0.04,,,,,,,
20.289,190.46,20.289,0.3,20.289,0,20.289,5,20.289,0.04,,,,,,,
20.296,190.46,20.296,0.3,20.296,0,20.296,5,20.296,0.04,,,,,,,
20.303,190.46,20.303,0.3,20.303,0,20.303,5,20.303,0.04,,,,,,,
20.31,190.46,20.31,0.3,20.31,0,20.31,5,20.31,0.04,,,,,,,
20.317,190.46,20.317,0.3,20.317,0,20.317,5,20.317,0.04,,,,,,,
20.324,190.46,20.324,0.3,20.324,0,20.324,5,20.324,0.04,,,,,,,
20.331,190.46,20.331,0.3,20.331,0,20.331,5,20.331,0.04,,,,,,,
20.338,190.46,20.338,0.3,20.338,0,20.338,5,20.338,0.04,,,,,,,
20.345,190.46,20.345,0.3,20.345,0,20.345,5,20.345,0.04,,,,,,,
20.352,190.46,20.352,0.3,20.352,0,20.352,5,20.352,0.04,,,,,,,
20.359,190.46,20.359,0.3,20.359,0,20.359,5,20.359,0.04,,,,,,,
20.366,190.46,20.366,0.3,20.366,0,20.366,5,20.366,0.04,,,,,,,
20.373,190.46,20.373,0.3,20.373,0,20.373,5,20.373,0.04,,,,,,,
20.38,190.46,20.38,0.3,20.38,0,20.38,5,20.38,0.04,,,,,,,
20.387,190.46,20.387,0.3,20.387,0,20.387,5,20.387,0.04,,,,,,,
20.394,190.46,20.394,0.3,20.394,0,20.394,5,20.394,0.04,,,,,,,
20.401,190.46,20.401,0.3,20.401,0,20.401,5,20.401,0.04,,,,,,,
20.408,190.46,20.408,0.3,20.408,0,20.408,5,20.408,0.04,,,,,,,
20.415,190.46,20.415,0.3,20.415,0,20.415,5,20.415,0.04,,,,,,,
20.422,190.46,20.422,0.3,20.422,0,20.422,5,20.422,0.04,,,,,,,
20.429,190.46,20.429,0.3,20.429,0,20.429,5,20.429,0.04,,,,,,,
20.436,190.46,20.436,0.3,20.436,0,20.436,5,20.436,0.04,,,,,,,
20.443,190.46,20.443,0.3,20.443,0,20.443,5,20.443,0.04,,,,,,,
20.45,190.46,20.45,0.3,20.45,0,20.45,5,20.45,0.04,,,,,,,
20.457,190.46,20.457,0.3,20.457,0,20.457,5,20.457,0.04,,,,,,,
20.464,190.46,20.464,0.3,20.464,0,20.464,5,20.464,0.04,,,,,,,
20.471,190.46,20.471,0.3,20.471,0,20.471,5,20.471,0.04,,,,,,,
20.478,190.46,20.478,0.3,20.478,0,20.478,5,20.478,0.04,,,,,,,
20.485,190.46,20.485,0.3,20.485,0,20.485,5,20.485,0.04,,,,,,,
20.492,190.46,20.492,0.3,20.492,0,20.492,5,20.492,0.04,,,,,,,
20.499,190.46,20.499,0.3,20.499,0,20.499,5,20.499,0.04,,,,,,,
20.506,190.46,20.506,0.3,20.506,0,20.506,5,20.506,0.04,,,,,,,
20.513,190.46,20.513,0.3,20.513,0,20.513,5,20.513,0.04,,,,,,,
20.52,190.46,20.52,0.3,20.52,0,20.52,5,20.52,0.04,,,,,,,
20.527,190.46,20.527,0.3,20.527,0,20.527,5,20.527,0.04,,,,,,,
20.534,190.46,20.534,0.3,20.534,0,20.534,5,20.534,0.04,,,,,,,
20.541,190.46,20.541,0.3,20.541,0,20.541,5,20.541,0.04,,,,,,,
20.548,190.46,20.548,0.3,20.548,0,20.548,5,20.548,0.04,,,,,,,
20.555,190.46,20.555,0.3,20.555,0,20.555,5,20.555,0.04,,,,,,,
20.562,190.46,20.562,0.3,20.562,0,20.562,5,20.562,0.04,,,,,,,
20.569,190.46,20.569,0.3,20.569,0,20.569,5,20.569,0.04,,,,,,,
20.576,190.46,20.576,0.3,20.576,0,20.576,5,20.576,0.04,,,,,,,
20.583,190.46,20.583,0.3,20.583,0,20.583,5,20.583,0.04,,,,,,,
20.59,190.46,20.59,0.3,20.59,0,20.59,5,20.59,0.04,,,,,,,
20.597,190.46,20.597,0.3,20.597,0,20.597,5,20.597,0.04,,,,,,,
20.604,190.46,20.604,0.3,20.604,0,20.604,5,20.604,0.04,,,,,,,
20.611,190.46,20.611,0.3,20.611,0,20.611,5,20.611,0.04,,,,,,,
20.618,190.46,20.618,0.3,20.618,0,20.618,5,20.618,0.04,,,,,,,
20.625,190.46,20.625,0.3,20.625,0,20.625,5,20.625,0.04,,,,,,,
20.632,190.46,20.632,0.3,20.632,0,20.632,5,20.632,0.04,,,,,,,
20.639,190.46,20.639,0.3,20.639,0,20.639,5,20.639,0.04,,,,,,,
20.646,190.46,20.646,0.3,20.646,0,20.646,5,20.646,0.04,,,,,,,
20.653,190.46,20.653,0.3,20.653,0,20.653,5,20.653,0.04,,,,,,,
20.66,190.46,20.66,0.3,20.66,0,20.66,5,20.66,0.04,,,,,,,
20.667,190.46,20.667,0.3,20.667,0,20.667,5,20.667,0.04,,,,,,,
20.674,190.46,20.674,0.3,20.674,0,20.674,5,20.674,0.04,,,,,,,
20.681,190.46,20.681,0.3,20.681,0,20.681,5,20.681,0.04,,,,,,,
20.688,190.46,20.688,0.3,20.688,0,20.688,5,20.688,0.04,,,,,,,
20.695,190.46,20.695,0.3,20.695,0,20.695,5,20.695,0.04,,,,,,,
20.702,190.4631,20.702,0.3,20.702,0,20.702,5,20.702,0.04,,,,,,,
20.709,190.4672,20.709,0.3,20.709,0,20.709,5,20.709,0.04,,,,,,,
20.716,190.4714,20.716,0.3,20.716,0,20.716,5,20.716,0.0414289,,,,,,,
20.723,190.4756,20.723,0.3,20.723,0,20.723,5,20.723,0.04561736,,,,,,,
20.73,190.4798,20.73,0.3,20.73,0,20.73,5,20.73,0.04980468,,,,,,,
20.737,190.48,20.737,0.3,20.737,0,20.737,5,20.737,0.05,,,,,,,
20.744,190.48,20.744,0.3,20.744,0,20.744,5,20.744,0.05,,,,,,,
20.751,190.48,20.751,0.3,20.751,0,20.751,5,20.751,0.05,,,,,,,
20.758,190.48,20.758,0.3,20.758,0,20.758,5,20.758,0.05,,,,,,,
20.765,190.48,20.765,0.3,20.765,0,20.765,5,20.765,0.05,,,,,,,
20.772,190.48,20.772,0.3,20.772,0,20.772,5,20.772,0.05,,,,,,,
20.779,190.48,20.779,0.3,20.779,0,20.779,5,20.779,0.05,,,,,,,
20.786,190.4834,20.786,0.3,20.786,0,20.786,5,20.786,0.05,,,,,,,
20.793,190.4876,20.793,0.3,20.793,0,20.793,5,20.793,0.05,,,,,,,
20.8,190.49,20.8,0.3,20.8,0,20.8,5,20.8,0.05,,,,,,,
20.807,190.49,20.807,0.3,20.807,0,20.807,5,20.807,0.05,,,,,,,
20.814,190.49,20.814,0.3,20.814,0,20.814,5,20.814,0.05,,,,,,,
20.821,190.49,20.821,0.3,20.821,0,20.821,5,20.821,0.05,,,,,,,
20.828,190.49,20.828,0.3,20.828,0,20.828,5,20.828,0.05,,,,,,,
20.835,190.4872,20.835,0.3,20.835,0,20.835,5,20.835,0.05,,,,,,,
20.842,190.483,20.842,0.3,20.842,0,20.842,5,20.842,0.05,,,,,,,
20.849,190.48,20.849,0.3,20.849,0,20.849,5,20.849,0.05,,,,,,,
20.856,190.48,20.856,0.3,20.856,0,20.856,5,20.856,0.05,,,,,,,
20.863,190.48,20.863,0.3,20.863,0,20.863,5,20.863,0.05,,,,,,,
20.87,190.48,20.87,0.3,20.87,0,20.87,5,20.87,0.05,,,,,,,
20.877,190.48,20.877,0.3,20.877,0,20.877,5,20.877,0.05,,,,,,,
20.884,190.48,20.884,0.3,20.884,0,20.884,5,20.884,0.05,,,,,,,
20.891,190.48,20.891,0.3,20.891,0,20.891,5,20.891,0.05,,,,,,,
20.898,190.4805,20.898,0.3,20.898,0,20.898,5,20.898,0.05,,,,,,,
20.905,190.4847,20.905,0.3,20.905,0,20.905,5,20.905,0.05,,,,,,,
20.912,190.4889,20.912,0.3,20.912,0,20.912,5,20.912,0.05,,,,,,,
20.919,190.49,20.919,0.3,20.919,0,20.919,5,20.919,0.05,,,,,,,
20.926,190.49,20.926,0.3,20.926,0,20.926,5,20.926,0.05,,,,,,,
20.933,190.49,20.933,0.3,20.933,0,20.933,5,20.933,0.05,,,,,,,
20.94,190.49,20.94,0.3,20.94,0,20.94,5,20.94,0.05,,,,,,,
20.947,190.49,20.947,0.3,20.947,0,20.947,5,20.947,0.05,,,,,,,
20.954,190.49,20.954,0.3,20.954,0,20.954,5,20.954,0.05,,,,,,,
20.961,190.49,20.961,0.3,20.961,0,20.961,5,20.961,0.05,,,,,,,
20.968,190.4875,20.968,0.3,20.968,0,20.968,5,20.968,0.04751457,,,,,,,
20.975,190.4833,20.975,0.3,20.975,0,20.975,5,20.975,0.0433261,,,,,,,
20.982,190.48,20.982,0.3,20.982,0,20.982,5,20.982,0.04,,,,,,,
20.989,190.48,20.989,0.3,20.989,0,20.989,5,20.989,0.04,,,,,,,
20.996,190.48,20.996,0.3,20.996,0,20.996,5,20.996,0.04,,,,,,,
21.002,190.48,21.002,0.3,21.002,0,21.002,5,21.002,0.04,,,,,,,
21.009,190.48,21.009,0.3,21.009,0,21.009,5,21.009,0.04,,,,,,,
21.016,190.48,21.016,0.3,21.016,0,21.016,5,21.016,0.04,,,,,,,
21.023,190.48,21.023,0.3,21.023,0,21.023,5,21.023,0.04,,,,,,,
21.03,190.4802,21.03,0.3,21.03,0,21.03,5,21.03,0.04,,,,,,,
21.037,190.4845,21.037,0.3,21.037,0,21.037,5,21.037,0.04,,,,,,,
21.044,190.4887,21.044,0.3,21.044,0,21.044,5,21.044,0.04,,,,,,,
21.051,190.49,21.051,0.3,21.051,0,21.051,5,21.051,0.04,,,,,,,
21.058,190.49,21.058,0.3,21.058,0,21.058,5,21.058,0.04,,,,,,,
21.065,190.49,21.065,0.3,21.065,0,21.065,5,21.065,0.04,,,,,,,
21.072,190.49,21.072,0.3,21.072,0,21.072,5,21.072,0.04,,,,,,,
21.079,190.49,21.079,0.3,21.079,0,21.079,5,21.079,0.04,,,,,,,
21.086,190.49,21.086,0.3,21.086,0,21.086,5,21.086,0.04,,,,,,,
21.093,190.49,21.093,0.3,21.093,0,21.093,5,21.093,0.04,,,,,,,
21.1,190.49,21.1,0.3,21.1,0,21.1,5,21.1,0.04,,,,,,,
21.107,190.49,21.107,0.3,21.107,0,21.107,5,21.107,0.04,,,,,,,
21.114,190.4906,21.114,0.3,21.114,0,21.114,5,21.114,0.04,,,,,,,
21.121,190.4948,21.121,0.3,21.121,0,21.121,5,21.121,0.04,,,,,,,
21.128,190.499,21.128,0.3,21.128,0,21.128,5,21.128,0.04,,,,,,,
21.135,190.5,21.135,0.3,21.135,0,21.135,5,21.135,0.04,,,,,,,
21.142,190.5,21.142,0.3,21.142,0,21.142,5,21.142,0.04,,,,,,,
21.149,190.5,21.149,0.3,21.149,0,21.149,5,21.149,0.04,,,,,,,
21.156,190.5,21.156,0.3,21.156,0,21.156,5,21.156,0.04,,,,,,,
21.163,190.5,21.163,0.3,21.163,0,21.163,5,21.163,0.04,,,,,,,
21.17,190.5,21.17,0.3,21.17,0,21.17,5,21.17,0.04,,,,,,,
21.177,190.5,21.177,0.3,21.177,0,21.177,5,21.177,0.04,,,,,,,
21.184,190.5,21.184,0.3,21.184,0,21.184,5,21.184,0.04,,,,,,,
21.191,190.5,21.191,0.3,21.191,0,21.191,5,21.191,0.04,,,,,,,
21.198,190.5,21.198,0.3,21.198,0,21.198,5,21.198,0.04,,,,,,,
21.205,190.5,21.205,0.3,21.205,0,21.205,5,21.205,0.04,,,,,,,
21.212,190.5,21.212,0.3,21.212,0,21.212,5,21.212,0.04,,,,,,,
21.219,190.5,21.219,0.3,21.219,0,21.219,5,21.219,0.04,,,,,,,
21.226,190.5,21.226,0.3,21.226,0,21.226,5,21.226,0.04,,,,,,,
21.233,190.5,21.233,0.3,21.233,0,21.233,5,21.233,0.04,,,,,,,
21.24,190.5,21.24,0.3,21.24,0,21.24,5,21.24,0.04,,,,,,,
21.247,190.5,21.247,0.3,21.247,0,21.247,5,21.247,0.04,,,,,,,
21.254,190.5,21.254,0.3,21.254,0,21.254,5,21.254,0.04,,,,,,,
21.261,190.5,21.261,0.3,21.261,0,21.261,5,21.261,0.04,,,,,,,
21.268,190.5,21.268,0.3,21.268,0,21.268,5,21.268,0.04,,,,,,,
21.275,190.5,21.275,0.3,21.275,0,21.275,5,21.275,0.04,,,,,,,
21.282,190.4987,21.282,0.3,21.282,0,21.282,5,21.282,0.04,,,,,,,
21.289,190.4945,21.289,0.3,21.289,0,21.289,5,21.289,0.04,,,,,,,
21.296,190.4903,21.296,0.3,21.296,0,21.296,5,21.296,0.04,,,,,,,
21.303,190.49,21.303,0.3,21.303,0,21.303,5,21.303,0.04,,,,,,,
21.31,190.49,21.31,0.3,21.31,0,21.31,5,21.31,0.04,,,,,,,
21.317,190.49,21.317,0.3,21.317,0,21.317,5,21.317,0.04,,,,,,,
21.324,190.49,21.324,0.3,21.324,0,21.324,5,21.324,0.04,,,,,,,
21.331,190.49,21.331,0.3,21.331,0,21.331,5,21.331,0.04,,,,,,,
21.338,190.49,21.338,0.3,21.338,0,21.338,5,21.338,0.04,,,,,,,
21.345,190.49,21.345,0.3,21.345,0,21.345,5,21.345,0.04,,,,,,,
21.352,190.4933,21.352,0.3,21.352,0,21.352,5,21.352,0.04,,,,,,,
21.359,190.4975,21.359,0.3,21.359,0,21.359,5,21.359,0.04,,,,,,,
21.366,190.5,21.366,0.3,21.366,0,21.366,5,21.366,0.04,,,,,,,
21.373,190.5,21.373,0.3,21.373,0,21.373,5,21.373,0.04,,,,,,,
21.38,190.5,21.38,0.3,21.38,0,21.38,5,21.38,0.04,,,,,,,
21.387,190.5,21.387,0.3,21.387,0,21.387,5,21.387,0.04,,,,,,,
21.394,190.5,21.394,0.3,21.394,0,21.394,5,21.394,0.04,,,,,,,
21.401,190.5,21.401,0.3,21.401,0,21.401,5,21.401,0.04,,,,,,,
21.408,190.5,21.408,0.3,21.408,0,21.408,5,21.408,0.04,,,,,,,
21.415,190.5,21.415,0.3,21.415,0,21.415,5,21.415,0.04,,,,,,,
21.422,190.5,21.422,0.3,21.422,0,21.422,5,21.422,0.04,,,,,,,
21.429,190.5,21.429,0.3,21.429,0,21.429,5,21.429,0.04,,,,,,,
21.436,190.5,21.436,0.3,21.436,0,21.436,5,21.436,0.04,,,,,,,
21.443,190.5,21.443,0.3,21.443,0,21.443,5,21.443,0.04,,,,,,,
21.45,190.5,21.45,0.3,21.45,0,21.45,5,21.45,0.04,,,,,,,
21.457,190.5,21.457,0.3,21.457,0,21.457,5,21.457,0.04,,,,,,,
21.464,190.5004,21.464,0.3,21.464,0,21.464,5,21.464,0.04,,,,,,,
21.471,190.5046,21.471,0.3,21.471,0,21.471,5,21.471,0.04,,,,,,,
21.478,190.5088,21.478,0.3,21.478,0,21.478,5,21.478,0.04,,,,,,,
21.485,190.51,21.485,0.3,21.485,0,21.485,5,21.485,0.04,,,,,,,
21.492,190.51,21.492,0.3,21.492,0,21.492,5,21.492,0.04,,,,,,,
21.499,190.51,21.499,0.3,21.499,0,21.499,5,21.499,0.04,,,,,,,
21.506,190.51,21.506,0.3,21.506,0,21.506,5,21.506,0.04,,,,,,,
21.513,190.51,21.513,0.3,21.513,0,21.513,5,21.513,0.04,,,,,,,
21.52,190.51,21.52,0.3,21.52,0,21.52,5,21.52,0.04,,,,,,,
21.527,190.51,21.527,0.3,21.527,0,21.527,5,21.527,0.04,,,,,,,
21.534,190.51,21.534,0.3,21.534,0,21.534,5,21.534,0.04,,,,,,,
21.541,190.51,21.541,0.3,21.541,0,21.541,5,21.541,0.04,,,,,,,
21.548,190.51,21.548,0.3,21.548,0,21.548,5,21.548,0.04,,,,,,,
21.555,190.51,21.555,0.3,21.555,0,21.555,5,21.555,0.04,,,,,,,
21.562,190.51,21.562,0.3,21.562,0,21.562,5,21.562,0.04,,,,,,,
21.569,190.51,21.569,0.3,21.569,0,21.569,5,21.569,0.04,,,,,,,
21.576,190.51,21.576,0.3,21.576,0,21.576,5,21.576,0.04,,,,,,,
21.583,190.51,21.583,0.3,21.583,0,21.583,5,21.583,0.04,,,,,,,
21.59,190.51,21.59,0.3,21.59,0,21.59,5,21.59,0.04,,,,,,,
21.597,190.5101,21.597,0.3,21.597,0,21.597,5,21.597,0.04,,,,,,,
21.604,190.5143,21.604,0.3,21.604,0,21.604,5,21.604,0.04,,,,,,,
21.611,190.5185,21.611,0.3,21.611,0,21.611,5,21.611,0.04,,,,,,,
21.618,190.52,21.618,0.3,21.618,0,21.618,5,21.618,0.04,,,,,,,
21.625,190.52,21.625,0.3,21.625,0,21.625,5,21.625,0.04,,,,,,,
21.632,190.52,21.632,0.3,21.632,0,21.632,5,21.632,0.04115578,,,,,,,
21.639,190.52,21.639,0.3,21.639,0,21.639,5,21.639,0.04534262,,,,,,,
21.646,190.52,21.646,0.3,21.646,0,21.646,5,21.646,0.04953061,,,,,,,
21.653,190.52,21.653,0.3,21.653,0,21.653,5,21.653,0.05,,,,,,,
21.66,190.52,21.66,0.3,21.66,0,21.66,5,21.66,0.05,,,,,,,
21.667,190.52,21.667,0.3,21.667,0,21.667,5,21.667,0.05,,,,,,,
21.674,190.52,21.674,0.3,21.674,0,21.674,5,21.674,0.05,,,,,,,
21.681,190.52,21.681,0.3,21.681,0,21.681,5,21.681,0.05,,,,,,,
21.688,190.52,21.688,0.3,21.688,0,21.688,5,21.688,0.05,,,,,,,
21.695,190.52,21.695,0.3,21.695,0,21.695,5,21.695,0.05,,,,,,,
21.702,190.52,21.702,0.3,21.702,0,21.702,5,21.702,0.05,,,,,,,
21.709,190.52,21.709,0.3,21.709,0,21.709,5,21.709,0.05,,,,,,,
21.716,190.52,21.716,0.3,21.716,0,21.716,5,21.716,0.05,,,,,,,
21.723,190.52,21.723,0.3,21.723,0,21.723,5,21.723,0.05,,,,,,,
21.73,190.52,21.73,0.3,21.73,0,21.73,5,21.73,0.05,,,,,,,
21.737,190.52,21.737,0.3,21.737,0,21.737,5,21.737,0.05,,,,,,,
21.744,190.52,21.744,0.3,21.744,0,21.744,5,21.744,0.05,,,,,,,
21.751,190.52,21.751,0.3,21.751,0,21.751,5,21.751,0.05,,,,,,,
21.758,190.52,21.758,0.3,21.758,0,21.758,5,21.758,0.05,,,,,,,
21.765,190.52,21.765,0.3,21.765,0,21.765,5,21.765,0.05,,,,,,,
21.772,190.52,21.772,0.3,21.772,0,21.772,5,21.772,0.05,,,,,,,
21.779,190.52,21.779,0.3,21.779,0,21.779,5,21.779,0.05,,,,,,,
21.786,190.52,21.786,0.3,21.786,0,21.786,5,21.786,0.05,,,,,,,
21.793,190.52,21.793,0.3,21.793,0,21.793,5,21.793,0.05,,,,,,,
21.8,190.5182,21.8,0.3,21.8,0,21.8,5,21.8,0.05,,,,,,,
21.807,190.514,21.807,0.3,21.807,0,21.807,5,21.807,0.05,,,,,,,
21.814,190.5098,21.814,0.3,21.814,0,21.814,5,21.814,0.05,,,,,,,
21.821,190.5056,21.821,0.3,21.821,0,21.821,5,21.821,0.05,,,,,,,
21.828,190.5014,21.828,0.3,21.828,0,21.828,5,21.828,0.05,,,,,,,
21.835,190.5,21.835,0.3,21.835,0,21.835,5,21.835,0.05,,,,,,,
21.842,190.5,21.842,0.3,21.842,0,21.842,5,21.842,0.05,,,,,,,
21.849,190.5012,21.849,0.3,21.849,0,21.849,5,21.849,0.05,,,,,,,
21.856,190.5054,21.856,0.3,21.856,0,21.856,5,21.856,0.05,,,,,,,
21.863,190.5096,21.863,0.3,21.863,0,21.863,5,21.863,0.05,,,,,,,
21.87,190.51,21.87,0.3,21.87,0,21.87,5,21.87,0.05,,,,,,,
21.877,190.51,21.877,0.3,21.877,0,21.877,5,21.877,0.05,,,,,,,
21.884,190.51,21.884,0.3,21.884,0,21.884,5,21.884,0.05,,,,,,,
21.891,190.51,21.891,0.3,21.891,0,21.891,5,21.891,0.05,,,,,,,
21.898,190.51,21.898,0.3,21.898,0,21.898,5,21.898,0.05,,,,,,,
21.905,190.51,21.905,0.3,21.905,0,21.905,5,21.905,0.05,,,,,,,
21.912,190.51,21.912,0.3,21.912,0,21.912,5,21.912,0.05,,,,,,,
21.919,190.51,21.919,0.3,21.919,0,21.919,5,21.919,0.05,,,,,,,
21.926,190.51,21.926,0.3,21.926,0,21.926,5,21.926,0.05,,,,,,,
21.933,190.5116,21.933,0.3,21.933,0,21.933,5,21.933,0.05,,,,,,,
21.94,190.5158,21.94,0.3,21.94,0,21.94,5,21.94,0.05,,,,,,,
21.947,190.52,21.947,0.3,21.947,0,21.947,5,21.947,0.05,,,,,,,
21.954,190.52,21.954,0.3,21.954,0,21.954,5,21.954,0.05,,,,,,,
21.961,190.52,21.961,0.3,21.961,0,21.961,5,21.961,0.05,,,,,,,
21.968,190.52,21.968,0.3,21.968,0,21.968,5,21.968,0.04746065,,,,,,,
21.975,190.52,21.975,0.3,21.975,0,21.975,5,21.975,0.0432483,,,,,,,
21.982,190.52,21.982,0.3,21.982,0,21.982,5,21.982,0.04,,,,,,,
21.989,190.52,21.989,0.3,21.989,0,21.989,5,21.989,0.04,,,,,,,
21.996,190.52,21.996,0.3,21.996,0,21.996,5,21.996,0.04,,,,,,,
22.003,190.52,22.003,0.3,22.003,0,22.003,5,22.003,0.04,,,,,,,
22.01,190.52,22.01,0.3,22.01,0,22.01,5,22.01,0.04,,,,,,,
22.017,190.52,22.017,0.3,22.017,0,22.017,5,22.017,0.04,,,,,,,
22.024,190.52,22.024,0.3,22.024,0,22.024,5,22.024,0.04,,,,,,,
22.031,190.52,22.031,0.3,22.031,0,22.031,5,22.031,0.04,,,,,,,
22.038,190.52,22.038,0.3,22.038,0,22.038,5,22.038,0.04,,,,,,,
22.045,190.52,22.045,0.3,22.045,0,22.045,5,22.045,0.04,,,,,,,
22.052,190.52,22.052,0.3,22.052,0,22.052,5,22.052,0.04,,,,,,,
22.059,190.52,22.059,0.3,22.059,0,22.059,5,22.059,0.04,,,,,,,
22.066,190.5187,22.066,0.3,22.066,0,22.066,5,22.066,0.04,,,,,,,
22.073,190.5145,22.073,0.3,22.073,0,22.073,5,22.073,0.04,,,,,,,
22.08,190.5103,22.08,0.3,22.08,0,22.08,5,22.08,0.04,,,,,,,
22.087,190.51,22.087,0.3,22.087,0,22.087,5,22.087,0.04,,,,,,,
22.094,190.51,22.094,0.3,22.094,0,22.094,5,22.094,0.04,,,,,,,
22.101,190.51,22.101,0.3,22.101,0,22.101,5,22.101,0.04,,,,,,,
22.108,190.51,22.108,0.3,22.108,0,22.108,5,22.108,0.04,,,,,,,
22.115,190.51,22.115,0.3,22.115,0,22.115,5,22.115,0.04,,,,,,,
22.122,190.51,22.122,0.3,22.122,0,22.122,5,22.122,0.04,,,,,,,
22.129,190.51,22.129,0.3,22.129,0,22.129,5,22.129,0.04,,,,,,,
22.136,190.51,22.136,0.3,22.136,0,22.136,5,22.136,0.04,,,,,,,
22.143,190.51,22.143,0.3,22.143,0,22.143,5,22.143,0.04,,,,,,,
22.15,190.51,22.15,0.3,22.15,0,22.15,5,22.15,0.04,,,,,,,
22.157,190.51,22.157,0.3,22.157,0,22.157,5,22.157,0.04,,,,,,,
22.164,190.51,22.164,0.3,22.164,0,22.164,5,22.164,0.04,,,,,,,
22.171,190.51,22.171,0.3,22.171,0,22.171,5,22.171,0.04,,,,,,,
22.178,190.51,22.178,0.3,22.178,0,22.178,5,22.178,0.04,,,,,,,
22.185,190.5074,22.185,0.3,22.185,0,22.185,5,22.185,0.04,,,,,,,
22.192,190.5032,22.192,0.3,22.192,0,22.192,5,22.192,0.04,,,,,,,
22.199,190.5,22.199,0.3,22.199,0,22.199,5,22.199,0.04,,,,,,,
22.206,190.5,22.206,0.3,22.206,0,22.206,5,22.206,0.04,,,,,,,
22.212,190.5,22.212,0.3,22.212,0,22.212,5,22.212,0.04,,,,,,,
22.219,190.5,22.219,0.3,22.219,0,22.219,5,22.219,0.04,,,,,,,
22.226,190.5,22.226,0.3,22.226,0,22.226,5,22.226,0.04,,,,,,,
22.233,190.5,22.233,0.3,22.233,0,22.233,5,22.233,0.04,,,,,,,
22.24,190.5,22.24,0.3,22.24,0,22.24,5,22.24,0.04,,,,,,,
22.247,190.5,22.247,0.3,22.247,0,22.247,5,22.247,0.04,,,,,,,
22.254,190.5,22.254,0.3,22.254,0,22.254,5,22.254,0.04,,,,,,,
22.261,190.5,22.261,0.3,22.261,0,22.261,5,22.261,0.04,,,,,,,
22.268,190.5,22.268,0.3,22.268,0,22.268,5,22.268,0.04,,,,,,,
22.275,190.5,22.275,0.3,22.275,0,22.275,5,22.275,0.04,,,,,,,
22.282,190.5,22.282,0.3,22.282,0,22.282,5,22.282,0.04,,,,,,,
22.289,190.5,22.289,0.3,22.289,0,22.289,5,22.289,0.04,,,,,,,
22.296,190.5,22.296,0.3,22.296,0,22.296,5,22.296,0.04,,,,,,,
22.303,190.5,22.303,0.3,22.303,0,22.303,5,22.303,0.04,,,,,,,
22.31,190.5,22.31,0.3,22.31,0,22.31,5,22.31,0.04,,,,,,,
22.317,190.5,22.317,0.3,22.317,0,22.317,5,22.317,0.04,,,,,,,
22.324,190.5,22.324,0.3,22.324,0,22.324,5,22.324,0.04,,,,,,,
22.331,190.5,22.331,0.3,22.331,0,22.331,5,22.331,0.04,,,,,,,
22.338,190.5,22.338,0.3,22.338,0,22.338,5,22.338,0.04,,,,,,,
22.345,190.5,22.345,0.3,22.345,0,22.345,5,22.345,0.04,,,,,,,
22.352,190.5,22.352,0.3,22.352,0,22.352,5,22.352,0.04,,,,,,,
22.359,190.5,22.359,0.3,22.359,0,22.359,5,22.359,0.04,,,,,,,
22.366,190.5,22.366,0.3,22.366,0,22.366,5,22.366,0.04,,,,,,,
22.373,190.5,22.373,0.3,22.373,0,22.373,5,22.373,0.04,,,,,,,
22.38,190.4999,22.38,0.3,22.38,0,22.38,5,22.38,0.04,,,,,,,
22.387,190.4957,22.387,0.3,22.387,0,22.387,5,22.387,0.04,,,,,,,
22.394,190.4915,22.394,0.3,22.394,0,22.394,5,22.394,0.04,,,,,,,
22.401,190.49,22.401,0.3,22.401,0,22.401,5,22.401,0.04,,,,,,,
22.408,190.49,22.408,0.3,22.408,0,22.408,5,22.408,0.04,,,,,,,
22.415,190.49,22.415,0.3,22.415,0,22.415,5,22.415,0.04,,,,,,,
22.422,190.49,22.422,0.3,22.422,0,22.422,5,22.422,0.04,,,,,,,
22.429,190.49,22.429,0.3,22.429,0,22.429,5,22.429,0.04,,,,,,,
22.436,190.49,22.436,0.3,22.436,0,22.436,5,22.436,0.04,,,,,,,
22.443,190.49,22.443,0.3,22.443,0,22.443,5,22.443,0.04,,,,,,,
22.45,190.49,22.45,0.3,22.45,0,22.45,5,22.45,0.04,,,,,,,
22.457,190.49,22.457,0.3,22.457,0,22.457,5,22.457,0.04,,,,,,,
22.464,190.49,22.464,0.3,22.464,0,22.464,5,22.464,0.04,,,,,,,
22.471,190.49,22.471,0.3,22.471,0,22.471,5,22.471,0.04,,,,,,,
22.478,190.49,22.478,0.3,22.478,0,22.478,5,22.478,0.04,,,,,,,
22.485,190.49,22.485,0.3,22.485,0,22.485,5,22.485,0.04,,,,,,,
22.492,190.49,22.492,0.3,22.492,0,22.492,5,22.492,0.04,,,,,,,
22.499,190.4915,22.499,0.3,22.499,0,22.499,5,22.499,0.04,,,,,,,
22.506,190.4956,22.506,0.3,22.506,0,22.506,5,22.506,0.04,,,,,,,
22.513,190.4998,22.513,0.3,22.513,0,22.513,5,22.513,0.04,,,,,,,
22.52,190.5,22.52,0.3,22.52,0,22.52,5,22.52,0.04,,,,,,,
22.527,190.5,22.527,0.3,22.527,0,22.527,5,22.527,0.04,,,,,,,
22.534,190.5,22.534,0.3,22.534,0,22.534,5,22.534,0.04,,,,,,,
22.541,190.5,22.541,0.3,22.541,0,22.541,5,22.541,0.04,,,,,,,
22.548,190.5,22.548,0.3,22.548,0,22.548,5,22.548,0.04,,,,,,,
22.555,190.5,22.555,0.3,22.555,0,22.555,5,22.555,0.04,,,,,,,
22.562,190.5,22.562,0.3,22.562,0,22.562,5,22.562,0.04,,,,,,,
22.569,190.5,22.569,0.3,22.569,0,22.569,5,22.569,0.04,,,,,,,
22.576,190.5,22.576,0.3,22.576,0,22.576,5,22.576,0.04,,,,,,,
22.583,190.5,22.583,0.3,22.583,0,22.583,5,22.583,0.04,,,,,,,
22.59,190.5,22.59,0.3,22.59,0,22.59,5,22.59,0.04,,,,,,,
22.597,190.5,22.597,0.3,22.597,0,22.597,5,22.597,0.04,,,,,,,
22.604,190.5,22.604,0.3,22.604,0,22.604,5,22.604,0.04,,,,,,,
22.611,190.5,22.611,0.3,22.611,0,22.611,5,22.611,0.04,,,,,,,
22.618,190.5,22.618,0.3,22.618,0,22.618,5,22.618,0.04,,,,,,,
22.625,190.5,22.625,0.3,22.625,0,22.625,5,22.625,0.04,,,,,,,
22.632,190.5012,22.632,0.3,22.632,0,22.632,5,22.632,0.04,,,,,,,
22.639,190.5054,22.639,0.3,22.639,0,22.639,5,22.639,0.04,,,,,,,
22.646,190.5096,22.646,0.3,22.646,0,22.646,5,22.646,0.04,,,,,,,
22.653,190.51,22.653,0.3,22.653,0,22.653,5,22.653,0.04,,,,,,,
22.66,190.51,22.66,0.3,22.66,0,22.66,5,22.66,0.04,,,,,,,
22.667,190.51,22.667,0.3,22.667,0,22.667,5,22.667,0.04,,,,,,,
22.674,190.51,22.674,0.3,22.674,0,22.674,5,22.674,0.04,,,,,,,
22.681,190.51,22.681,0.3,22.681,0,22.681,5,22.681,0.04,,,,,,,
22.688,190.51,22.688,0.3,22.688,0,22.688,5,22.688,0.04,,,,,,,
22.695,190.51,22.695,0.3,22.695,0,22.695,5,22.695,0.04,,,,,,,
22.702,190.5069,22.702,0.3,22.702,0,22.702,5,22.702,0.04,,,,,,,
22.709,190.5027,22.709,0.3,22.709,0,22.709,5,22.709,0.04,,,,,,,
22.716,190.5,22.716,0.3,22.716,0,22.716,5,22.716,0.04,,,,,,,
22.723,190.5,22.723,0.3,22.723,0,22.723,5,22.723,0.04,,,,,,,
22.73,190.5,22.73,0.3,22.73,0,22.73,5,22.73,0.04,,,,,,,
22.737,190.5,22.737,0.3,22.737,0,22.737,5,22.737,0.04,,,,,,,
22.744,190.5,22.744,0.3,22.744,0,22.744,5,22.744,0.04,,,,,,,
22.751,190.5,22.751,0.3,22.751,0,22.751,5,22.751,0.04,,,,,,,
22.758,190.5,22.758,0.3,22.758,0,22.758,5,22.758,0.04,,,,,,,
22.765,190.5,22.765,0.3,22.765,0,22.765,5,22.765,0.04,,,,,,,
22.772,190.5,22.772,0.3,22.772,0,22.772,5,22.772,0.04,,,,,,,
22.779,190.5,22.779,0.3,22.779,0,22.779,5,22.779,0.04,,,,,,,
22.786,190.5,22.786,0.3,22.786,0,22.786,5,22.786,0.04,,,,,,,
22.793,190.5,22.793,0.3,22.793,0,22.793,5,22.793,0.04,,,,,,,
22.8,190.5,22.8,0.3,22.8,0,22.8,5,22.8,0.04187757,,,,,,,
22.807,190.5,22.807,0.3,22.807,0,22.807,5,22.807,0.04606555,,,,,,,
22.814,190.5,22.814,0.3,22.814,0,22.814,5,22.814,0.05,,,,,,,
22.821,190.5,22.821,0.3,22.821,0,22.821,5,22.821,0.05,,,,,,,
22.828,190.5,22.828,0.3,22.828,0,22.828,5,22.828,0.05,,,,,,,
22.835,190.5,22.835,0.3,22.835,0,22.835,5,22.835,0.05,,,,,,,
22.842,190.5,22.842,0.3,22.842,0,22.842,5,22.842,0.05,,,,,,,
22.849,190.5,22.849,0.3,22.849,0,22.849,5,22.849,0.05,,,,,,,
22.856,190.5,22.856,0.3,22.856,0,22.856,5,22.856,0.05,,,,,,,
22.863,190.5,22.863,0.3,22.863,0,22.863,5,22.863,0.05,,,,,,,
22.87,190.5,22.87,0.3,22.87,0,22.87,5,22.87,0.05,,,,,,,
22.877,190.5,22.877,0.3,22.877,0,22.877,5,22.877,0.05,,,,,,,
22.884,190.5022,22.884,0.3,22.884,0,22.884,5,22.884,0.05,,,,,,,
22.891,190.5064,22.891,0.3,22.891,0,22.891,5,22.891,0.05,,,,,,,
22.898,190.51,22.898,0.3,22.898,0,22.898,5,22.898,0.05,,,,,,,
22.905,190.51,22.905,0.3,22.905,0,22.905,5,22.905,0.05,,,,,,,
22.912,190.51,22.912,0.3,22.912,0,22.912,5,22.912,0.05,,,,,,,
22.919,190.51,22.919,0.3,22.919,0,22.919,5,22.919,0.05,,,,,,,
22.926,190.51,22.926,0.3,22.926,0,22.926,5,22.926,0.05,,,,,,,
22.933,190.51,22.933,0.3,22.933,0,22.933,5,22.933,0.05,,,,,,,
22.94,190.51,22.94,0.3,22.94,0,22.94,5,22.94,0.05,,,,,,,
22.947,190.51,22.947,0.3,22.947,0,22.947,5,22.947,0.05,,,,,,,
22.954,190.5058,22.954,0.3,22.954,0,22.954,5,22.954,0.05,,,,,,,
22.961,190.5016,22.961,0.3,22.961,0,22.961,5,22.961,0.05,,,,,,,
22.968,190.5,22.968,0.3,22.968,0,22.968,5,22.968,0.05,,,,,,,
22.975,190.5,22.975,0.3,22.975,0,22.975,5,22.975,0.05,,,,,,,
22.982,190.5,22.982,0.3,22.982,0,22.982,5,22.982,0.05,,,,,,,
22.989,190.5,22.989,0.3,22.989,0,22.989,5,22.989,0.05,,,,,,,
22.996,190.5,22.996,0.3,22.996,0,22.996,5,22.996,0.05,,,,,,,
23.003,190.5,23.003,0.3,23.003,0,23.003,5,23.003,0.05,,,,,,,
23.01,190.5,23.01,0.3,23.01,0,23.01,5,23.01,0.05,,,,,,,
23.017,190.5,23.017,0.3,23.017,0,23.017,5,23.017,0.05,,,,,,,
23.024,190.5,23.024,0.3,23.024,0,23.024,5,23.024,0.05,,,,,,,
23.031,190.5,23.031,0.3,23.031,0,23.031,5,23.031,0.05,,,,,,,
23.038,190.5,23.038,0.3,23.038,0,23.038,5,23.038,0.05,,,,,,,
23.045,190.5,23.045,0.3,23.045,0,23.045,5,23.045,0.05,,,,,,,
23.052,190.5,23.052,0.3,23.052,0,23.052,5,23.052,0.05,,,,,,,
23.059,190.5,23.059,0.3,23.059,0,23.059,5,23.059,0.05,,,,,,,
23.066,190.5,23.066,0.3,23.066,0,23.066,5,23.066,0.05,,,,,,,
23.073,190.5,23.073,0.3,23.073,0,23.073,5,23.073,0.05,,,,,,,
23.08,190.5,23.08,0.3,23.08,0,23.08,5,23.08,0.05,,,,,,,
23.087,190.4961,23.087,0.3,23.087,0,23.087,5,23.087,0.05,,,,,,,
23.094,190.4919,23.094,0.3,23.094,0,23.094,5,23.094,0.05,,,,,,,
23.101,190.49,23.101,0.3,23.101,0,23.101,5,23.101,0.05,,,,,,,
23.108,190.49,23.108,0.3,23.108,0,23.108,5,23.108,0.05,,,,,,,
23.115,190.49,23.115,0.3,23.115,0,23.115,5,23.115,0.05,,,,,,,
23.122,190.49,23.122,0.3,23.122,0,23.122,5,23.122,0.05,,,,,,,
23.129,190.49,23.129,0.3,23.129,0,23.129,5,23.129,0.05,,,,,,,
23.136,190.49,23.136,0.3,23.136,0,23.136,5,23.136,0.0466937,,,,,,,
23.143,190.49,23.143,0.3,23.143,0,23.143,5,23.143,0.04250571,,,,,,,
23.15,190.4917,23.15,0.3,23.15,0,23.15,5,23.15,0.04,,,,,,,
23.157,190.4959,23.157,0.3,23.157,0,23.157,5,23.157,0.04,,,,,,,
23.164,190.5001,23.164,0.3,23.164,0,23.164,5,23.164,0.04,,,,,,,
23.171,190.5043,23.171,0.3,23.171,0,23.171,5,23.171,0.04,,,,,,,
23.178,190.5085,23.178,0.3,23.178,0,23.178,5,23.178,0.04,,,,,,,
23.185,190.51,23.185,0.3,23.185,0,23.185,5,23.185,0.04,,,,,,,
23.192,190.51,23.192,0.3,23.192,0,23.192,5,23.192,0.04,,,,,,,
23.199,190.51,23.199,0.3,23.199,0,23.199,5,23.199,0.04,,,,,,,
23.206,190.51,23.206,0.3,23.206,0,23.206,5,23.206,0.04,,,,,,,
23.213,190.51,23.213,0.3,23.213,0,23.213,5,23.213,0.04,,,,,,,
23.22,190.51,23.22,0.3,23.22,0,23.22,5,23.22,0.04,,,,,,,
23.227,190.51,23.227,0.3,23.227,0,23.227,5,23.227,0.04,,,,,,,
23.234,190.5079,23.234,0.3,23.234,0,23.234,5,23.234,0.04,,,,,,,
23.241,190.5038,23.241,0.3,23.241,0,23.241,5,23.241,0.04,,,,,,,
23.248,190.5,23.248,0.3,23.248,0,23.248,5,23.248,0.04,,,,,,,
23.255,190.5,23.255,0.3,23.255,0,23.255,5,23.255,0.04,,,,,,,
23.262,190.5,23.262,0.3,23.262,0,23.262,5,23.262,0.04,,,,,,,
23.269,190.503,23.269,0.3,23.269,0,23.269,5,23.269,0.04,,,,,,,
23.276,190.5072,23.276,0.3,23.276,0,23.276,5,23.276,0.04,,,,,,,
23.283,190.51,23.283,0.3,23.283,0,23.283,5,23.283,0.04,,,,,,,
23.29,190.51,23.29,0.3,23.29,0,23.29,5,23.29,0.04,,,,,,,
23.297,190.51,23.297,0.3,23.297,0,23.297,5,23.297,0.04,,,,,,,
23.304,190.51,23.304,0.3,23.304,0,23.304,5,23.304,0.04,,,,,,,
23.311,190.51,23.311,0.3,23.311,0,23.311,5,23.311,0.04,,,,,,,
23.318,190.51,23.318,0.3,23.318,0,23.318,5,23.318,0.04,,,,,,,
23.325,190.51,23.325,0.3,23.325,0,23.325,5,23.325,0.04,,,,,,,
23.332,190.51,23.332,0.3,23.332,0,23.332,5,23.332,0.04,,,,,,,
23.339,190.51,23.339,0.3,23.339,0,23.339,5,23.339,0.04,,,,,,,
23.346,190.51,23.346,0.3,23.346,0,23.346,5,23.346,0.04,,,,,,,
23.353,190.5134,23.353,0.3,23.353,0,23.353,5,23.353,0.04,,,,,,,
23.36,190.5175,23.36,0.3,23.36,0,23.36,5,23.36,0.04,,,,,,,
23.367,190.52,23.367,0.3,23.367,0,23.367,5,23.367,0.04,,,,,,,
23.374,190.52,23.374,0.3,23.374,0,23.374,5,23.374,0.04,,,,,,,
23.381,190.52,23.381,0.3,23.381,0,23.381,5,23.381,0.04,,,,,,,
23.388,190.52,23.388,0.3,23.388,0,23.388,5,23.388,0.04,,,,,,,
23.395,190.52,23.395,0.3,23.395,0,23.395,5,23.395,0.04,,,,,,,
23.402,190.5227,23.402,0.3,23.402,0,23.402,5,23.402,0.04,,,,,,,
23.409,190.5269,23.409,0.3,23.409,0,23.409,5,23.409,0.04,,,,,,,
23.416,190.53,23.416,0.3,23.416,0,23.416,5,23.416,0.04,,,,,,,
23.423,190.53,23.423,0.3,23.423,0,23.423,5,23.423,0.04,,,,,,,
23.429,190.53,23.429,0.3,23.429,0,23.429,5,23.429,0.04,,,,,,,
23.436,190.53,23.436,0.3,23.436,0,23.436,5,23.436,0.04,,,,,,,
23.443,190.53,23.443,0.3,23.443,0,23.443,5,23.443,0.04,,,,,,,
23.45,190.53,23.45,0.3,23.45,0,23.45,5,23.45,0.04,,,,,,,
23.457,190.53,23.457,0.3,23.457,0,23.457,5,23.457,0.04,,,,,,,
23.464,190.53,23.464,0.3,23.464,0,23.464,5,23.464,0.04,,,,,,,
23.471,190.53,23.471,0.3,23.471,0,23.471,5,23.471,0.04,,,,,,,
23.478,190.53,23.478,0.3,23.478,0,23.478,5,23.478,0.04,,,,,,,
23.485,190.53,23.485,0.3,23.485,0,23.485,5,23.485,0.04,,,,,,,
23.492,190.53,23.492,0.3,23.492,0,23.492,5,23.492,0.04,,,,,,,
23.499,190.53,23.499,0.3,23.499,0,23.499,5,23.499,0.04,,,,,,,
23.506,190.53,23.506,0.3,23.506,0,23.506,5,23.506,0.04,,,,,,,
23.513,190.53,23.513,0.3,23.513,0,23.513,5,23.513,0.04,,,,,,,
23.52,190.53,23.52,0.3,23.52,0,23.52,5,23.52,0.04,,,,,,,
23.527,190.53,23.527,0.3,23.527,0,23.527,5,23.527,0.04,,,,,,,
23.534,190.53,23.534,0.3,23.534,0,23.534,5,23.534,0.04,,,,,,,
23.541,190.53,23.541,0.3,23.541,0,23.541,5,23.541,0.04,,,,,,,
23.548,190.53,23.548,0.3,23.548,0,23.548,5,23.548,0.04,,,,,,,
23.555,190.53,23.555,0.3,23.555,0,23.555,5,23.555,0.04,,,,,,,
23.562,190.53,23.562,0.3,23.562,0,23.562,5,23.562,0.04,,,,,,,
23.569,190.53,23.569,0.3,23.569,0,23.569,5,23.569,0.04,,,,,,,
23.576,190.53,23.576,0.3,23.576,0,23.576,5,23.576,0.04,,,,,,,
23.583,190.53,23.583,0.3,23.583,0,23.583,5,23.583,0.04,,,,,,,
23.59,190.53,23.59,0.3,23.59,0,23.59,5,23.59,0.04,,,,,,,
23.597,190.5298,23.597,0.3,23.597,0,23.597,5,23.597,0.04,,,,,,,
23.604,190.5256,23.604,0.3,23.604,0,23.604,5,23.604,0.04,,,,,,,
23.611,190.5213,23.611,0.3,23.611,0,23.611,5,23.611,0.04,,,,,,,
23.618,190.52,23.618,0.3,23.618,0,23.618,5,23.618,0.04,,,,,,,
23.625,190.52,23.625,0.3,23.625,0,23.625,5,23.625,0.04,,,,,,,
23.632,190.52,23.632,0.3,23.632,0,23.632,5,23.632,0.04,,,,,,,
23.639,190.52,23.639,0.3,23.639,0,23.639,5,23.639,0.04,,,,,,,
23.646,190.52,23.646,0.3,23.646,0,23.646,5,23.646,0.04,,,,,,,
23.653,190.52,23.653,0.3,23.653,0,23.653,5,23.653,0.04,,,,,,,
23.66,190.52,23.66,0.3,23.66,0,23.66,5,23.66,0.04,,,,,,,
23.667,190.52,23.667,0.3,23.667,0,23.667,5,23.667,0.04,,,,,,,
23.674,190.52,23.674,0.3,23.674,0,23.674,5,23.674,0.04,,,,,,,
23.681,190.52,23.681,0.3,23.681,0,23.681,5,23.681,0.04,,,,,,,
23.688,190.52,23.688,0.3,23.688,0,23.688,5,23.688,0.04,,,,,,,
23.695,190.52,23.695,0.3,23.695,0,23.695,5,23.695,0.04,,,,,,,
23.702,190.52,23.702,0.3,23.702,0,23.702,5,23.702,0.04,,,,,,,
23.709,190.52,23.709,0.3,23.709,0,23.709,5,23.709,0.04,,,,,,,
23.716,190.52,23.716,0.3,23.716,0,23.716,5,23.716,0.04,,,,,,,
23.723,190.52,23.723,0.3,23.723,0,23.723,5,23.723,0.04,,,,,,,
23.73,190.52,23.73,0.3,23.73,0,23.73,5,23.73,0.04,,,,,,,
23.737,190.5158,23.737,0.3,23.737,0,23.737,5,23.737,0.04,,,,,,,
23.744,190.5116,23.744,0.3,23.744,0,23.744,5,23.744,0.04,,,,,,,
23.751,190.51,23.751,0.3,23.751,0,23.751,5,23.751,0.04,,,,,,,
23.758,190.51,23.758,0.3,23.758,0,23.758,5,23.758,0.04,,,,,,,
23.765,190.51,23.765,0.3,23.765,0,23.765,5,23.765,0.04,,,,,,,
23.772,190.51,23.772,0.3,23.772,0,23.772,5,23.772,0.04,,,,,,,
23.779,190.51,23.779,0.3,23.779,0,23.779,5,23.779,0.04,,,,,,,
23.786,190.51,23.786,0.3,23.786,0,23.786,5,23.786,0.04,,,,,,,
23.793,190.51,23.793,0.3,23.793,0,23.793,5,23.793,0.04,,,,,,,
23.8,190.51,23.8,0.3,23.8,0,23.8,5,23.8,0.04,,,,,,,
23.807,190.51,23.807,0.3,23.807,0,23.807,5,23.807,0.04,,,,,,,
23.814,190.51,23.814,0.3,23.814,0,23.814,5,23.814,0.04,,,,,,,
23.821,190.51,23.821,0.3,23.821,0,23.821,5,23.821,0.04,,,,,,,
23.828,190.51,23.828,0.3,23.828,0,23.828,5,23.828,0.04,,,,,,,
23.835,190.51,23.835,0.3,23.835,0,23.835,5,23.835,0.04,,,,,,,
23.842,190.51,23.842,0.3,23.842,0,23.842,5,23.842,0.04,,,,,,,
23.849,190.51,23.849,0.3,23.849,0,23.849,5,23.849,0.04,,,,,,,
23.856,190.51,23.856,0.3,23.856,0,23.856,5,23.856,0.04,,,,,,,
23.863,190.51,23.863,0.3,23.863,0,23.863,5,23.863,0.04,,,,,,,
23.87,190.51,23.87,0.3,23.87,0,23.87,5,23.87,0.04,,,,,,,
23.877,190.51,23.877,0.3,23.877,0,23.877,5,23.877,0.04,,,,,,,
23.884,190.51,23.884,0.3,23.884,0,23.884,5,23.884,0.04,,,,,,,
23.891,190.51,23.891,0.3,23.891,0,23.891,5,23.891,0.04,,,,,,,
23.898,190.51,23.898,0.3,23.898,0,23.898,5,23.898,0.04,,,,,,,
23.905,190.51,23.905,0.3,23.905,0,23.905,5,23.905,0.04,,,,,,,
23.912,190.51,23.912,0.3,23.912,0,23.912,5,23.912,0.04,,,,,,,
23.919,190.51,23.919,0.3,23.919,0,23.919,5,23.919,0.04,,,,,,,
23.926,190.51,23.926,0.3,23.926,0,23.926,5,23.926,0.04,,,,,,,
23.933,190.51,23.933,0.3,23.933,0,23.933,5,23.933,0.04,,,,,,,
23.94,190.51,23.94,0.3,23.94,0,23.94,5,23.94,0.04,,,,,,,
23.947,190.51,23.947,0.3,23.947,0,23.947,5,23.947,0.04,,,,,,,
23.954,190.51,23.954,0.3,23.954,0,23.954,5,23.954,0.04,,,,,,,
23.961,190.51,23.961,0.3,23.961,0,23.961,5,23.961,0.04,,,,,,,
23.968,190.51,23.968,0.3,23.968,0,23.968,5,23.968,0.04,,,,,,,
23.975,190.51,23.975,0.3,23.975,0,23.975,5,23.975,0.04,,,,,,,
23.982,190.51,23.982,0.3,23.982,0,23.982,5,23.982,0.04,,,,,,,
23.989,190.51,23.989,0.3,23.989,0,23.989,5,23.989,0.04,,,,,,,
23.996,190.51,23.996,0.3,23.996,0,23.996,5,23.996,0.04,,,,,,,
24.003,190.51,24.003,0.3,24.003,0,24.003,5,24.003,0.04,,,,,,,
24.01,190.51,24.01,0.3,24.01,0,24.01,5,24.01,0.04,,,,,,,
24.017,190.51,24.017,0.3,24.017,0,24.017,5,24.017,0.04,,,,,,,
24.024,190.51,24.024,0.3,24.024,0,24.024,5,24.024,0.04,,,,,,,
24.031,190.51,24.031,0.3,24.031,0,24.031,5,24.031,0.04,,,,,,,
24.038,190.51,24.038,0.3,24.038,0,24.038,5,24.038,0.04,,,,,,,
24.045,190.51,24.045,0.3,24.045,0,24.045,5,24.045,0.04,,,,,,,
24.052,190.513,24.052,0.3,24.052,0,24.052,5,24.052,0.04,,,,,,,
24.059,190.5172,24.059,0.3,24.059,0,24.059,5,24.059,0.04,,,,,,,
24.066,190.52,24.066,0.3,24.066,0,24.066,5,24.066,0.04,,,,,,,
24.073,190.52,24.073,0.3,24.073,0,24.073,5,24.073,0.04,,,,,,,
24.08,190.52,24.08,0.3,24.08,0,24.08,5,24.08,0.04,,,,,,,
24.087,190.52,24.087,0.3,24.087,0,24.087,5,24.087,0.04,,,,,,,
24.094,190.52,24.094,0.3,24.094,0,24.094,5,24.094,0.04,,,,,,,
24.101,190.52,24.101,0.3,24.101,0,24.101,5,24.101,0.04,,,,,,,
24.108,190.52,24.108,0.3,24.108,0,24.108,5,24.108,0.04,,,,,,,
24.115,190.52,24.115,0.3,24.115,0,24.115,5,24.115,0.04,,,,,,,
24.122,190.52,24.122,0.3,24.122,0,24.122,5,24.122,0.04,,,,,,,
24.129,190.52,24.129,0.3,24.129,0,24.129,5,24.129,0.04,,,,,,,
24.136,190.52,24.136,0.3,24.136,0,24.136,5,24.136,0.04,,,,,,,
24.143,190.52,24.143,0.3,24.143,0,24.143,5,24.143,0.04,,,,,,,
24.15,190.52,24.15,0.3,24.15,0,24.15,5,24.15,0.04,,,,,,,
24.157,190.52,24.157,0.3,24.157,0,24.157,5,24.157,0.04,,,,,,,
24.164,190.52,24.164,0.3,24.164,0,24.164,5,24.164,0.04,,,,,,,
24.171,190.52,24.171,0.3,24.171,0,24.171,5,24.171,0.04,,,,,,,
24.178,190.52,24.178,0.3,24.178,0,24.178,5,24.178,0.04,,,,,,,
24.185,190.52,24.185,0.3,24.185,0,24.185,5,24.185,0.04,,,,,,,
24.192,190.52,24.192,0.3,24.192,0,24.192,5,24.192,0.04,,,,,,,
24.199,190.52,24.199,0.3,24.199,0,24.199,5,24.199,0.04,,,,,,,
24.206,190.52,24.206,0.3,24.206,0,24.206,5,24.206,0.04,,,,,,,
24.213,190.52,24.213,0.3,24.213,0,24.213,5,24.213,0.04,,,,,,,
24.22,190.52,24.22,0.3,24.22,0,24.22,5,24.22,0.04,,,,,,,
24.227,190.52,24.227,0.3,24.227,0,24.227,5,24.227,0.04,,,,,,,
24.234,190.52,24.234,0.3,24.234,0,24.234,5,24.234,0.04,,,,,,,
24.241,190.52,24.241,0.3,24.241,0,24.241,5,24.241,0.04,,,,,,,
24.248,190.52,24.248,0.3,24.248,0,24.248,5,24.248,0.04,,,,,,,
24.255,190.52,24.255,0.3,24.255,0,24.255,5,24.255,0.04,,,,,,,
24.262,190.52,24.262,0.3,24.262,0,24.262,5,24.262,0.04,,,,,,,
24.269,190.52,24.269,0.3,24.269,0,24.269,5,24.269,0.04,,,,,,,
24.276,190.52,24.276,0.3,24.276,0,24.276,5,24.276,0.04,,,,,,,
24.283,190.52,24.283,0.3,24.283,0,24.283,5,24.283,0.04,,,,,,,
24.29,190.52,24.29,0.3,24.29,0,24.29,5,24.29,0.04,,,,,,,
24.297,190.52,24.297,0.3,24.297,0,24.297,5,24.297,0.04,,,,,,,
24.304,190.52,24.304,0.3,24.304,0,24.304,5,24.304,0.04,,,,,,,
24.311,190.52,24.311,0.3,24.311,0,24.311,5,24.311,0.04,,,,,,,
24.318,190.5225,24.318,0.3,24.318,0,24.318,5,24.318,0.04,,,,,,,
24.325,190.5267,24.325,0.3,24.325,0,24.325,5,24.325,0.04,,,,,,,
24.332,190.53,24.332,0.3,24.332,0,24.332,5,24.332,0.04,,,,,,,
24.339,190.53,24.339,0.3,24.339,0,24.339,5,24.339,0.04,,,,,,,
24.346,190.53,24.346,0.3,24.346,0,24.346,5,24.346,0.04,,,,,,,
24.353,190.53,24.353,0.3,24.353,0,24.353,5,24.353,0.04,,,,,,,
24.36,190.53,24.36,0.3,24.36,0,24.36,5,24.36,0.04,,,,,,,
24.367,190.53,24.367,0.3,24.367,0,24.367,5,24.367,0.04,,,,,,,
24.374,190.53,24.374,0.3,24.374,0,24.374,5,24.374,0.04,,,,,,,
24.381,190.5298,24.381,0.3,24.381,0,24.381,5,24.381,0.04,,,,,,,
24.388,190.5256,24.388,0.3,24.388,0,24.388,5,24.388,0.04,,,,,,,
24.395,190.5214,24.395,0.3,24.395,0,24.395,5,24.395,0.04,,,,,,,
24.402,190.52,24.402,0.3,24.402,0,24.402,5,24.402,0.04,,,,,,,
24.409,190.52,24.409,0.3,24.409,0,24.409,5,24.409,0.04,,,,,,,
24.416,190.52,24.416,0.3,24.416,0,24.416,5,24.416,0.04,,,,,,,
24.423,190.52,24.423,0.3,24.423,0,24.423,5,24.423,0.04,,,,,,,
24.43,190.52,24.43,0.3,24.43,0,24.43,5,24.43,0.04,,,,,,,
24.437,190.52,24.437,0.3,24.437,0,24.437,5,24.437,0.04,,,,,,,
24.444,190.52,24.444,0.3,24.444,0,24.444,5,24.444,0.04,,,,,,,
24.451,190.5178,24.451,0.3,24.451,0,24.451,5,24.451,0.04,,,,,,,
24.458,190.5136,24.458,0.3,24.458,0,24.458,5,24.458,0.04,,,,,,,
24.465,190.51,24.465,0.3,24.465,0,24.465,5,24.465,0.04,,,,,,,
24.472,190.51,24.472,0.3,24.472,0,24.472,5,24.472,0.04,,,,,,,
24.479,190.51,24.479,0.3,24.479,0,24.479,5,24.479,0.04,,,,,,,
24.486,190.51,24.486,0.3,24.486,0,24.486,5,24.486,0.04,,,,,,,
24.493,190.51,24.493,0.3,24.493,0,24.493,5,24.493,0.04,,,,,,,
24.5,190.5085,24.5,0.3,24.5,0,24.5,5,24.5,0.04,,,,,,,
24.507,190.5043,24.507,0.3,24.507,0,24.507,5,24.507,0.04,,,,,,,
24.514,190.5,24.514,0.3,24.514,0,24.514,5,24.514,0.04,,,,,,,
24.521,190.5,24.521,0.3,24.521,0,24.521,5,24.521,0.04,,,,,,,
24.528,190.5,24.528,0.3,24.528,0,24.528,5,24.528,0.04,,,,,,,
24.535,190.5,24.535,0.3,24.535,0,24.535,5,24.535,0.04,,,,,,,
24.542,190.5,24.542,0.3,24.542,0,24.542,5,24.542,0.04,,,,,,,
24.549,190.5,24.549,0.3,24.549,0,24.549,5,24.549,0.04090314,,,,,,,
24.556,190.5,24.556,0.3,24.556,0,24.556,5,24.556,0.04511663,,,,,,,
24.563,190.5,24.563,0.3,24.563,0,24.563,5,24.563,0.04933012,,,,,,,
24.57,190.5,24.57,0.3,24.57,0,24.57,5,24.57,0.05,,,,,,,
24.577,190.5,24.577,0.3,24.577,0,24.577,5,24.577,0.05,,,,,,,
24.584,190.5,24.584,0.3,24.584,0,24.584,5,24.584,0.05,,,,,,,
24.591,190.5,24.591,0.3,24.591,0,24.591,5,24.591,0.05,,,,,,,
24.598,190.5,24.598,0.3,24.598,0,24.598,5,24.598,0.05,,,,,,,
24.605,190.5,24.605,0.3,24.605,0,24.605,5,24.605,0.05,,,,,,,
24.612,190.5,24.612,0.3,24.612,0,24.612,5,24.612,0.05,,,,,,,
24.619,190.5029,24.619,0.3,24.619,0,24.619,5,24.619,0.05,,,,,,,
24.626,190.5071,24.626,0.3,24.626,0,24.626,5,24.626,0.05,,,,,,,
24.633,190.5087,24.633,0.3,24.633,0,24.633,5,24.633,0.05,,,,,,,
24.64,190.5045,24.64,0.3,24.64,0,24.64,5,24.64,0.05,,,,,,,
24.646,190.5004,24.646,0.3,24.646,0,24.646,5,24.646,0.05,,,,,,,
24.653,190.5,24.653,0.3,24.653,0,24.653,5,24.653,0.05,,,,,,,
24.66,190.5,24.66,0.3,24.66,0,24.66,5,24.66,0.05,,,,,,,
24.667,190.5,24.667,0.3,24.667,0,24.667,5,24.667,0.05,,,,,,,
24.674,190.5,24.674,0.3,24.674,0,24.674,5,24.674,0.05,,,,,,,
24.681,190.5,24.681,0.3,24.681,0,24.681,5,24.681,0.05,,,,,,,
24.688,190.5,24.688,0.3,24.688,0,24.688,5,24.688,0.05,,,,,,,
24.695,190.5,24.695,0.3,24.695,0,24.695,5,24.695,0.05,,,,,,,
24.702,190.5,24.702,0.3,24.702,0,24.702,5,24.702,0.05,,,,,,,
24.709,190.5,24.709,0.3,24.709,0,24.709,5,24.709,0.05,,,,,,,
24.716,190.5,24.716,0.3,24.716,0,24.716,5,24.716,0.05,,,,,,,
24.723,190.5,24.723,0.3,24.723,0,24.723,5,24.723,0.05,,,,,,,
24.73,190.5,24.73,0.3,24.73,0,24.73,5,24.73,0.05,,,,,,,
24.737,190.5,24.737,0.3,24.737,0,24.737,5,24.737,0.05,,,,,,,
24.744,190.5,24.744,0.3,24.744,0,24.744,5,24.744,0.05,,,,,,,
24.751,190.5,24.751,0.3,24.751,0,24.751,5,24.751,0.05,,,,,,,
24.758,190.5,24.758,0.3,24.758,0,24.758,5,24.758,0.05,,,,,,,
24.765,190.5,24.765,0.3,24.765,0,24.765,5,24.765,0.05,,,,,,,
24.772,190.5,24.772,0.3,24.772,0,24.772,5,24.772,0.05,,,,,,,
24.779,190.5,24.779,0.3,24.779,0,24.779,5,24.779,0.05,,,,,,,
24.786,190.5,24.786,0.3,24.786,0,24.786,5,24.786,0.05,,,,,,,
24.793,190.5,24.793,0.3,24.793,0,24.793,5,24.793,0.05,,,,,,,
24.8,190.5,24.8,0.3,24.8,0,24.8,5,24.8,0.05,,,,,,,
24.807,190.5,24.807,0.3,24.807,0,24.807,5,24.807,0.05,,,,,,,
24.814,190.5004,24.814,0.3,24.814,0,24.814,5,24.814,0.05,,,,,,,
24.821,190.5046,24.821,0.3,24.821,0,24.821,5,24.821,0.05,,,,,,,
24.828,190.5088,24.828,0.3,24.828,0,24.828,5,24.828,0.05,,,,,,,
24.835,190.51,24.835,0.3,24.835,0,24.835,5,24.835,0.05,,,,,,,
24.842,190.51,24.842,0.3,24.842,0,24.842,5,24.842,0.05,,,,,,,
24.849,190.51,24.849,0.3,24.849,0,24.849,5,24.849,0.05,,,,,,,
24.856,190.51,24.856,0.3,24.856,0,24.856,5,24.856,0.05,,,,,,,
24.863,190.51,24.863,0.3,24.863,0,24.863,5,24.863,0.05,,,,,,,
24.87,190.51,24.87,0.3,24.87,0,24.87,5,24.87,0.05,,,,,,,
24.877,190.51,24.877,0.3,24.877,0,24.877,5,24.877,0.05,,,,,,,
24.884,190.5123,24.884,0.3,24.884,0,24.884,5,24.884,0.04767359,,,,,,,
24.891,190.5165,24.891,0.3,24.891,0,24.891,5,24.891,0.04348561,,,,,,,
24.898,190.52,24.898,0.3,24.898,0,24.898,5,24.898,0.04,,,,,,,
24.905,190.52,24.905,0.3,24.905,0,24.905,5,24.905,0.04,,,,,,,
24.912,190.52,24.912,0.3,24.912,0,24.912,5,24.912,0.04,,,,,,,
24.919,190.52,24.919,0.3,24.919,0,24.919,5,24.919,0.04,,,,,,,
24.926,190.52,24.926,0.3,24.926,0,24.926,5,24.926,0.04,,,,,,,
24.933,190.5183,24.933,0.3,24.933,0,24.933,5,24.933,0.04,,,,,,,
24.94,190.5141,24.94,0.3,24.94,0,24.94,5,24.94,0.04,,,,,,,
24.947,190.51,24.947,0.3,24.947,0,24.947,5,24.947,0.04,,,,,,,
24.954,190.51,24.954,0.3,24.954,0,24.954,5,24.954,0.04,,,,,,,
24.961,190.51,24.961,0.3,24.961,0,24.961,5,24.961,0.04,,,,,,,
24.968,190.51,24.968,0.3,24.968,0,24.968,5,24.968,0.04,,,,,,,
24.975,190.51,24.975,0.3,24.975,0,24.975,5,24.975,0.04,,,,,,,
24.982,190.51,24.982,0.3,24.982,0,24.982,5,24.982,0.04,,,,,,,
24.989,190.51,24.989,0.3,24.989,0,24.989,5,24.989,0.04,,,,,,,
24.996,190.51,24.996,0.3,24.996,0,24.996,5,24.996,0.04,,,,,,,
25.003,190.5137,25.003,0.3,25.003,0,25.003,5,25.003,0.04,,,,,,,
25.01,190.5179,25.01,0.3,25.01,0,25.01,5,25.01,0.04,,,,,,,
25.017,190.5179,25.017,0.3,25.017,0,25.017,5,25.017,0.04,,,,,,,
25.024,190.5137,25.024,0.3,25.024,0,25.024,5,25.024,0.04,,,,,,,
25.031,190.51,25.031,0.3,25.031,0,25.031,5,25.031,0.04,,,,,,,
25.038,190.51,25.038,0.3,25.038,0,25.038,5,25.038,0.04,,,,,,,
25.045,190.51,25.045,0.3,25.045,0,25.045,5,25.045,0.04,,,,,,,
25.052,190.51,25.052,0.3,25.052,0,25.052,5,25.052,0.04,,,,,,,
25.059,190.51,25.059,0.3,25.059,0,25.059,5,25.059,0.04,,,,,,,
25.066,190.51,25.066,0.3,25.066,0,25.066,5,25.066,0.04,,,,,,,
25.073,190.51,25.073,0.3,25.073,0,25.073,5,25.073,0.04,,,,,,,
25.08,190.51,25.08,0.3,25.08,0,25.08,5,25.08,0.04,,,,,,,
25.087,190.506,25.087,0.3,25.087,0,25.087,5,25.087,0.04,,,,,,,
25.094,190.5018,25.094,0.3,25.094,0,25.094,5,25.094,0.04,,,,,,,
25.101,190.5,25.101,0.3,25.101,0,25.101,5,25.101,0.04,,,,,,,
25.108,190.5,25.108,0.3,25.108,0,25.108,5,25.108,0.04,,,,,,,
25.115,190.5,25.115,0.3,25.115,0,25.115,5,25.115,0.04,,,,,,,
25.122,190.5,25.122,0.3,25.122,0,25.122,5,25.122,0.04,,,,,,,
25.129,190.5,25.129,0.3,25.129,0,25.129,5,25.129,0.04,,,,,,,
25.136,190.4966,25.136,0.3,25.136,0,25.136,5,25.136,0.04,,,,,,,
25.143,190.4924,25.143,0.3,25.143,0,25.143,5,25.143,0.04,,,,,,,
25.15,190.49,25.15,0.3,25.15,0,25.15,5,25.15,0.04,,,,,,,
25.157,190.49,25.157,0.3,25.157,0,25.157,5,25.157,0.04,,,,,,,
25.164,190.49,25.164,0.3,25.164,0,25.164,5,25.164,0.04,,,,,,,
25.171,190.49,25.171,0.3,25.171,0,25.171,5,25.171,0.04,,,,,,,
25.178,190.49,25.178,0.3,25.178,0,25.178,5,25.178,0.04,,,,,,,
25.185,190.49,25.185,0.3,25.185,0,25.185,5,25.185,0.04,,,,,,,
25.192,190.49,25.192,0.3,25.192,0,25.192,5,25.192,0.04,,,,,,,
25.199,190.49,25.199,0.3,25.199,0,25.199,5,25.199,0.04,,,,,,,
25.206,190.49,25.206,0.3,25.206,0,25.206,5,25.206,0.04,,,,,,,
25.213,190.49,25.213,0.3,25.213,0,25.213,5,25.213,0.04,,,,,,,
25.22,190.49,25.22,0.3,25.22,0,25.22,5,25.22,0.04,,,,,,,
25.227,190.49,25.227,0.3,25.227,0,25.227,5,25.227,0.04,,,,,,,
25.234,190.49,25.234,0.3,25.234,0,25.234,5,25.234,0.04,,,,,,,
25.241,190.49,25.241,0.3,25.241,0,25.241,5,25.241,0.04,,,,,,,
25.248,190.49,25.248,0.3,25.248,0,25.248,5,25.248,0.04,,,,,,,
25.255,190.49,25.255,0.3,25.255,0,25.255,5,25.255,0.04,,,,,,,
25.262,190.49,25.262,0.3,25.262,0,25.262,5,25.262,0.04,,,,,,,
25.269,190.4869,25.269,0.3,25.269,0,25.269,5,25.269,0.04,,,,,,,
25.276,190.4827,25.276,0.3,25.276,0,25.276,5,25.276,0.04,,,,,,,
25.283,190.48,25.283,0.3,25.283,0,25.283,5,25.283,0.04,,,,,,,
25.29,190.48,25.29,0.3,25.29,0,25.29,5,25.29,0.04,,,,,,,
25.297,190.48,25.297,0.3,25.297,0,25.297,5,25.297,0.04,,,,,,,
25.304,190.48,25.304,0.3,25.304,0,25.304,5,25.304,0.04,,,,,,,
25.311,190.48,25.311,0.3,25.311,0,25.311,5,25.311,0.04,,,,,,,
25.318,190.48,25.318,0.3,25.318,0,25.318,5,25.318,0.04,,,,,,,
25.325,190.48,25.325,0.3,25.325,0,25.325,5,25.325,0.04,,,,,,,
25.332,190.4791,25.332,0.3,25.332,0,25.332,5,25.332,0.04,,,,,,,
25.339,190.4749,25.339,0.3,25.339,0,25.339,5,25.339,0.04,,,,,,,
25.346,190.4707,25.346,0.3,25.346,0,25.346,5,25.346,0.04,,,,,,,
25.353,190.47,25.353,0.3,25.353,0,25.353,5,25.353,0.04,,,,,,,
25.36,190.47,25.36,0.3,25.36,0,25.36,5,25.36,0.04,,,,,,,
25.367,190.47,25.367,0.3,25.367,0,25.367,5,25.367,0.04,,,,,,,
25.374,190.47,25.374,0.3,25.374,0,25.374,5,25.374,0.04,,,,,,,
25.381,190.47,25.381,0.3,25.381,0,25.381,5,25.381,0.04,,,,,,,
25.388,190.47,25.388,0.3,25.388,0,25.388,5,25.388,0.04,,,,,,,
25.395,190.47,25.395,0.3,25.395,0,25.395,5,25.395,0.04,,,,,,,
25.402,190.4672,25.402,0.3,25.402,0,25.402,5,25.402,0.04,,,,,,,
25.409,190.463,25.409,0.3,25.409,0,25.409,5,25.409,0.04,,,,,,,
25.416,190.46,25.416,0.3,25.416,0,25.416,5,25.416,0.04,,,,,,,
25.423,190.46,25.423,0.3,25.423,0,25.423,5,25.423,0.04,,,,,,,
25.43,190.46,25.43,0.3,25.43,0,25.43,5,25.43,0.04,,,,,,,
25.437,190.46,25.437,0.3,25.437,0,25.437,5,25.437,0.04,,,,,,,
25.444,190.46,25.444,0.3,25.444,0,25.444,5,25.444,0.04,,,,,,,
25.451,190.46,25.451,0.3,25.451,0,25.451,5,25.451,0.04,,,,,,,
25.458,190.46,25.458,0.3,25.458,0,25.458,5,25.458,0.04,,,,,,,
25.465,190.46,25.465,0.3,25.465,0,25.465,5,25.465,0.04,,,,,,,
25.472,190.46,25.472,0.3,25.472,0,25.472,5,25.472,0.04,,,,,,,
25.479,190.46,25.479,0.3,25.479,0,25.479,5,25.479,0.04,,,,,,,
25.486,190.46,25.486,0.3,25.486,0,25.486,5,25.486,0.04,,,,,,,
25.493,190.46,25.493,0.3,25.493,0,25.493,5,25.493,0.04,,,,,,,
25.5,190.46,25.5,0.3,25.5,0,25.5,5,25.5,0.04,,,,,,,
25.507,190.46,25.507,0.3,25.507,0,25.507,5,25.507,0.04,,,,,,,
25.514,190.46,25.514,0.3,25.514,0,25.514,5,25.514,0.04,,,,,,,
25.521,190.46,25.521,0.3,25.521,0,25.521,5,25.521,0.04,,,,,,,
25.528,190.46,25.528,0.3,25.528,0,25.528,5,25.528,0.04,,,,,,,
25.535,190.4626,25.535,0.3,25.535,0,25.535,5,25.535,0.04,,,,,,,
25.542,190.4668,25.542,0.3,25.542,0,25.542,5,25.542,0.04,,,,,,,
25.549,190.47,25.549,0.3,25.549,0,25.549,5,25.549,0.04,,,,,,,
25.556,190.47,25.556,0.3,25.556,0,25.556,5,25.556,0.04,,,,,,,
25.563,190.47,25.563,0.3,25.563,0,25.563,5,25.563,0.04,,,,,,,
25.57,190.47,25.57,0.3,25.57,0,25.57,5,25.57,0.04,,,,,,,
25.577,190.47,25.577,0.3,25.577,0,25.577,5,25.577,0.04,,,,,,,
25.584,190.4719,25.584,0.3,25.584,0,25.584,5,25.584,0.04,,,,,,,
25.591,190.4762,25.591,0.3,25.591,0,25.591,5,25.591,0.04,,,,,,,
25.598,190.4796,25.598,0.3,25.598,0,25.598,5,25.598,0.04,,,,,,,
25.605,190.4754,25.605,0.3,25.605,0,25.605,5,25.605,0.04,,,,,,,
25.612,190.4713,25.612,0.3,25.612,0,25.612,5,25.612,0.04,,,,,,,
25.619,190.47,25.619,0.3,25.619,0,25.619,5,25.619,0.04,,,,,,,
25.626,190.47,25.626,0.3,25.626,0,25.626,5,25.626,0.04,,,,,,,
25.633,190.47,25.633,0.3,25.633,0,25.633,5,25.633,0.04,,,,,,,
25.64,190.47,25.64,0.3,25.64,0,25.64,5,25.64,0.04,,,,,,,
25.647,190.47,25.647,0.3,25.647,0,25.647,5,25.647,0.04,,,,,,,
25.654,190.4739,25.654,0.3,25.654,0,25.654,5,25.654,0.04,,,,,,,
25.661,190.4781,25.661,0.3,25.661,0,25.661,5,25.661,0.04,,,,,,,
25.668,190.4777,25.668,0.3,25.668,0,25.668,5,25.668,0.04,,,,,,,
25.675,190.4735,25.675,0.3,25.675,0,25.675,5,25.675,0.04,,,,,,,
25.682,190.47,25.682,0.3,25.682,0,25.682,5,25.682,0.04,,,,,,,
25.689,190.47,25.689,0.3,25.689,0,25.689,5,25.689,0.04,,,,,,,
25.696,190.47,25.696,0.3,25.696,0,25.696,5,25.696,0.04,,,,,,,
25.703,190.47,25.703,0.3,25.703,0,25.703,5,25.703,0.04,,,,,,,
25.71,190.47,25.71,0.3,25.71,0,25.71,5,25.71,0.04,,,,,,,
25.717,190.47,25.717,0.3,25.717,0,25.717,5,25.717,0.04,,,,,,,
25.724,190.47,25.724,0.3,25.724,0,25.724,5,25.724,0.04,,,,,,,
25.731,190.4701,25.731,0.3,25.731,0,25.731,5,25.731,0.04,,,,,,,
25.738,190.4743,25.738,0.3,25.738,0,25.738,5,25.738,0.04,,,,,,,
25.745,190.4785,25.745,0.3,25.745,0,25.745,5,25.745,0.04,,,,,,,
25.752,190.48,25.752,0.3,25.752,0,25.752,5,25.752,0.04,,,,,,,
25.759,190.48,25.759,0.3,25.759,0,25.759,5,25.759,0.04,,,,,,,
25.766,190.48,25.766,0.3,25.766,0,25.766,5,25.766,0.04,,,,,,,
25.773,190.48,25.773,0.3,25.773,0,25.773,5,25.773,0.04,,,,,,,
25.78,190.48,25.78,0.3,25.78,0,25.78,5,25.78,0.04,,,,,,,
25.787,190.48,25.787,0.3,25.787,0,25.787,5,25.787,0.04,,,,,,,
25.794,190.48,25.794,0.3,25.794,0,25.794,5,25.794,0.04,,,,,,,
25.801,190.48,25.801,0.3,25.801,0,25.801,5,25.801,0.04,,,,,,,
25.808,190.48,25.808,0.3,25.808,0,25.808,5,25.808,0.04,,,,,,,
25.815,190.48,25.815,0.3,25.815,0,25.815,5,25.815,0.04,,,,,,,
25.822,190.48,25.822,0.3,25.822,0,25.822,5,25.822,0.04,,,,,,,
25.829,190.48,25.829,0.3,25.829,0,25.829,5,25.829,0.04,,,,,,,
25.836,190.48,25.836,0.3,25.836,0,25.836,5,25.836,0.04,,,,,,,
25.843,190.48,25.843,0.3,25.843,0,25.843,5,25.843,0.04,,,,,,,
25.85,190.4786,25.85,0.3,25.85,0,25.85,5,25.85,0.04,,,,,,,
25.857,190.4744,25.857,0.3,25.857,0,25.857,5,25.857,0.04,,,,,,,
25.863,190.4702,25.863,0.3,25.863,0,25.863,5,25.863,0.04,,,,,,,
25.87,190.47,25.87,0.3,25.87,0,25.87,5,25.87,0.04,,,,,,,
25.877,190.47,25.877,0.3,25.877,0,25.877,5,25.877,0.04,,,,,,,
25.884,190.47,25.884,0.3,25.884,0,25.884,5,25.884,0.04,,,,,,,
25.891,190.47,25.891,0.3,25.891,0,25.891,5,25.891,0.04,,,,,,,
25.898,190.47,25.898,0.3,25.898,0,25.898,5,25.898,0.04,,,,,,,
25.905,190.47,25.905,0.3,25.905,0,25.905,5,25.905,0.04,,,,,,,
25.912,190.47,25.912,0.3,25.912,0,25.912,5,25.912,0.04,,,,,,,
25.919,190.47,25.919,0.3,25.919,0,25.919,5,25.919,0.04,,,,,,,
25.926,190.47,25.926,0.3,25.926,0,25.926,5,25.926,0.04,,,,,,,
25.933,190.47,25.933,0.3,25.933,0,25.933,5,25.933,0.04,,,,,,,
25.94,190.47,25.94,0.3,25.94,0,25.94,5,25.94,0.04,,,,,,,
25.947,190.47,25.947,0.3,25.947,0,25.947,5,25.947,0.04,,,,,,,
25.954,190.47,25.954,0.3,25.954,0,25.954,5,25.954,0.04,,,,,,,
25.961,190.47,25.961,0.3,25.961,0,25.961,5,25.961,0.04,,,,,,,
25.968,190.47,25.968,0.3,25.968,0,25.968,5,25.968,0.04,,,,,,,
25.975,190.47,25.975,0.3,25.975,0,25.975,5,25.975,0.04,,,,,,,
25.982,190.47,25.982,0.3,25.982,0,25.982,5,25.982,0.04,,,,,,,
25.989,190.47,25.989,0.3,25.989,0,25.989,5,25.989,0.04,,,,,,,
25.996,190.47,25.996,0.3,25.996,0,25.996,5,25.996,0.04,,,,,,,
26.003,190.47,26.003,0.3,26.003,0,26.003,5,26.003,0.04,,,,,,,
26.01,190.47,26.01,0.3,26.01,0,26.01,5,26.01,0.04,,,,,,,
26.017,190.47,26.017,0.3,26.017,0,26.017,5,26.017,0.04,,,,,,,
26.024,190.47,26.024,0.3,26.024,0,26.024,5,26.024,0.04,,,,,,,
26.031,190.4705,26.031,0.3,26.031,0,26.031,5,26.031,0.04,,,,,,,
26.038,190.4747,26.038,0.3,26.038,0,26.038,5,26.038,0.04,,,,,,,
26.045,190.4789,26.045,0.3,26.045,0,26.045,5,26.045,0.04,,,,,,,
26.052,190.48,26.052,0.3,26.052,0,26.052,5,26.052,0.04311101,,,,,,,
26.059,190.48,26.059,0.3,26.059,0,26.059,5,26.059,0.04729785,,,,,,,
26.066,190.48,26.066,0.3,26.066,0,26.066,5,26.066,0.05,,,,,,,
26.073,190.48,26.073,0.3,26.073,0,26.073,5,26.073,0.05,,,,,,,
26.08,190.48,26.08,0.3,26.08,0,26.08,5,26.08,0.05,,,,,,,
26.087,190.48,26.087,0.3,26.087,0,26.087,5,26.087,0.05,,,,,,,
26.094,190.48,26.094,0.3,26.094,0,26.094,5,26.094,0.05,,,,,,,
26.101,190.48,26.101,0.3,26.101,0,26.101,5,26.101,0.05,,,,,,,
26.108,190.48,26.108,0.3,26.108,0,26.108,5,26.108,0.05,,,,,,,
26.115,190.48,26.115,0.3,26.115,0,26.115,5,26.115,0.05,,,,,,,
26.122,190.48,26.122,0.3,26.122,0,26.122,5,26.122,0.05,,,,,,,
26.129,190.48,26.129,0.3,26.129,0,26.129,5,26.129,0.05,,,,,,,
26.136,190.48,26.136,0.3,26.136,0,26.136,5,26.136,0.05,,,,,,,
26.143,190.48,26.143,0.3,26.143,0,26.143,5,26.143,0.05,,,,,,,
26.15,190.48,26.15,0.3,26.15,0,26.15,5,26.15,0.05,,,,,,,
26.157,190.48,26.157,0.3,26.157,0,26.157,5,26.157,0.05,,,,,,,
26.164,190.48,26.164,0.3,26.164,0,26.164,5,26.164,0.05,,,,,,,
26.171,190.48,26.171,0.3,26.171,0,26.171,5,26.171,0.05,,,,,,,
26.178,190.48,26.178,0.3,26.178,0,26.178,5,26.178,0.05,,,,,,,
26.185,190.48,26.185,0.3,26.185,0,26.185,5,26.185,0.05,,,,,,,
26.192,190.48,26.192,0.3,26.192,0,26.192,5,26.192,0.05,,,,,,,
26.199,190.48,26.199,0.3,26.199,0,26.199,5,26.199,0.05,,,,,,,
26.206,190.48,26.206,0.3,26.206,0,26.206,5,26.206,0.05,,,,,,,
26.213,190.48,26.213,0.3,26.213,0,26.213,5,26.213,0.05,,,,,,,
26.22,190.48,26.22,0.3,26.22,0,26.22,5,26.22,0.05,,,,,,,
26.227,190.48,26.227,0.3,26.227,0,26.227,5,26.227,0.05,,,,,,,
26.234,190.48,26.234,0.3,26.234,0,26.234,5,26.234,0.05,,,,,,,
26.241,190.48,26.241,0.3,26.241,0,26.241,5,26.241,0.05,,,,,,,
26.248,190.48,26.248,0.3,26.248,0,26.248,5,26.248,0.05,,,,,,,
26.255,190.48,26.255,0.3,26.255,0,26.255,5,26.255,0.05,,,,,,,
26.262,190.48,26.262,0.3,26.262,0,26.262,5,26.262,0.05,,,,,,,
26.269,190.48,26.269,0.3,26.269,0,26.269,5,26.269,0.05,,,,,,,
26.276,190.48,26.276,0.3,26.276,0,26.276,5,26.276,0.05,,,,,,,
26.283,190.48,26.283,0.3,26.283,0,26.283,5,26.283,0.05,,,,,,,
26.29,190.48,26.29,0.3,26.29,0,26.29,5,26.29,0.05,,,,,,,
26.297,190.48,26.297,0.3,26.297,0,26.297,5,26.297,0.05,,,,,,,
26.304,190.48,26.304,0.3,26.304,0,26.304,5,26.304,0.05,,,,,,,
26.311,190.48,26.311,0.3,26.311,0,26.311,5,26.311,0.05,,,,,,,
26.318,190.48,26.318,0.3,26.318,0,26.318,5,26.318,0.05,,,,,,,
26.325,190.48,26.325,0.3,26.325,0,26.325,5,26.325,0.05,,,,,,,
26.332,190.48,26.332,0.3,26.332,0,26.332,5,26.332,0.05,,,,,,,
26.339,190.48,26.339,0.3,26.339,0,26.339,5,26.339,0.05,,,,,,,
26.346,190.48,26.346,0.3,26.346,0,26.346,5,26.346,0.05,,,,,,,
26.353,190.48,26.353,0.3,26.353,0,26.353,5,26.353,0.05,,,,,,,
26.36,190.48,26.36,0.3,26.36,0,26.36,5,26.36,0.05,,,,,,,
26.367,190.4819,26.367,0.3,26.367,0,26.367,5,26.367,0.05,,,,,,,
26.374,190.4861,26.374,0.3,26.374,0,26.374,5,26.374,0.05,,,,,,,
26.381,190.49,26.381,0.3,26.381,0,26.381,5,26.381,0.04970818,,,,,,,
26.388,190.49,26.388,0.3,26.388,0,26.388,5,26.388,0.04549403,,,,,,,
26.395,190.49,26.395,0.3,26.395,0,26.395,5,26.395,0.04128217,,,,,,,
26.402,190.49,26.402,0.3,26.402,0,26.402,5,26.402,0.04,,,,,,,
26.409,190.49,26.409,0.3,26.409,0,26.409,5,26.409,0.04,,,,,,,
26.416,190.49,26.416,0.3,26.416,0,26.416,5,26.416,0.04,,,,,,,
26.423,190.49,26.423,0.3,26.423,0,26.423,5,26.423,0.04,,,,,,,
26.43,190.49,26.43,0.3,26.43,0,26.43,5,26.43,0.04,,,,,,,
26.437,190.49,26.437,0.3,26.437,0,26.437,5,26.437,0.04,,,,,,,
26.444,190.49,26.444,0.3,26.444,0,26.444,5,26.444,0.04,,,,,,,
26.451,190.49,26.451,0.3,26.451,0,26.451,5,26.451,0.04,,,,,,,
26.458,190.49,26.458,0.3,26.458,0,26.458,5,26.458,0.04,,,,,,,
26.465,190.49,26.465,0.3,26.465,0,26.465,5,26.465,0.04,,,,,,,
26.472,190.49,26.472,0.3,26.472,0,26.472,5,26.472,0.04,,,,,,,
26.479,190.49,26.479,0.3,26.479,0,26.479,5,26.479,0.04,,,,,,,
26.486,190.4933,26.486,0.3,26.486,0,26.486,5,26.486,0.04,,,,,,,
26.493,190.4975,26.493,0.3,26.493,0,26.493,5,26.493,0.04,,,,,,,
26.5,190.5017,26.5,0.3,26.5,0,26.5,5,26.5,0.04,,,,,,,
26.507,190.5058,26.507,0.3,26.507,0,26.507,5,26.507,0.04,,,,,,,
26.514,190.51,26.514,0.3,26.514,0,26.514,5,26.514,0.04,,,,,,,
26.521,190.51,26.521,0.3,26.521,0,26.521,5,26.521,0.04,,,,,,,
26.528,190.51,26.528,0.3,26.528,0,26.528,5,26.528,0.04,,,,,,,
26.535,190.51,26.535,0.3,26.535,0,26.535,5,26.535,0.04,,,,,,,
26.542,190.51,26.542,0.3,26.542,0,26.542,5,26.542,0.04,,,,,,,
26.549,190.51,26.549,0.3,26.549,0,26.549,5,26.549,0.04,,,,,,,
26.556,190.51,26.556,0.3,26.556,0,26.556,5,26.556,0.04,,,,,,,
26.563,190.51,26.563,0.3,26.563,0,26.563,5,26.563,0.04,,,,,,,
26.57,190.5064,26.57,0.3,26.57,0,26.57,5,26.57,0.04,,,,,,,
26.577,190.5022,26.577,0.3,26.577,0,26.577,5,26.577,0.04,,,,,,,
26.584,190.5,26.584,0.3,26.584,0,26.584,5,26.584,0.04,,,,,,,
26.591,190.5,26.591,0.3,26.591,0,26.591,5,26.591,0.04,,,,,,,
26.598,190.5,26.598,0.3,26.598,0,26.598,5,26.598,0.04,,,,,,,
26.605,190.5,26.605,0.3,26.605,0,26.605,5,26.605,0.04,,,,,,,
26.612,190.5,26.612,0.3,26.612,0,26.612,5,26.612,0.04,,,,,,,
26.619,190.5,26.619,0.3,26.619,0,26.619,5,26.619,0.04,,,,,,,
26.626,190.5,26.626,0.3,26.626,0,26.626,5,26.626,0.04,,,,,,,
26.633,190.5,26.633,0.3,26.633,0,26.633,5,26.633,0.04,,,,,,,
26.64,190.5,26.64,0.3,26.64,0,26.64,5,26.64,0.04,,,,,,,
26.647,190.5,26.647,0.3,26.647,0,26.647,5,26.647,0.04,,,,,,,
26.654,190.5,26.654,0.3,26.654,0,26.654,5,26.654,0.04,,,,,,,
26.661,190.5,26.661,0.3,26.661,0,26.661,5,26.661,0.04,,,,,,,
26.668,190.4977,26.668,0.3,26.668,0,26.668,5,26.668,0.04,,,,,,,
26.675,190.4935,26.675,0.3,26.675,0,26.675,5,26.675,0.04,,,,,,,
26.682,190.49,26.682,0.3,26.682,0,26.682,5,26.682,0.04,,,,,,,
26.689,190.49,26.689,0.3,26.689,0,26.689,5,26.689,0.04,,,,,,,
26.696,190.49,26.696,0.3,26.696,0,26.696,5,26.696,0.04,,,,,,,
26.703,190.49,26.703,0.3,26.703,0,26.703,5,26.703,0.04,,,,,,,
26.71,190.49,26.71,0.3,26.71,0,26.71,5,26.71,0.04,,,,,,,
26.717,190.49,26.717,0.3,26.717,0,26.717,5,26.717,0.04,,,,,,,
26.724,190.49,26.724,0.3,26.724,0,26.724,5,26.724,0.04,,,,,,,
26.731,190.4899,26.731,0.3,26.731,0,26.731,5,26.731,0.04,,,,,,,
26.738,190.4857,26.738,0.3,26.738,0,26.738,5,26.738,0.04,,,,,,,
26.745,190.4815,26.745,0.3,26.745,0,26.745,5,26.745,0.04,,,,,,,
26.752,190.48,26.752,0.3,26.752,0,26.752,5,26.752,0.04,,,,,,,
26.759,190.48,26.759,0.3,26.759,0,26.759,5,26.759,0.04,,,,,,,
26.766,190.48,26.766,0.3,26.766,0,26.766,5,26.766,0.04,,,,,,,
26.773,190.48,26.773,0.3,26.773,0,26.773,5,26.773,0.04,,,,,,,
26.78,190.48,26.78,0.3,26.78,0,26.78,5,26.78,0.04,,,,,,,
26.787,190.48,26.787,0.3,26.787,0,26.787,5,26.787,0.04,,,,,,,
26.794,190.48,26.794,0.3,26.794,0,26.794,5,26.794,0.04,,,,,,,
26.801,190.48,26.801,0.3,26.801,0,26.801,5,26.801,0.04,,,,,,,
26.808,190.48,26.808,0.3,26.808,0,26.808,5,26.808,0.04,,,,,,,
26.815,190.4795,26.815,0.3,26.815,0,26.815,5,26.815,0.04,,,,,,,
26.822,190.4753,26.822,0.3,26.822,0,26.822,5,26.822,0.04,,,,,,,
26.829,190.4712,26.829,0.3,26.829,0,26.829,5,26.829,0.04,,,,,,,
26.836,190.47,26.836,0.3,26.836,0,26.836,5,26.836,0.04,,,,,,,
26.843,190.47,26.843,0.3,26.843,0,26.843,5,26.843,0.04,,,,,,,
26.85,190.47,26.85,0.3,26.85,0,26.85,5,26.85,0.04,,,,,,,
26.857,190.47,26.857,0.3,26.857,0,26.857,5,26.857,0.04,,,,,,,
26.864,190.47,26.864,0.3,26.864,0,26.864,5,26.864,0.04,,,,,,,
26.871,190.474,26.871,0.3,26.871,0,26.871,5,26.871,0.04,,,,,,,
26.878,190.4782,26.878,0.3,26.878,0,26.878,5,26.878,0.04,,,,,,,
26.885,190.48,26.885,0.3,26.885,0,26.885,5,26.885,0.04241728,,,,,,,
26.892,190.48,26.892,0.3,26.892,0,26.892,5,26.892,0.04663143,,,,,,,
26.899,190.48,26.899,0.3,26.899,0,26.899,5,26.899,0.05,,,,,,,
26.906,190.48,26.906,0.3,26.906,0,26.906,5,26.906,0.05,,,,,,,
26.913,190.48,26.913,0.3,26.913,0,26.913,5,26.913,0.05,,,,,,,
26.92,190.48,26.92,0.3,26.92,0,26.92,5,26.92,0.05,,,,,,,
26.927,190.48,26.927,0.3,26.927,0,26.927,5,26.927,0.05,,,,,,,
26.934,190.4818,26.934,0.3,26.934,0,26.934,5,26.934,0.05,,,,,,,
26.941,190.486,26.941,0.3,26.941,0,26.941,5,26.941,0.05,,,,,,,
26.948,190.49,26.948,0.3,26.948,0,26.948,5,26.948,0.05,,,,,,,
26.955,190.49,26.955,0.3,26.955,0,26.955,5,26.955,0.05,,,,,,,
26.962,190.49,26.962,0.3,26.962,0,26.962,5,26.962,0.05,,,,,,,
26.969,190.49,26.969,0.3,26.969,0,26.969,5,26.969,0.05,,,,,,,
26.976,190.49,26.976,0.3,26.976,0,26.976,5,26.976,0.05,,,,,,,
26.983,190.49,26.983,0.3,26.983,0,26.983,5,26.983,0.05,,,,,,,
26.99,190.49,26.99,0.3,26.99,0,26.99,5,26.99,0.05,,,,,,,
26.997,190.49,26.997,0.3,26.997,0,26.997,5,26.997,0.05,,,,,,,
27.004,190.4862,27.004,0.3,27.004,0,27.004,5,27.004,0.05,,,,,,,
27.011,190.482,27.011,0.3,27.011,0,27.011,5,27.011,0.05,,,,,,,
27.018,190.48,27.018,0.3,27.018,0,27.018,5,27.018,0.05,,,,,,,
27.025,190.48,27.025,0.3,27.025,0,27.025,5,27.025,0.05,,,,,,,
27.032,190.48,27.032,0.3,27.032,0,27.032,5,27.032,0.05,,,,,,,
27.039,190.48,27.039,0.3,27.039,0,27.039,5,27.039,0.05,,,,,,,
27.046,190.48,27.046,0.3,27.046,0,27.046,5,27.046,0.05,,,,,,,
27.053,190.48,27.053,0.3,27.053,0,27.053,5,27.053,0.05,,,,,,,
27.06,190.48,27.06,0.3,27.06,0,27.06,5,27.06,0.05,,,,,,,
27.067,190.48,27.067,0.3,27.067,0,27.067,5,27.067,0.05,,,,,,,
27.074,190.48,27.074,0.3,27.074,0,27.074,5,27.074,0.05,,,,,,,
27.08,190.48,27.08,0.3,27.08,0,27.08,5,27.08,0.05,,,,,,,
27.087,190.48,27.087,0.3,27.087,0,27.087,5,27.087,0.05,,,,,,,
27.094,190.48,27.094,0.3,27.094,0,27.094,5,27.094,0.05,,,,,,,
27.101,190.48,27.101,0.3,27.101,0,27.101,5,27.101,0.05,,,,,,,
27.108,190.48,27.108,0.3,27.108,0,27.108,5,27.108,0.05,,,,,,,
27.115,190.4791,27.115,0.3,27.115,0,27.115,5,27.115,0.05,,,,,,,
27.122,190.4749,27.122,0.3,27.122,0,27.122,5,27.122,0.05,,,,,,,
27.129,190.4707,27.129,0.3,27.129,0,27.129,5,27.129,0.05,,,,,,,
27.136,190.4665,27.136,0.3,27.136,0,27.136,5,27.136,0.04651884,,,,,,,
27.143,190.4623,27.143,0.3,27.143,0,27.143,5,27.143,0.04230699,,,,,,,
27.15,190.46,27.15,0.3,27.15,0,27.15,5,27.15,0.04,,,,,,,
27.157,190.46,27.157,0.3,27.157,0,27.157,5,27.157,0.04,,,,,,,
27.164,190.46,27.164,0.3,27.164,0,27.164,5,27.164,0.04,,,,,,,
27.171,190.46,27.171,0.3,27.171,0,27.171,5,27.171,0.04,,,,,,,
27.178,190.46,27.178,0.3,27.178,0,27.178,5,27.178,0.04,,,,,,,
27.185,190.46,27.185,0.3,27.185,0,27.185,5,27.185,0.04,,,,,,,
27.192,190.46,27.192,0.3,27.192,0,27.192,5,27.192,0.04,,,,,,,
27.199,190.46,27.199,0.3,27.199,0,27.199,5,27.199,0.04,,,,,,,
27.206,190.46,27.206,0.3,27.206,0,27.206,5,27.206,0.04,,,,,,,
27.213,190.46,27.213,0.3,27.213,0,27.213,5,27.213,0.04,,,,,,,
27.22,190.46,27.22,0.3,27.22,0,27.22,5,27.22,0.04,,,,,,,
27.227,190.46,27.227,0.3,27.227,0,27.227,5,27.227,0.04,,,,,,,
27.234,190.46,27.234,0.3,27.234,0,27.234,5,27.234,0.04,,,,,,,
27.241,190.46,27.241,0.3,27.241,0,27.241,5,27.241,0.04,,,,,,,
27.248,190.46,27.248,0.3,27.248,0,27.248,5,27.248,0.04,,,,,,,
27.255,190.46,27.255,0.3,27.255,0,27.255,5,27.255,0.04,,,,,,,
27.262,190.46,27.262,0.3,27.262,0,27.262,5,27.262,0.04,,,,,,,
27.269,190.46,27.269,0.3,27.269,0,27.269,5,27.269,0.04,,,,,,,
27.276,190.46,27.276,0.3,27.276,0,27.276,5,27.276,0.04,,,,,,,
27.283,190.46,27.283,0.3,27.283,0,27.283,5,27.283,0.04,,,,,,,
27.29,190.46,27.29,0.3,27.29,0,27.29,5,27.29,0.04,,,,,,,
27.297,190.46,27.297,0.3,27.297,0,27.297,5,27.297,0.04,,,,,,,
27.304,190.46,27.304,0.3,27.304,0,27.304,5,27.304,0.04,,,,,,,
27.311,190.46,27.311,0.3,27.311,0,27.311,5,27.311,0.04,,,,,,,
27.318,190.4574,27.318,0.3,27.318,0,27.318,5,27.318,0.04,,,,,,,
27.325,190.4532,27.325,0.3,27.325,0,27.325,5,27.325,0.04,,,,,,,
27.332,190.45,27.332,0.3,27.332,0,27.332,5,27.332,0.04,,,,,,,
27.339,190.45,27.339,0.3,27.339,0,27.339,5,27.339,0.04,,,,,,,
27.346,190.45,27.346,0.3,27.346,0,27.346,5,27.346,0.04,,,,,,,
27.353,190.45,27.353,0.3,27.353,0,27.353,5,27.353,0.04,,,,,,,
27.36,190.45,27.36,0.3,27.36,0,27.36,5,27.36,0.04,,,,,,,
27.367,190.45,27.367,0.3,27.367,0,27.367,5,27.367,0.04,,,,,,,
27.374,190.45,27.374,0.3,27.374,0,27.374,5,27.374,0.04,,,,,,,
27.381,190.45,27.381,0.3,27.381,0,27.381,5,27.381,0.04,,,,,,,
27.388,190.45,27.388,0.3,27.388,0,27.388,5,27.388,0.04,,,,,,,
27.395,190.45,27.395,0.3,27.395,0,27.395,5,27.395,0.04,,,,,,,
27.402,190.45,27.402,0.3,27.402,0,27.402,5,27.402,0.04,,,,,,,
27.409,190.45,27.409,0.3,27.409,0,27.409,5,27.409,0.04,,,,,,,
27.416,190.45,27.416,0.3,27.416,0,27.416,5,27.416,0.04,,,,,,,
27.423,190.45,27.423,0.3,27.423,0,27.423,5,27.423,0.04,,,,,,,
27.43,190.45,27.43,0.3,27.43,0,27.43,5,27.43,0.04,,,,,,,
27.437,190.45,27.437,0.3,27.437,0,27.437,5,27.437,0.04,,,,,,,
27.444,190.45,27.444,0.3,27.444,0,27.444,5,27.444,0.04,,,,,,,
27.451,190.45,27.451,0.3,27.451,0,27.451,5,27.451,0.04,,,,,,,
27.458,190.45,27.458,0.3,27.458,0,27.458,5,27.458,0.04,,,,,,,
27.465,190.45,27.465,0.3,27.465,0,27.465,5,27.465,0.04,,,,,,,
27.472,190.45,27.472,0.3,27.472,0,27.472,5,27.472,0.04,,,,,,,
27.479,190.45,27.479,0.3,27.479,0,27.479,5,27.479,0.04,,,,,,,
27.486,190.45,27.486,0.3,27.486,0,27.486,5,27.486,0.04,,,,,,,
27.493,190.45,27.493,0.3,27.493,0,27.493,5,27.493,0.04,,,,,,,
27.5,190.45,27.5,0.3,27.5,0,27.5,5,27.5,0.04,,,,,,,
27.507,190.45,27.507,0.3,27.507,0,27.507,5,27.507,0.04,,,,,,,
27.514,190.4499,27.514,0.3,27.514,0,27.514,5,27.514,0.04,,,,,,,
27.521,190.4457,27.521,0.3,27.521,0,27.521,5,27.521,0.04,,,,,,,
27.528,190.4416,27.528,0.3,27.528,0,27.528,5,27.528,0.04,,,,,,,
27.535,190.44,27.535,0.3,27.535,0,27.535,5,27.535,0.04,,,,,,,
27.542,190.44,27.542,0.3,27.542,0,27.542,5,27.542,0.04,,,,,,,
27.549,190.44,27.549,0.3,27.549,0,27.549,5,27.549,0.04,,,,,,,
27.556,190.44,27.556,0.3,27.556,0,27.556,5,27.556,0.04,,,,,,,
27.563,190.44,27.563,0.3,27.563,0,27.563,5,27.563,0.04,,,,,,,
27.57,190.44,27.57,0.3,27.57,0,27.57,5,27.57,0.04,,,,,,,
27.577,190.44,27.577,0.3,27.577,0,27.577,5,27.577,0.04,,,,,,,
27.584,190.44,27.584,0.3,27.584,0,27.584,5,27.584,0.04,,,,,,,
27.591,190.44,27.591,0.3,27.591,0,27.591,5,27.591,0.04,,,,,,,
27.598,190.44,27.598,0.3,27.598,0,27.598,5,27.598,0.04,,,,,,,
27.605,190.44,27.605,0.3,27.605,0,27.605,5,27.605,0.04,,,,,,,
27.612,190.44,27.612,0.3,27.612,0,27.612,5,27.612,0.04,,,,,,,
27.619,190.44,27.619,0.3,27.619,0,27.619,5,27.619,0.04,,,,,,,
27.626,190.44,27.626,0.3,27.626,0,27.626,5,27.626,0.04,,,,,,,
27.633,190.44,27.633,0.3,27.633,0,27.633,5,27.633,0.04,,,,,,,
27.64,190.44,27.64,0.3,27.64,0,27.64,5,27.64,0.04,,,,,,,
27.647,190.44,27.647,0.3,27.647,0,27.647,5,27.647,0.04,,,,,,,
27.654,190.44,27.654,0.3,27.654,0,27.654,5,27.654,0.04,,,,,,,
27.661,190.44,27.661,0.3,27.661,0,27.661,5,27.661,0.04,,,,,,,
27.668,190.44,27.668,0.3,27.668,0,27.668,5,27.668,0.04,,,,,,,
27.675,190.44,27.675,0.3,27.675,0,27.675,5,27.675,0.04,,,,,,,
27.682,190.44,27.682,0.3,27.682,0,27.682,5,27.682,0.04,,,,,,,
27.689,190.44,27.689,0.3,27.689,0,27.689,5,27.689,0.04,,,,,,,
27.696,190.44,27.696,0.3,27.696,0,27.696,5,27.696,0.04,,,,,,,
27.703,190.4366,27.703,0.3,27.703,0,27.703,5,27.703,0.04,,,,,,,
27.71,190.4324,27.71,0.3,27.71,0,27.71,5,27.71,0.04,,,,,,,
27.717,190.4317,27.717,0.3,27.717,0,27.717,5,27.717,0.04,,,,,,,
27.724,190.4359,27.724,0.3,27.724,0,27.724,5,27.724,0.04,,,,,,,
27.731,190.44,27.731,0.3,27.731,0,27.731,5,27.731,0.04,,,,,,,
27.738,190.44,27.738,0.3,27.738,0,27.738,5,27.738,0.04,,,,,,,
27.745,190.44,27.745,0.3,27.745,0,27.745,5,27.745,0.04,,,,,,,
27.752,190.44,27.752,0.3,27.752,0,27.752,5,27.752,0.04,,,,,,,
27.759,190.44,27.759,0.3,27.759,0,27.759,5,27.759,0.04,,,,,,,
27.766,190.44,27.766,0.3,27.766,0,27.766,5,27.766,0.04,,,,,,,
27.773,190.44,27.773,0.3,27.773,0,27.773,5,27.773,0.04,,,,,,,
27.78,190.44,27.78,0.3,27.78,0,27.78,5,27.78,0.04,,,,,,,
27.787,190.4437,27.787,0.3,27.787,0,27.787,5,27.787,0.04,,,,,,,
27.794,190.4479,27.794,0.3,27.794,0,27.794,5,27.794,0.04,,,,,,,
27.801,190.45,27.801,0.3,27.801,0,27.801,5,27.801,0.04,,,,,,,
27.808,190.45,27.808,0.3,27.808,0,27.808,5,27.808,0.04,,,,,,,
27.815,190.45,27.815,0.3,27.815,0,27.815,5,27.815,0.04,,,,,,,
27.822,190.45,27.822,0.3,27.822,0,27.822,5,27.822,0.04,,,,,,,
27.829,190.45,27.829,0.3,27.829,0,27.829,5,27.829,0.04,,,,,,,
27.836,190.45,27.836,0.3,27.836,0,27.836,5,27.836,0.04,,,,,,,
27.843,190.45,27.843,0.3,27.843,0,27.843,5,27.843,0.04,,,,,,,
27.85,190.45,27.85,0.3,27.85,0,27.85,5,27.85,0.04,,,,,,,
27.857,190.45,27.857,0.3,27.857,0,27.857,5,27.857,0.04,,,,,,,
27.864,190.45,27.864,0.3,27.864,0,27.864,5,27.864,0.04,,,,,,,
27.871,190.45,27.871,0.3,27.871,0,27.871,5,27.871,0.04,,,,,,,
27.878,190.45,27.878,0.3,27.878,0,27.878,5,27.878,0.04,,,,,,,
27.885,190.45,27.885,0.3,27.885,0,27.885,5,27.885,0.04,,,,,,,
27.892,190.45,27.892,0.3,27.892,0,27.892,5,27.892,0.04,,,,,,,
27.899,190.45,27.899,0.3,27.899,0,27.899,5,27.899,0.04,,,,,,,
27.906,190.45,27.906,0.3,27.906,0,27.906,5,27.906,0.04,,,,,,,
27.913,190.45,27.913,0.3,27.913,0,27.913,5,27.913,0.04,,,,,,,
27.92,190.45,27.92,0.3,27.92,0,27.92,5,27.92,0.04,,,,,,,
27.927,190.45,27.927,0.3,27.927,0,27.927,5,27.927,0.04,,,,,,,
27.934,190.45,27.934,0.3,27.934,0,27.934,5,27.934,0.04,,,,,,,
27.941,190.45,27.941,0.3,27.941,0,27.941,5,27.941,0.04,,,,,,,
27.948,190.45,27.948,0.3,27.948,0,27.948,5,27.948,0.04,,,,,,,
27.955,190.45,27.955,0.3,27.955,0,27.955,5,27.955,0.04,,,,,,,
27.962,190.45,27.962,0.3,27.962,0,27.962,5,27.962,0.04,,,,,,,
27.969,190.45,27.969,0.3,27.969,0,27.969,5,27.969,0.04281471,,,,,,,
27.976,190.45,27.976,0.3,27.976,0,27.976,5,27.976,0.04700251,,,,,,,
27.983,190.45,27.983,0.3,27.983,0,27.983,5,27.983,0.05,,,,,,,
27.99,190.45,27.99,0.3,27.99,0,27.99,5,27.99,0.05,,,,,,,
27.997,190.45,27.997,0.3,27.997,0,27.997,5,27.997,0.05,,,,,,,
28.004,190.45,28.004,0.3,28.004,0,28.004,5,28.004,0.05,,,,,,,
28.011,190.45,28.011,0.3,28.011,0,28.011,5,28.011,0.05,,,,,,,
28.018,190.4478,28.018,0.3,28.018,0,28.018,5,28.018,0.05,,,,,,,
28.025,190.4436,28.025,0.3,28.025,0,28.025,5,28.025,0.05,,,,,,,
28.032,190.4394,28.032,0.3,28.032,0,28.032,5,28.032,0.05,,,,,,,
28.039,190.4352,28.039,0.3,28.039,0,28.039,5,28.039,0.05,,,,,,,
28.046,190.431,28.046,0.3,28.046,0,28.046,5,28.046,0.05,,,,,,,
28.053,190.43,28.053,0.3,28.053,0,28.053,5,28.053,0.05,,,,,,,
28.06,190.43,28.06,0.3,28.06,0,28.06,5,28.06,0.05,,,,,,,
28.067,190.43,28.067,0.3,28.067,0,28.067,5,28.067,0.05,,,,,,,
28.074,190.43,28.074,0.3,28.074,0,28.074,5,28.074,0.05,,,,,,,
28.081,190.43,28.081,0.3,28.081,0,28.081,5,28.081,0.05,,,,,,,
28.088,190.4342,28.088,0.3,28.088,0,28.088,5,28.088,0.05,,,,,,,
28.095,190.4384,28.095,0.3,28.095,0,28.095,5,28.095,0.05,,,,,,,
28.102,190.4374,28.102,0.3,28.102,0,28.102,5,28.102,0.05,,,,,,,
28.109,190.4332,28.109,0.3,28.109,0,28.109,5,28.109,0.05,,,,,,,
28.116,190.43,28.116,0.3,28.116,0,28.116,5,28.116,0.05,,,,,,,
28.123,190.43,28.123,0.3,28.123,0,28.123,5,28.123,0.05,,,,,,,
28.13,190.43,28.13,0.3,28.13,0,28.13,5,28.13,0.05,,,,,,,
28.137,190.43,28.137,0.3,28.137,0,28.137,5,28.137,0.05,,,,,,,
28.144,190.43,28.144,0.3,28.144,0,28.144,5,28.144,0.05,,,,,,,
28.151,190.43,28.151,0.3,28.151,0,28.151,5,28.151,0.05,,,,,,,
28.158,190.43,28.158,0.3,28.158,0,28.158,5,28.158,0.05,,,,,,,
28.165,190.43,28.165,0.3,28.165,0,28.165,5,28.165,0.05,,,,,,,
28.172,190.43,28.172,0.3,28.172,0,28.172,5,28.172,0.05,,,,,,,
28.179,190.43,28.179,0.3,28.179,0,28.179,5,28.179,0.05,,,,,,,
28.186,190.43,28.186,0.3,28.186,0,28.186,5,28.186,0.05,,,,,,,
28.193,190.43,28.193,0.3,28.193,0,28.193,5,28.193,0.05,,,,,,,
28.2,190.43,28.2,0.3,28.2,0,28.2,5,28.2,0.05,,,,,,,
28.207,190.43,28.207,0.3,28.207,0,28.207,5,28.207,0.05,,,,,,,
28.214,190.43,28.214,0.3,28.214,0,28.214,5,28.214,0.05,,,,,,,
28.221,190.43,28.221,0.3,28.221,0,28.221,5,28.221,0.05,,,,,,,
28.228,190.43,28.228,0.3,28.228,0,28.228,5,28.228,0.05,,,,,,,
28.235,190.43,28.235,0.3,28.235,0,28.235,5,28.235,0.05,,,,,,,
28.242,190.43,28.242,0.3,28.242,0,28.242,5,28.242,0.05,,,,,,,
28.249,190.43,28.249,0.3,28.249,0,28.249,5,28.249,0.05,,,,,,,
28.256,190.43,28.256,0.3,28.256,0,28.256,5,28.256,0.05,,,,,,,
28.263,190.43,28.263,0.3,28.263,0,28.263,5,28.263,0.05,,,,,,,
28.27,190.43,28.27,0.3,28.27,0,28.27,5,28.27,0.05,,,,,,,
28.277,190.43,28.277,0.3,28.277,0,28.277,5,28.277,0.05,,,,,,,
28.284,190.43,28.284,0.3,28.284,0,28.284,5,28.284,0.05,,,,,,,
28.291,190.43,28.291,0.3,28.291,0,28.291,5,28.291,0.05,,,,,,,
28.297,190.43,28.297,0.3,28.297,0,28.297,5,28.297,0.04994518,,,,,,,
28.304,190.43,28.304,0.3,28.304,0,28.304,5,28.304,0.04575605,,,,,,,
28.311,190.43,28.311,0.3,28.311,0,28.311,5,28.311,0.04156921,,,,,,,
28.318,190.43,28.318,0.3,28.318,0,28.318,5,28.318,0.04,,,,,,,
28.325,190.43,28.325,0.3,28.325,0,28.325,5,28.325,0.04,,,,,,,
28.332,190.43,28.332,0.3,28.332,0,28.332,5,28.332,0.04,,,,,,,
28.339,190.43,28.339,0.3,28.339,0,28.339,5,28.339,0.04,,,,,,,
28.346,190.43,28.346,0.3,28.346,0,28.346,5,28.346,0.04,,,,,,,
28.353,190.43,28.353,0.3,28.353,0,28.353,5,28.353,0.04,,,,,,,
28.36,190.43,28.36,0.3,28.36,0,28.36,5,28.36,0.04,,,,,,,
28.367,190.43,28.367,0.3,28.367,0,28.367,5,28.367,0.04,,,,,,,
28.374,190.43,28.374,0.3,28.374,0,28.374,5,28.374,0.04,,,,,,,
28.381,190.43,28.381,0.3,28.381,0,28.381,5,28.381,0.04,,,,,,,
28.388,190.43,28.388,0.3,28.388,0,28.388,5,28.388,0.04,,,,,,,
28.395,190.43,28.395,0.3,28.395,0,28.395,5,28.395,0.04,,,,,,,
28.402,190.43,28.402,0.3,28.402,0,28.402,5,28.402,0.04,,,,,,,
28.409,190.43,28.409,0.3,28.409,0,28.409,5,28.409,0.04,,,,,,,
28.416,190.43,28.416,0.3,28.416,0,28.416,5,28.416,0.04,,,,,,,
28.423,190.43,28.423,0.3,28.423,0,28.423,5,28.423,0.04,,,,,,,
28.43,190.43,28.43,0.3,28.43,0,28.43,5,28.43,0.04,,,,,,,
28.437,190.43,28.437,0.3,28.437,0,28.437,5,28.437,0.04,,,,,,,
28.444,190.43,28.444,0.3,28.444,0,28.444,5,28.444,0.04,,,,,,,
28.451,190.43,28.451,0.3,28.451,0,28.451,5,28.451,0.04,,,,,,,
28.458,190.43,28.458,0.3,28.458,0,28.458,5,28.458,0.04,,,,,,,
28.465,190.43,28.465,0.3,28.465,0,28.465,5,28.465,0.04,,,,,,,
28.472,190.43,28.472,0.3,28.472,0,28.472,5,28.472,0.04,,,,,,,
28.479,190.43,28.479,0.3,28.479,0,28.479,5,28.479,0.04,,,,,,,
28.486,190.43,28.486,0.3,28.486,0,28.486,5,28.486,0.04,,,,,,,
28.493,190.43,28.493,0.3,28.493,0,28.493,5,28.493,0.04,,,,,,,
28.5,190.43,28.5,0.3,28.5,0,28.5,5,28.5,0.04,,,,,,,
28.507,190.43,28.507,0.3,28.507,0,28.507,5,28.507,0.04,,,,,,,
28.514,190.43,28.514,0.3,28.514,0,28.514,5,28.514,0.04,,,,,,,
28.521,190.43,28.521,0.3,28.521,0,28.521,5,28.521,0.04,,,,,,,
28.528,190.43,28.528,0.3,28.528,0,28.528,5,28.528,0.04,,,,,,,
28.535,190.43,28.535,0.3,28.535,0,28.535,5,28.535,0.04,,,,,,,
28.542,190.43,28.542,0.3,28.542,0,28.542,5,28.542,0.04,,,,,,,
28.549,190.43,28.549,0.3,28.549,0,28.549,5,28.549,0.04,,,,,,,
28.556,190.43,28.556,0.3,28.556,0,28.556,5,28.556,0.04,,,,,,,
28.563,190.43,28.563,0.3,28.563,0,28.563,5,28.563,0.04,,,,,,,
28.57,190.43,28.57,0.3,28.57,0,28.57,5,28.57,0.04,,,,,,,
28.577,190.43,28.577,0.3,28.577,0,28.577,5,28.577,0.04,,,,,,,
28.584,190.43,28.584,0.3,28.584,0,28.584,5,28.584,0.04,,,,,,,
28.591,190.43,28.591,0.3,28.591,0,28.591,5,28.591,0.04,,,,,,,
28.598,190.4295,28.598,0.3,28.598,0,28.598,5,28.598,0.04,,,,,,,
28.605,190.4253,28.605,0.3,28.605,0,28.605,5,28.605,0.04,,,,,,,
28.612,190.4211,28.612,0.3,28.612,0,28.612,5,28.612,0.04,,,,,,,
28.619,190.42,28.619,0.3,28.619,0,28.619,5,28.619,0.04,,,,,,,
28.626,190.42,28.626,0.3,28.626,0,28.626,5,28.626,0.04,,,,,,,
28.633,190.42,28.633,0.3,28.633,0,28.633,5,28.633,0.04,,,,,,,
28.64,190.42,28.64,0.3,28.64,0,28.64,5,28.64,0.04,,,,,,,
28.647,190.42,28.647,0.3,28.647,0,28.647,5,28.647,0.04,,,,,,,
28.654,190.42,28.654,0.3,28.654,0,28.654,5,28.654,0.04,,,,,,,
28.661,190.42,28.661,0.3,28.661,0,28.661,5,28.661,0.04,,,,,,,
28.668,190.4176,28.668,0.3,28.668,0,28.668,5,28.668,0.04,,,,,,,
28.675,190.4133,28.675,0.3,28.675,0,28.675,5,28.675,0.04,,,,,,,
28.682,190.41,28.682,0.3,28.682,0,28.682,5,28.682,0.04,,,,,,,
28.689,190.41,28.689,0.3,28.689,0,28.689,5,28.689,0.04,,,,,,,
28.696,190.41,28.696,0.3,28.696,0,28.696,5,28.696,0.04,,,,,,,
28.703,190.41,28.703,0.3,28.703,0,28.703,5,28.703,0.04,,,,,,,
28.71,190.41,28.71,0.3,28.71,0,28.71,5,28.71,0.04,,,,,,,
28.717,190.41,28.717,0.3,28.717,0,28.717,5,28.717,0.04,,,,,,,
28.724,190.41,28.724,0.3,28.724,0,28.724,5,28.724,0.04,,,,,,,
28.731,190.41,28.731,0.3,28.731,0,28.731,5,28.731,0.04,,,,,,,
28.738,190.41,28.738,0.3,28.738,0,28.738,5,28.738,0.04,,,,,,,
28.745,190.41,28.745,0.3,28.745,0,28.745,5,28.745,0.04,,,,,,,
28.752,190.41,28.752,0.3,28.752,0,28.752,5,28.752,0.04,,,,,,,
28.759,190.41,28.759,0.3,28.759,0,28.759,5,28.759,0.04,,,,,,,
28.766,190.41,28.766,0.3,28.766,0,28.766,5,28.766,0.04,,,,,,,
28.773,190.41,28.773,0.3,28.773,0,28.773,5,28.773,0.04,,,,,,,
28.78,190.41,28.78,0.3,28.78,0,28.78,5,28.78,0.04,,,,,,,
28.787,190.41,28.787,0.3,28.787,0,28.787,5,28.787,0.04,,,,,,,
28.794,190.41,28.794,0.3,28.794,0,28.794,5,28.794,0.04,,,,,,,
28.801,190.41,28.801,0.3,28.801,0,28.801,5,28.801,0.04,,,,,,,
28.808,190.41,28.808,0.3,28.808,0,28.808,5,28.808,0.04,,,,,,,
28.815,190.4095,28.815,0.3,28.815,0,28.815,5,28.815,0.04,,,,,,,
28.822,190.4052,28.822,0.3,28.822,0,28.822,5,28.822,0.04,,,,,,,
28.829,190.401,28.829,0.3,28.829,0,28.829,5,28.829,0.04,,,,,,,
28.836,190.4,28.836,0.3,28.836,0,28.836,5,28.836,0.04,,,,,,,
28.843,190.4,28.843,0.3,28.843,0,28.843,5,28.843,0.04,,,,,,,
28.85,190.4,28.85,0.3,28.85,0,28.85,5,28.85,0.04,,,,,,,
28.857,190.4,28.857,0.3,28.857,0,28.857,5,28.857,0.04,,,,,,,
28.864,190.4,28.864,0.3,28.864,0,28.864,5,28.864,0.04,,,,,,,
28.871,190.4,28.871,0.3,28.871,0,28.871,5,28.871,0.04,,,,,,,
28.878,190.4,28.878,0.3,28.878,0,28.878,5,28.878,0.04,,,,,,,
28.885,190.4,28.885,0.3,28.885,0,28.885,5,28.885,0.04,,,,,,,
28.892,190.4,28.892,0.3,28.892,0,28.892,5,28.892,0.04,,,,,,,
28.899,190.4,28.899,0.3,28.899,0,28.899,5,28.899,0.04,,,,,,,
28.906,190.4,28.906,0.3,28.906,0,28.906,5,28.906,0.04,,,,,,,
28.913,190.4,28.913,0.3,28.913,0,28.913,5,28.913,0.04,,,,,,,
28.92,190.4,28.92,0.3,28.92,0,28.92,5,28.92,0.04,,,,,,,
28.927,190.4,28.927,0.3,28.927,0,28.927,5,28.927,0.04,,,,,,,
28.934,190.3981,28.934,0.3,28.934,0,28.934,5,28.934,0.04,,,,,,,
28.941,190.3939,28.941,0.3,28.941,0,28.941,5,28.941,0.04,,,,,,,
28.948,190.39,28.948,0.3,28.948,0,28.948,5,28.948,0.04,,,,,,,
28.955,190.39,28.955,0.3,28.955,0,28.955,5,28.955,0.04,,,,,,,
28.962,190.39,28.962,0.3,28.962,0,28.962,5,28.962,0.04,,,,,,,
28.969,190.39,28.969,0.3,28.969,0,28.969,5,28.969,0.04,,,,,,,
28.976,190.39,28.976,0.3,28.976,0,28.976,5,28.976,0.04,,,,,,,
28.983,190.39,28.983,0.3,28.983,0,28.983,5,28.983,0.04,,,,,,,
28.99,190.39,28.99,0.3,28.99,0,28.99,5,28.99,0.04,,,,,,,
28.997,190.39,28.997,0.3,28.997,0,28.997,5,28.997,0.04,,,,,,,
29.004,190.3938,29.004,0.3,29.004,0,29.004,5,29.004,0.04,,,,,,,
29.011,190.398,29.011,0.3,29.011,0,29.011,5,29.011,0.04,,,,,,,
29.018,190.4,29.018,0.3,29.018,0,29.018,5,29.018,0.04,,,,,,,
29.025,190.4,29.025,0.3,29.025,0,29.025,5,29.025,0.04,,,,,,,
29.032,190.4,29.032,0.3,29.032,0,29.032,5,29.032,0.04,,,,,,,
29.039,190.4,29.039,0.3,29.039,0,29.039,5,29.039,0.04,,,,,,,
29.046,190.4,29.046,0.3,29.046,0,29.046,5,29.046,0.04,,,,,,,
29.053,190.4032,29.053,0.3,29.053,0,29.053,5,29.053,0.04,,,,,,,
29.06,190.4074,29.06,0.3,29.06,0,29.06,5,29.06,0.04,,,,,,,
29.067,190.41,29.067,0.3,29.067,0,29.067,5,29.067,0.04,,,,,,,
29.074,190.41,29.074,0.3,29.074,0,29.074,5,29.074,0.04,,,,,,,
29.081,190.41,29.081,0.3,29.081,0,29.081,5,29.081,0.04,,,,,,,
29.088,190.41,29.088,0.3,29.088,0,29.088,5,29.088,0.04,,,,,,,
29.095,190.41,29.095,0.3,29.095,0,29.095,5,29.095,0.04,,,,,,,
29.102,190.41,29.102,0.3,29.102,0,29.102,5,29.102,0.04,,,,,,,
29.109,190.41,29.109,0.3,29.109,0,29.109,5,29.109,0.04,,,,,,,
29.116,190.41,29.116,0.3,29.116,0,29.116,5,29.116,0.04,,,,,,,
29.123,190.41,29.123,0.3,29.123,0,29.123,5,29.123,0.04,,,,,,,
29.13,190.41,29.13,0.3,29.13,0,29.13,5,29.13,0.04,,,,,,,
29.137,190.41,29.137,0.3,29.137,0,29.137,5,29.137,0.04,,,,,,,
29.144,190.41,29.144,0.3,29.144,0,29.144,5,29.144,0.04,,,,,,,
29.151,190.41,29.151,0.3,29.151,0,29.151,5,29.151,0.04,,,,,,,
29.158,190.41,29.158,0.3,29.158,0,29.158,5,29.158,0.04,,,,,,,
29.165,190.41,29.165,0.3,29.165,0,29.165,5,29.165,0.04,,,,,,,
29.172,190.41,29.172,0.3,29.172,0,29.172,5,29.172,0.04,,,,,,,
29.179,190.41,29.179,0.3,29.179,0,29.179,5,29.179,0.04,,,,,,,
29.186,190.41,29.186,0.3,29.186,0,29.186,5,29.186,0.04,,,,,,,
29.193,190.41,29.193,0.3,29.193,0,29.193,5,29.193,0.04,,,,,,,
29.2,190.41,29.2,0.3,29.2,0,29.2,5,29.2,0.04,,,,,,,
29.207,190.41,29.207,0.3,29.207,0,29.207,5,29.207,0.04,,,,,,,
29.214,190.41,29.214,0.3,29.214,0,29.214,5,29.214,0.04,,,,,,,
29.221,190.41,29.221,0.3,29.221,0,29.221,5,29.221,0.04,,,,,,,
29.228,190.41,29.228,0.3,29.228,0,29.228,5,29.228,0.04,,,,,,,
29.235,190.41,29.235,0.3,29.235,0,29.235,5,29.235,0.04,,,,,,,
29.242,190.41,29.242,0.3,29.242,0,29.242,5,29.242,0.04,,,,,,,
29.249,190.41,29.249,0.3,29.249,0,29.249,5,29.249,0.04,,,,,,,
29.256,190.41,29.256,0.3,29.256,0,29.256,5,29.256,0.04,,,,,,,
29.263,190.41,29.263,0.3,29.263,0,29.263,5,29.263,0.04,,,,,,,
29.27,190.41,29.27,0.3,29.27,0,29.27,5,29.27,0.04,,,,,,,
29.277,190.41,29.277,0.3,29.277,0,29.277,5,29.277,0.04,,,,,,,
29.284,190.41,29.284,0.3,29.284,0,29.284,5,29.284,0.04,,,,,,,
29.291,190.41,29.291,0.3,29.291,0,29.291,5,29.291,0.04,,,,,,,
29.298,190.41,29.298,0.3,29.298,0,29.298,5,29.298,0.04,,,,,,,
29.305,190.41,29.305,0.3,29.305,0,29.305,5,29.305,0.04,,,,,,,
29.312,190.41,29.312,0.3,29.312,0,29.312,5,29.312,0.04,,,,,,,
29.319,190.41,29.319,0.3,29.319,0,29.319,5,29.319,0.04,,,,,,,
29.326,190.41,29.326,0.3,29.326,0,29.326,5,29.326,0.04,,,,,,,
29.333,190.41,29.333,0.3,29.333,0,29.333,5,29.333,0.04,,,,,,,
29.34,190.41,29.34,0.3,29.34,0,29.34,5,29.34,0.04,,,,,,,
29.347,190.41,29.347,0.3,29.347,0,29.347,5,29.347,0.04,,,,,,,
29.354,190.41,29.354,0.3,29.354,0,29.354,5,29.354,0.04,,,,,,,
29.361,190.41,29.361,0.3,29.361,0,29.361,5,29.361,0.04,,,,,,,
29.368,190.41,29.368,0.3,29.368,0,29.368,5,29.368,0.04,,,,,,,
29.375,190.41,29.375,0.3,29.375,0,29.375,5,29.375,0.04,,,,,,,
29.382,190.4095,29.382,0.3,29.382,0,29.382,5,29.382,0.04,,,,,,,
29.389,190.4053,29.389,0.3,29.389,0,29.389,5,29.389,0.04,,,,,,,
29.396,190.4012,29.396,0.3,29.396,0,29.396,5,29.396,0.04,,,,,,,
29.403,190.4,29.403,0.3,29.403,0,29.403,5,29.403,0.04,,,,,,,
29.41,190.4,29.41,0.3,29.41,0,29.41,5,29.41,0.04,,,,,,,
29.417,190.4,29.417,0.3,29.417,0,29.417,5,29.417,0.04,,,,,,,
29.424,190.4,29.424,0.3,29.424,0,29.424,5,29.424,0.04,,,,,,,
29.431,190.4,29.431,0.3,29.431,0,29.431,5,29.431,0.04,,,,,,,
29.438,190.4,29.438,0.3,29.438,0,29.438,5,29.438,0.04,,,,,,,
29.445,190.4,29.445,0.3,29.445,0,29.445,5,29.445,0.04,,,,,,,
29.452,190.4,29.452,0.3,29.452,0,29.452,5,29.452,0.04,,,,,,,
29.459,190.4,29.459,0.3,29.459,0,29.459,5,29.459,0.04,,,,,,,
29.466,190.4,29.466,0.3,29.466,0,29.466,5,29.466,0.04,,,,,,,
29.473,190.4,29.473,0.3,29.473,0,29.473,5,29.473,0.04,,,,,,,
29.48,190.4,29.48,0.3,29.48,0,29.48,5,29.48,0.04,,,,,,,
29.487,190.4,29.487,0.3,29.487,0,29.487,5,29.487,0.04,,,,,,,
29.494,190.4,29.494,0.3,29.494,0,29.494,5,29.494,0.04,,,,,,,
29.501,190.4018,29.501,0.3,29.501,0,29.501,5,29.501,0.04,,,,,,,
29.507,190.406,29.507,0.3,29.507,0,29.507,5,29.507,0.04,,,,,,,
29.514,190.41,29.514,0.3,29.514,0,29.514,5,29.514,0.04,,,,,,,
29.521,190.41,29.521,0.3,29.521,0,29.521,5,29.521,0.04,,,,,,,
29.528,190.41,29.528,0.3,29.528,0,29.528,5,29.528,0.04,,,,,,,
29.535,190.41,29.535,0.3,29.535,0,29.535,5,29.535,0.04,,,,,,,
29.542,190.41,29.542,0.3,29.542,0,29.542,5,29.542,0.04,,,,,,,
29.549,190.41,29.549,0.3,29.549,0,29.549,5,29.549,0.04,,,,,,,
29.556,190.41,29.556,0.3,29.556,0,29.556,5,29.556,0.04,,,,,,,
29.563,190.41,29.563,0.3,29.563,0,29.563,5,29.563,0.04,,,,,,,
29.57,190.4063,29.57,0.3,29.57,0,29.57,5,29.57,0.04,,,,,,,
29.577,190.4021,29.577,0.3,29.577,0,29.577,5,29.577,0.04,,,,,,,
29.584,190.4,29.584,0.3,29.584,0,29.584,5,29.584,0.04,,,,,,,
29.591,190.4,29.591,0.3,29.591,0,29.591,5,29.591,0.04,,,,,,,
29.598,190.4,29.598,0.3,29.598,0,29.598,5,29.598,0.04,,,,,,,
29.605,190.4,29.605,0.3,29.605,0,29.605,5,29.605,0.04,,,,,,,
29.612,190.4,29.612,0.3,29.612,0,29.612,5,29.612,0.04,,,,,,,
29.619,190.4,29.619,0.3,29.619,0,29.619,5,29.619,0.04,,,,,,,
29.626,190.4,29.626,0.3,29.626,0,29.626,5,29.626,0.04,,,,,,,
29.633,190.4,29.633,0.3,29.633,0,29.633,5,29.633,0.04,,,,,,,
29.64,190.4,29.64,0.3,29.64,0,29.64,5,29.64,0.04,,,,,,,
29.647,190.4,29.647,0.3,29.647,0,29.647,5,29.647,0.04,,,,,,,
29.654,190.4,29.654,0.3,29.654,0,29.654,5,29.654,0.04,,,,,,,
29.661,190.4,29.661,0.3,29.661,0,29.661,5,29.661,0.04,,,,,,,
29.668,190.4,29.668,0.3,29.668,0,29.668,5,29.668,0.04,,,,,,,
29.675,190.4,29.675,0.3,29.675,0,29.675,5,29.675,0.04,,,,,,,
29.682,190.4,29.682,0.3,29.682,0,29.682,5,29.682,0.04,,,,,,,
29.689,190.4,29.689,0.3,29.689,0,29.689,5,29.689,0.04,,,,,,,
29.696,190.4,29.696,0.3,29.696,0,29.696,5,29.696,0.04,,,,,,,
29.703,190.4,29.703,0.3,29.703,0,29.703,5,29.703,0.04,,,,,,,
29.71,190.4,29.71,0.3,29.71,0,29.71,5,29.71,0.04,,,,,,,
29.717,190.4,29.717,0.3,29.717,0,29.717,5,29.717,0.04,,,,,,,
29.724,190.4,29.724,0.3,29.724,0,29.724,5,29.724,0.04,,,,,,,
29.731,190.4,29.731,0.3,29.731,0,29.731,5,29.731,0.04,,,,,,,
29.738,190.4,29.738,0.3,29.738,0,29.738,5,29.738,0.04,,,,,,,
29.745,190.4,29.745,0.3,29.745,0,29.745,5,29.745,0.04,,,,,,,
29.752,190.4,29.752,0.3,29.752,0,29.752,5,29.752,0.04,,,,,,,
29.759,190.4,29.759,0.3,29.759,0,29.759,5,29.759,0.04,,,,,,,
29.766,190.4,29.766,0.3,29.766,0,29.766,5,29.766,0.04,,,,,,,
29.773,190.4,29.773,0.3,29.773,0,29.773,5,29.773,0.04,,,,,,,
29.78,190.4,29.78,0.3,29.78,0,29.78,5,29.78,0.04,,,,,,,
29.787,190.4038,29.787,0.3,29.787,0,29.787,5,29.787,0.04,,,,,,,
29.794,190.408,29.794,0.3,29.794,0,29.794,5,29.794,0.04,,,,,,,
29.801,190.41,29.801,0.3,29.801,0,29.801,5,29.801,0.04,,,,,,,
29.808,190.41,29.808,0.3,29.808,0,29.808,5,29.808,0.04,,,,,,,
29.815,190.41,29.815,0.3,29.815,0,29.815,5,29.815,0.04,,,,,,,
29.822,190.41,29.822,0.3,29.822,0,29.822,5,29.822,0.04,,,,,,,
29.829,190.41,29.829,0.3,29.829,0,29.829,5,29.829,0.04,,,,,,,
29.836,190.4132,29.836,0.3,29.836,0,29.836,5,29.836,0.04,,,,,,,
29.843,190.4174,29.843,0.3,29.843,0,29.843,5,29.843,0.04,,,,,,,
29.85,190.42,29.85,0.3,29.85,0,29.85,5,29.85,0.04,,,,,,,
29.857,190.42,29.857,0.3,29.857,0,29.857,5,29.857,0.04,,,,,,,
29.864,190.42,29.864,0.3,29.864,0,29.864,5,29.864,0.04,,,,,,,
29.871,190.42,29.871,0.3,29.871,0,29.871,5,29.871,0.04,,,,,,,
29.878,190.42,29.878,0.3,29.878,0,29.878,5,29.878,0.04,,,,,,,
29.885,190.42,29.885,0.3,29.885,0,29.885,5,29.885,0.04,,,,,,,
29.892,190.42,29.892,0.3,29.892,0,29.892,5,29.892,0.04,,,,,,,
29.899,190.4191,29.899,0.3,29.899,0,29.899,5,29.899,0.04,,,,,,,
29.906,190.4149,29.906,0.3,29.906,0,29.906,5,29.906,0.04,,,,,,,
29.913,190.4107,29.913,0.3,29.913,0,29.913,5,29.913,0.04,,,,,,,
29.92,190.41,29.92,0.3,29.92,0,29.92,5,29.92,0.04,,,,,,,
29.927,190.41,29.927,0.3,29.927,0,29.927,5,29.927,0.04,,,,,,,
29.934,190.41,29.934,0.3,29.934,0,29.934,5,29.934,0.04,,,,,,,
29.941,190.41,29.941,0.3,29.941,0,29.941,5,29.941,0.04,,,,,,,
29.948,190.4103,29.948,0.3,29.948,0,29.948,5,29.948,0.04,,,,,,,
29.955,190.4145,29.955,0.3,29.955,0,29.955,5,29.955,0.04,,,,,,,
29.962,190.4187,29.962,0.3,29.962,0,29.962,5,29.962,0.04,,,,,,,
29.969,190.42,29.969,0.3,29.969,0,29.969,5,29.969,0.04,,,,,,,
29.976,190.42,29.976,0.3,29.976,0,29.976,5,29.976,0.04,,,,,,,
29.983,190.42,29.983,0.3,29.983,0,29.983,5,29.983,0.04,,,,,,,
29.99,190.42,29.99,0.3,29.99,0,29.99,5,29.99,0.04,,,,,,,
29.997,190.42,29.997,0.3,29.997,0,29.997,5,29.997,0.04,,,,,,,
30.004,190.42,30.004,0.3,30.004,0,30.004,5,30.004,0.04,,,,,,,
30.011,190.42,30.011,0.3,30.011,0,30.011,5,30.011,0.04,,,,,,,
30.018,190.42,30.018,0.3,30.018,0,30.018,5,30.018,0.04,,,,,,,
30.025,190.42,30.025,0.3,30.025,0,30.025,5,30.025,0.04,,,,,,,
30.032,190.42,30.032,0.3,30.032,0,30.032,5,30.032,0.04,,,,,,,
30.039,190.42,30.039,0.3,30.039,0,30.039,5,30.039,0.04,,,,,,,
30.046,190.42,30.046,0.3,30.046,0,30.046,5,30.046,0.04,,,,,,,
30.053,190.42,30.053,0.3,30.053,0,30.053,5,30.053,0.04,,,,,,,
30.06,190.42,30.06,0.3,30.06,0,30.06,5,30.06,0.04,,,,,,,
30.067,190.42,30.067,0.3,30.067,0,30.067,5,30.067,0.04,,,,,,,
30.074,190.42,30.074,0.3,30.074,0,30.074,5,30.074,0.04,,,,,,,
30.081,190.4199,30.081,0.3,30.081,0,30.081,5,30.081,0.04,,,,,,,
30.088,190.4157,30.088,0.3,30.088,0,30.088,5,30.088,0.04,,,,,,,
30.095,190.4115,30.095,0.3,30.095,0,30.095,5,30.095,0.04,,,,,,,
30.102,190.4074,30.102,0.3,30.102,0,30.102,5,30.102,0.04,,,,,,,
30.109,190.4032,30.109,0.3,30.109,0,30.109,5,30.109,0.04,,,,,,,
30.116,190.4,30.116,0.3,30.116,0,30.116,5,30.116,0.04,,,,,,,
30.123,190.4,30.123,0.3,30.123,0,30.123,5,30.123,0.04,,,,,,,
30.13,190.4,30.13,0.3,30.13,0,30.13,5,30.13,0.04,,,,,,,
30.137,190.4,30.137,0.3,30.137,0,30.137,5,30.137,0.04,,,,,,,
30.144,190.4,30.144,0.3,30.144,0,30.144,5,30.144,0.04,,,,,,,
30.151,190.4,30.151,0.3,30.151,0,30.151,5,30.151,0.04,,,,,,,
30.158,190.4,30.158,0.3,30.158,0,30.158,5,30.158,0.04,,,,,,,
30.165,190.4,30.165,0.3,30.165,0,30.165,5,30.165,0.04,,,,,,,
30.172,190.4,30.172,0.3,30.172,0,30.172,5,30.172,0.04,,,,,,,
30.179,190.4,30.179,0.3,30.179,0,30.179,5,30.179,0.04,,,,,,,
30.186,190.4,30.186,0.3,30.186,0,30.186,5,30.186,0.04,,,,,,,
30.193,190.4,30.193,0.3,30.193,0,30.193,5,30.193,0.04,,,,,,,
30.2,190.4,30.2,0.3,30.2,0,30.2,5,30.2,0.04,,,,,,,
30.207,190.4,30.207,0.3,30.207,0,30.207,5,30.207,0.04,,,,,,,
30.214,190.4,30.214,0.3,30.214,0,30.214,5,30.214,0.04,,,,,,,
30.221,190.4,30.221,0.3,30.221,0,30.221,5,30.221,0.04,,,,,,,
30.228,190.4,30.228,0.3,30.228,0,30.228,5,30.228,0.04,,,,,,,
30.235,190.4,30.235,0.3,30.235,0,30.235,5,30.235,0.04,,,,,,,
30.242,190.4,30.242,0.3,30.242,0,30.242,5,30.242,0.04,,,,,,,
30.249,190.4,30.249,0.3,30.249,0,30.249,5,30.249,0.04,,,,,,,
30.256,190.4,30.256,0.3,30.256,0,30.256,5,30.256,0.04,,,,,,,
30.263,190.4,30.263,0.3,30.263,0,30.263,5,30.263,0.04,,,,,,,
30.27,190.4,30.27,0.3,30.27,0,30.27,5,30.27,0.04,,,,,,,
30.277,190.4,30.277,0.3,30.277,0,30.277,5,30.277,0.04,,,,,,,
30.284,190.4,30.284,0.3,30.284,0,30.284,5,30.284,0.04,,,,,,,
30.291,190.4,30.291,0.3,30.291,0,30.291,5,30.291,0.04,,,,,,,
30.298,190.4,30.298,0.3,30.298,0,30.298,5,30.298,0.04,,,,,,,
30.305,190.4,30.305,0.3,30.305,0,30.305,5,30.305,0.04,,,,,,,
30.312,190.4,30.312,0.3,30.312,0,30.312,5,30.312,0.04,,,,,,,
30.319,190.4,30.319,0.3,30.319,0,30.319,5,30.319,0.04,,,,,,,
30.326,190.4,30.326,0.3,30.326,0,30.326,5,30.326,0.04,,,,,,,
30.333,190.4,30.333,0.3,30.333,0,30.333,5,30.333,0.04,,,,,,,
30.34,190.4,30.34,0.3,30.34,0,30.34,5,30.34,0.04,,,,,,,
30.347,190.4,30.347,0.3,30.347,0,30.347,5,30.347,0.04,,,,,,,
30.354,190.4,30.354,0.3,30.354,0,30.354,5,30.354,0.04,,,,,,,
30.361,190.4,30.361,0.3,30.361,0,30.361,5,30.361,0.04,,,,,,,
30.368,190.4,30.368,0.3,30.368,0,30.368,5,30.368,0.04,,,,,,,
30.375,190.4,30.375,0.3,30.375,0,30.375,5,30.375,0.04,,,,,,,
30.382,190.4,30.382,0.3,30.382,0,30.382,5,30.382,0.04050479,,,,,,,
30.389,190.4,30.389,0.3,30.389,0,30.389,5,30.389,0.04469164,,,,,,,
30.396,190.4,30.396,0.3,30.396,0,30.396,5,30.396,0.04887848,,,,,,,
30.403,190.4,30.403,0.3,30.403,0,30.403,5,30.403,0.05,,,,,,,
30.41,190.4,30.41,0.3,30.41,0,30.41,5,30.41,0.05,,,,,,,
30.417,190.4,30.417,0.3,30.417,0,30.417,5,30.417,0.05,,,,,,,
30.424,190.4,30.424,0.3,30.424,0,30.424,5,30.424,0.05,,,,,,,
30.431,190.4,30.431,0.3,30.431,0,30.431,5,30.431,0.05,,,,,,,
30.438,190.4,30.438,0.3,30.438,0,30.438,5,30.438,0.05,,,,,,,
30.445,190.4,30.445,0.3,30.445,0,30.445,5,30.445,0.05,,,,,,,
30.452,190.4,30.452,0.3,30.452,0,30.452,5,30.452,0.05,,,,,,,
30.459,190.4,30.459,0.3,30.459,0,30.459,5,30.459,0.05,,,,,,,
30.466,190.4009,30.466,0.3,30.466,0,30.466,5,30.466,0.05,,,,,,,
30.473,190.4051,30.473,0.3,30.473,0,30.473,5,30.473,0.05,,,,,,,
30.48,190.4093,30.48,0.3,30.48,0,30.48,5,30.48,0.05,,,,,,,
30.487,190.4134,30.487,0.3,30.487,0,30.487,5,30.487,0.05,,,,,,,
30.494,190.4176,30.494,0.3,30.494,0,30.494,5,30.494,0.05,,,,,,,
30.501,190.1883,30.501,0.3,30.501,0,30.501,5,30.501,0.04087776,,,,,,,
30.508,189.6531,30.508,0.3,30.508,0,30.508,5,30.508,0.01980698,,,,,,,
30.515,189.15,30.515,0.3,30.515,0,30.515,5,30.515,0,,,,,,,
30.522,189.15,30.522,0.3,30.522,0,30.522,5,30.522,0,,,,,,,
30.529,189.15,30.529,0.3,30.529,0,30.529,5,30.529,0,,,,,,,
30.536,189.15,30.536,0.3,30.536,0,30.536,5,30.536,0,,,,,,,
30.543,189.15,30.543,0.3,30.543,0,30.543,5,30.543,0,,,,,,,
30.55,189.1512,30.55,0.3,30.55,0,30.55,5,30.55,0,,,,,,,
30.557,189.1554,30.557,0.3,30.557,0,30.557,5,30.557,0,,,,,,,
30.564,189.1596,30.564,0.3,30.564,0,30.564,5,30.564,0,,,,,,,
30.571,189.1562,30.571,0.3,30.571,0,30.571,5,30.571,0,,,,,,,
30.578,189.152,30.578,0.3,30.578,0,30.578,5,30.578,0,,,,,,,
30.585,189.15,30.585,0.3,30.585,0,30.585,5,30.585,0,,,,,,,
30.592,189.15,30.592,0.3,30.592,0,30.592,5,30.592,0,,,,,,,
30.599,189.15,30.599,0.3,30.599,0,30.599,5,30.599,0,,,,,,,
30.606,189.15,30.606,0.3,30.606,0,30.606,5,30.606,0,,,,,,,
30.613,189.15,30.613,0.3,30.613,0,30.613,5,30.613,0,,,,,,,
30.62,189.15,30.62,0.3,30.62,0,30.62,5,30.62,0,,,,,,,
30.627,189.15,30.627,0.3,30.627,0,30.627,5,30.627,0,,,,,,,
30.634,189.15,30.634,0.3,30.634,0,30.634,5,30.634,0.001560073,,,,,,,
30.641,189.15,30.641,0.3,30.641,0,30.641,5,30.641,0.005746916,,,,,,,
30.648,189.15,30.648,0.3,30.648,0,30.648,5,30.648,0.009936044,,,,,,,
30.655,189.15,30.655,0.3,30.655,0,30.655,5,30.655,0.01,,,,,,,
30.662,189.15,30.662,0.3,30.662,0,30.662,5,30.662,0.01,,,,,,,
30.669,189.15,30.669,0.3,30.669,0,30.669,5,30.669,0.01,,,,,,,
30.676,189.15,30.676,0.3,30.676,0,30.676,5,30.676,0.01,,,,,,,
30.683,189.1509,30.683,0.3,30.683,0,30.683,5,30.683,0.01,,,,,,,
30.69,189.1551,30.69,0.3,30.69,0,30.69,5,30.69,0.01,,,,,,,
30.697,189.1593,30.697,0.3,30.697,0,30.697,5,30.697,0.01,,,,,,,
30.704,189.16,30.704,0.3,30.704,0,30.704,5,30.704,0.01,,,,,,,
30.711,189.16,30.711,0.3,30.711,0,30.711,5,30.711,0.01,,,,,,,
30.718,189.16,30.718,0.3,30.718,0,30.718,5,30.718,0.01386935,,,,,,,
30.724,189.16,30.724,0.3,30.724,0,30.724,5,30.724,0.02224303,,,,,,,
30.731,189.16,30.731,0.3,30.731,0,30.731,5,30.731,0.03,,,,,,,
30.738,189.16,30.738,0.3,30.738,0,30.738,5,30.738,0.03,,,,,,,
30.745,189.16,30.745,0.3,30.745,0,30.745,5,30.745,0.03,,,,,,,
30.752,189.1629,30.752,0.3,30.752,0,30.752,5,30.752,0.03,,,,,,,
30.759,189.1671,30.759,0.3,30.759,0,30.759,5,30.759,0.03,,,,,,,
30.766,189.17,30.766,0.3,30.766,0,30.766,5,30.766,0.03,,,,,,,
30.773,189.17,30.773,0.3,30.773,0,30.773,5,30.773,0.03,,,,,,,
30.78,189.17,30.78,0.3,30.78,0,30.78,5,30.78,0.03,,,,,,,
30.787,189.17,30.787,0.3,30.787,0,30.787,5,30.787,0.03,,,,,,,
30.794,189.17,30.794,0.3,30.794,0,30.794,5,30.794,0.03,,,,,,,
30.801,189.1723,30.801,0.3,30.801,0,30.801,5,30.801,0.03,,,,,,,
30.808,189.1765,30.808,0.3,30.808,0,30.808,5,30.808,0.03,,,,,,,
30.815,189.18,30.815,0.3,30.815,0,30.815,5,30.815,0.03,,,,,,,
30.822,189.18,30.822,0.3,30.822,0,30.822,5,30.822,0.03,,,,,,,
30.829,189.18,30.829,0.3,30.829,0,30.829,5,30.829,0.03,,,,,,,
30.836,189.18,30.836,0.3,30.836,0,30.836,5,30.836,0.03,,,,,,,
30.843,189.18,30.843,0.3,30.843,0,30.843,5,30.843,0.03,,,,,,,
30.85,189.18,30.85,0.3,30.85,0,30.85,5,30.85,0.03,,,,,,,
30.857,189.18,30.857,0.3,30.857,0,30.857,5,30.857,0.03,,,,,,,
30.864,189.1801,30.864,0.3,30.864,0,30.864,5,30.864,0.03,,,,,,,
30.871,189.1842,30.871,0.3,30.871,0,30.871,5,30.871,0.03,,,,,,,
30.878,189.1884,30.878,0.3,30.878,0,30.878,5,30.878,0.03,,,,,,,
30.885,189.1926,30.885,0.3,30.885,0,30.885,5,30.885,0.03261763,,,,,,,
30.892,189.1968,30.892,0.3,30.892,0,30.892,5,30.892,0.03680447,,,,,,,
30.899,189.2,30.899,0.3,30.899,0,30.899,5,30.899,0.04,,,,,,,
30.906,189.2,30.906,0.3,30.906,0,30.906,5,30.906,0.04,,,,,,,
30.913,189.2,30.913,0.3,30.913,0,30.913,5,30.913,0.04,,,,,,,
30.92,189.2,30.92,0.3,30.92,0,30.92,5,30.92,0.04,,,,,,,
30.927,189.2,30.927,0.3,30.927,0,30.927,5,30.927,0.04,,,,,,,
30.934,189.206,30.934,0.3,30.934,0,30.934,5,30.934,0.04,,,,,,,
30.941,189.2185,30.941,0.3,30.941,0,30.941,5,30.941,0.04,,,,,,,
30.948,189.2304,30.948,0.3,30.948,0,30.948,5,30.948,0.04,,,,,,,
30.955,189.2346,30.955,0.3,30.955,0,30.955,5,30.955,0.04,,,,,,,
30.962,189.2388,30.962,0.3,30.962,0,30.962,5,30.962,0.04,,,,,,,
30.969,189.24,30.969,0.3,30.969,0,30.969,5,30.969,0.04,,,,,,,
30.976,189.24,30.976,0.3,30.976,0,30.976,5,30.976,0.04,,,,,,,
30.983,189.24,30.983,0.3,30.983,0,30.983,5,30.983,0.04,,,,,,,
30.99,189.24,30.99,0.3,30.99,0,30.99,5,30.99,0.04,,,,,,,
30.997,189.24,30.997,0.3,30.997,0,30.997,5,30.997,0.04,,,,,,,
31.004,189.2479,31.004,0.3,31.004,0,31.004,5,31.004,0.04,,,,,,,
31.011,189.2563,31.011,0.3,31.011,0,31.011,5,31.011,0.04,,,,,,,
31.018,189.2624,31.018,0.3,31.018,0,31.018,5,31.018,0.04,,,,,,,
31.025,189.2666,31.025,0.3,31.025,0,31.025,5,31.025,0.04,,,,,,,
31.032,189.27,31.032,0.3,31.032,0,31.032,5,31.032,0.04,,,,,,,
31.039,189.27,31.039,0.3,31.039,0,31.039,5,31.039,0.04,,,,,,,
31.046,189.27,31.046,0.3,31.046,0,31.046,5,31.046,0.04,,,,,,,
31.053,189.2766,31.053,0.3,31.053,0,31.053,5,31.053,0.03667739,,,,,,,
31.06,189.2851,31.06,0.3,31.06,0,31.06,5,31.06,0.03246553,,,,,,,
31.067,189.2935,31.067,0.3,31.067,0,31.067,5,31.067,0.03,,,,,,,
31.074,189.3018,31.074,0.3,31.074,0,31.074,5,31.074,0.03,,,,,,,
31.081,189.3101,31.081,0.3,31.081,0,31.081,5,31.081,0.03,,,,,,,
31.088,189.3143,31.088,0.3,31.088,0,31.088,5,31.088,0.03,,,,,,,
31.095,189.3185,31.095,0.3,31.095,0,31.095,5,31.095,0.03,,,,,,,
31.102,189.32,31.102,0.3,31.102,0,31.102,5,31.102,0.03,,,,,,,
31.109,189.32,31.109,0.3,31.109,0,31.109,5,31.109,0.03,,,,,,,
31.116,189.3211,31.116,0.3,31.116,0,31.116,5,31.116,0.03,,,,,,,
31.123,189.3253,31.123,0.3,31.123,0,31.123,5,31.123,0.03,,,,,,,
31.13,189.3295,31.13,0.3,31.13,0,31.13,5,31.13,0.03,,,,,,,
31.137,189.3447,31.137,0.3,31.137,0,31.137,5,31.137,0.03367291,,,,,,,
31.144,189.3614,31.144,0.3,31.144,0,31.144,5,31.144,0.03785975,,,,,,,
31.151,189.37,31.151,0.3,31.151,0,31.151,5,31.151,0.04,,,,,,,
31.158,189.37,31.158,0.3,31.158,0,31.158,5,31.158,0.04,,,,,,,
31.165,189.37,31.165,0.3,31.165,0,31.165,5,31.165,0.04,,,,,,,
31.172,189.37,31.172,0.3,31.172,0,31.172,5,31.172,0.04,,,,,,,
31.179,189.37,31.179,0.3,31.179,0,31.179,5,31.179,0.04,,,,,,,
31.186,189.3761,31.186,0.3,31.186,0,31.186,5,31.186,0.04,,,,,,,
31.193,189.3845,31.193,0.3,31.193,0,31.193,5,31.193,0.04,,,,,,,
31.2,189.3943,31.2,0.3,31.2,0,31.2,5,31.2,0.04,,,,,,,
31.207,189.4069,31.207,0.3,31.207,0,31.207,5,31.207,0.04,,,,,,,
31.214,189.4196,31.214,0.3,31.214,0,31.214,5,31.214,0.04,,,,,,,
31.221,189.42,31.221,0.3,31.221,0,31.221,5,31.221,0.04,,,,,,,
31.228,189.42,31.228,0.3,31.228,0,31.228,5,31.228,0.04,,,,,,,
31.235,189.42,31.235,0.3,31.235,0,31.235,5,31.235,0.04,,,,,,,
31.242,189.42,31.242,0.3,31.242,0,31.242,5,31.242,0.04,,,,,,,
31.249,189.4224,31.249,0.3,31.249,0,31.249,5,31.249,0.04,,,,,,,
31.256,189.435,31.256,0.3,31.256,0,31.256,5,31.256,0.04,,,,,,,
31.263,189.4477,31.263,0.3,31.263,0,31.263,5,31.263,0.04,,,,,,,
31.27,189.4603,31.27,0.3,31.27,0,31.27,5,31.27,0.04,,,,,,,
31.277,189.4728,31.277,0.3,31.277,0,31.277,5,31.277,0.04,,,,,,,
31.284,189.48,31.284,0.3,31.284,0,31.284,5,31.284,0.04,,,,,,,
31.291,189.48,31.291,0.3,31.291,0,31.291,5,31.291,0.04,,,,,,,
31.298,189.48,31.298,0.3,31.298,0,31.298,5,31.298,0.04,,,,,,,
31.305,189.48,31.305,0.3,31.305,0,31.305,5,31.305,0.04,,,,,,,
31.312,189.48,31.312,0.3,31.312,0,31.312,5,31.312,0.04,,,,,,,
31.319,189.4884,31.319,0.3,31.319,0,31.319,5,31.319,0.04,,,,,,,
31.326,189.5009,31.326,0.3,31.326,0,31.326,5,31.326,0.04,,,,,,,
31.333,189.5135,31.333,0.3,31.333,0,31.333,5,31.333,0.04,,,,,,,
31.34,189.5261,31.34,0.3,31.34,0,31.34,5,31.34,0.04,,,,,,,
31.347,189.5386,31.347,0.3,31.347,0,31.347,5,31.347,0.04,,,,,,,
31.354,189.54,31.354,0.3,31.354,0,31.354,5,31.354,0.04,,,,,,,
31.361,189.54,31.361,0.3,31.361,0,31.361,5,31.361,0.04,,,,,,,
31.368,189.54,31.368,0.3,31.368,0,31.368,5,31.368,0.04,,,,,,,
31.375,189.54,31.375,0.3,31.375,0,31.375,5,31.375,0.04,,,,,,,
31.382,189.5427,31.382,0.3,31.382,0,31.382,5,31.382,0.04,,,,,,,
31.389,189.5636,31.389,0.3,31.389,0,31.389,5,31.389,0.04,,,,,,,
31.396,189.5846,31.396,0.3,31.396,0,31.396,5,31.396,0.04,,,,,,,
31.403,189.5994,31.403,0.3,31.403,0,31.403,5,31.403,0.04,,,,,,,
31.41,189.612,31.41,0.3,31.41,0,31.41,5,31.41,0.04,,,,,,,
31.417,189.62,31.417,0.3,31.417,0,31.417,5,31.417,0.04,,,,,,,
31.424,189.62,31.424,0.3,31.424,0,31.424,5,31.424,0.04,,,,,,,
31.431,189.62,31.431,0.3,31.431,0,31.431,5,31.431,0.04,,,,,,,
31.438,189.6241,31.438,0.3,31.438,0,31.438,5,31.438,0.04,,,,,,,
31.445,189.6283,31.445,0.3,31.445,0,31.445,5,31.445,0.04,,,,,,,
31.452,189.6375,31.452,0.3,31.452,0,31.452,5,31.452,0.04,,,,,,,
31.459,189.6501,31.459,0.3,31.459,0,31.459,5,31.459,0.04,,,,,,,
31.466,189.6628,31.466,0.3,31.466,0,31.466,5,31.466,0.04,,,,,,,
31.473,189.6753,31.473,0.3,31.473,0,31.473,5,31.473,0.04,,,,,,,
31.48,189.6879,31.48,0.3,31.48,0,31.48,5,31.48,0.04,,,,,,,
31.487,189.69,31.487,0.3,31.487,0,31.487,5,31.487,0.04,,,,,,,
31.494,189.69,31.494,0.3,31.494,0,31.494,5,31.494,0.04,,,,,,,
31.501,189.6937,31.501,0.3,31.501,0,31.501,5,31.501,0.04,,,,,,,
31.508,189.7022,31.508,0.3,31.508,0,31.508,5,31.508,0.04,,,,,,,
31.515,189.7112,31.515,0.3,31.515,0,31.515,5,31.515,0.04,,,,,,,
31.522,189.7279,31.522,0.3,31.522,0,31.522,5,31.522,0.04,,,,,,,
31.529,189.7447,31.529,0.3,31.529,0,31.529,5,31.529,0.04,,,,,,,
31.536,189.7529,31.536,0.3,31.536,0,31.536,5,31.536,0.04,,,,,,,
31.543,189.757,31.543,0.3,31.543,0,31.543,5,31.543,0.04,,,,,,,
31.55,189.76,31.55,0.3,31.55,0,31.55,5,31.55,0.04,,,,,,,
31.557,189.76,31.557,0.3,31.557,0,31.557,5,31.557,0.04,,,,,,,
31.564,189.76,31.564,0.3,31.564,0,31.564,5,31.564,0.04,,,,,,,
31.571,189.7715,31.571,0.3,31.571,0,31.571,5,31.571,0.04,,,,,,,
31.578,189.7841,31.578,0.3,31.578,0,31.578,5,31.578,0.04,,,,,,,
31.585,189.8011,31.585,0.3,31.585,0,31.585,5,31.585,0.04,,,,,,,
31.592,189.8221,31.592,0.3,31.592,0,31.592,5,31.592,0.04,,,,,,,
31.599,189.84,31.599,0.3,31.599,0,31.599,5,31.599,0.04,,,,,,,
31.606,189.84,31.606,0.3,31.606,0,31.606,5,31.606,0.04,,,,,,,
31.613,189.84,31.613,0.3,31.613,0,31.613,5,31.613,0.04,,,,,,,
31.62,189.84,31.62,0.3,31.62,0,31.62,5,31.62,0.04,,,,,,,
31.627,189.84,31.627,0.3,31.627,0,31.627,5,31.627,0.04,,,,,,,
31.634,189.8464,31.634,0.3,31.634,0,31.634,5,31.634,0.04,,,,,,,
31.641,189.8631,31.641,0.3,31.641,0,31.641,5,31.641,0.04,,,,,,,
31.648,189.8799,31.648,0.3,31.648,0,31.648,5,31.648,0.04,,,,,,,
31.655,189.8968,31.655,0.3,31.655,0,31.655,5,31.655,0.04,,,,,,,
31.662,189.9136,31.662,0.3,31.662,0,31.662,5,31.662,0.04,,,,,,,
31.669,189.92,31.669,0.3,31.669,0,31.669,5,31.669,0.04,,,,,,,
31.676,189.92,31.676,0.3,31.676,0,31.676,5,31.676,0.04,,,,,,,
31.683,189.92,31.683,0.3,31.683,0,31.683,5,31.683,0.04,,,,,,,
31.69,189.92,31.69,0.3,31.69,0,31.69,5,31.69,0.04,,,,,,,
31.697,189.92,31.697,0.3,31.697,0,31.697,5,31.697,0.04,,,,,,,
31.704,189.9342,31.704,0.3,31.704,0,31.704,5,31.704,0.04,,,,,,,
31.711,189.9511,31.711,0.3,31.711,0,31.711,5,31.711,0.04,,,,,,,
31.718,189.9679,31.718,0.3,31.718,0,31.718,5,31.718,0.04,,,,,,,
31.725,189.9846,31.725,0.3,31.725,0,31.725,5,31.725,0.04,,,,,,,
31.732,190,31.732,0.3,31.732,0,31.732,5,31.732,0.04,,,,,,,
31.739,190,31.739,0.3,31.739,0,31.739,5,31.739,0.04,,,,,,,
31.746,190,31.746,0.3,31.746,0,31.746,5,31.746,0.04,,,,,,,
31.753,190,31.753,0.3,31.753,0,31.753,5,31.753,0.04,,,,,,,
31.76,190,31.76,0.3,31.76,0,31.76,5,31.76,0.04,,,,,,,
31.767,190.0067,31.767,0.3,31.767,0,31.767,5,31.767,0.04,,,,,,,
31.774,190.0277,31.774,0.3,31.774,0,31.774,5,31.774,0.04,,,,,,,
31.781,190.0486,31.781,0.3,31.781,0,31.781,5,31.781,0.04,,,,,,,
31.788,190.0578,31.788,0.3,31.788,0,31.788,5,31.788,0.04,,,,,,,
31.795,190.0662,31.795,0.3,31.795,0,31.795,5,31.795,0.04,,,,,,,
31.802,190.07,31.802,0.3,31.802,0,31.802,5,31.802,0.04,,,,,,,
31.809,190.07,31.809,0.3,31.809,0,31.809,5,31.809,0.04,,,,,,,
31.816,190.07,31.816,0.3,31.816,0,31.816,5,31.816,0.04,,,,,,,
31.823,190.07,31.823,0.3,31.823,0,31.823,5,31.823,0.04,,,,,,,
31.83,190.07,31.83,0.3,31.83,0,31.83,5,31.83,0.04,,,,,,,
31.837,190.0864,31.837,0.3,31.837,0,31.837,5,31.837,0.04,,,,,,,
31.844,190.1073,31.844,0.3,31.844,0,31.844,5,31.844,0.04,,,,,,,
31.851,190.1233,31.851,0.3,31.851,0,31.851,5,31.851,0.04,,,,,,,
31.858,190.1318,31.858,0.3,31.858,0,31.858,5,31.858,0.04,,,,,,,
31.865,190.14,31.865,0.3,31.865,0,31.865,5,31.865,0.04,,,,,,,
31.872,190.14,31.872,0.3,31.872,0,31.872,5,31.872,0.04,,,,,,,
31.879,190.14,31.879,0.3,31.879,0,31.879,5,31.879,0.04,,,,,,,
31.886,190.1427,31.886,0.3,31.886,0,31.886,5,31.886,0.04,,,,,,,
31.893,190.1468,31.893,0.3,31.893,0,31.893,5,31.893,0.04,,,,,,,
31.9,190.1541,31.9,0.3,31.9,0,31.9,5,31.9,0.04,,,,,,,
31.907,190.171,31.907,0.3,31.907,0,31.907,5,31.907,0.04,,,,,,,
31.914,190.1879,31.914,0.3,31.914,0,31.914,5,31.914,0.04,,,,,,,
31.921,190.1936,31.921,0.3,31.921,0,31.921,5,31.921,0.04,,,,,,,
31.928,190.1978,31.928,0.3,31.928,0,31.928,5,31.928,0.04,,,,,,,
31.935,190.2,31.935,0.3,31.935,0,31.935,5,31.935,0.04,,,,,,,
31.941,190.2,31.941,0.3,31.941,0,31.941,5,31.941,0.04,,,,,,,
31.948,190.2008,31.948,0.3,31.948,0,31.948,5,31.948,0.04,,,,,,,
31.955,190.2092,31.955,0.3,31.955,0,31.955,5,31.955,0.04,,,,,,,
31.962,190.2177,31.962,0.3,31.962,0,31.962,5,31.962,0.04,,,,,,,
31.969,190.2261,31.969,0.3,31.969,0,31.969,5,31.969,0.04,,,,,,,
31.976,190.2344,31.976,0.3,31.976,0,31.976,5,31.976,0.04,,,,,,,
31.983,190.2414,31.983,0.3,31.983,0,31.983,5,31.983,0.04,,,,,,,
31.99,190.2456,31.99,0.3,31.99,0,31.99,5,31.99,0.04,,,,,,,
31.997,190.2498,31.997,0.3,31.997,0,31.997,5,31.997,0.04,,,,,,,
32.004,190.25,32.004,0.3,32.004,0,32.004,5,32.004,0.04,,,,,,,
32.011,190.25,32.011,0.3,32.011,0,32.011,5,32.011,0.04,,,,,,,
32.018,190.2524,32.018,0.3,32.018,0,32.018,5,32.018,0.04,,,,,,,
32.025,190.2566,32.025,0.3,32.025,0,32.025,5,32.025,0.04,,,,,,,
32.032,190.2616,32.032,0.3,32.032,0,32.032,5,32.032,0.04,,,,,,,
32.039,190.2699,32.039,0.3,32.039,0,32.039,5,32.039,0.04,,,,,,,
32.046,190.2783,32.046,0.3,32.046,0,32.046,5,32.046,0.04,,,,,,,
32.053,190.28,32.053,0.3,32.053,0,32.053,5,32.053,0.04,,,,,,,
32.06,190.28,32.06,0.3,32.06,0,32.06,5,32.06,0.04,,,,,,,
32.067,190.28,32.067,0.3,32.067,0,32.067,5,32.067,0.04,,,,,,,
32.074,190.28,32.074,0.3,32.074,0,32.074,5,32.074,0.04,,,,,,,
32.081,190.2803,32.081,0.3,32.081,0,32.081,5,32.081,0.04,,,,,,,
32.088,190.2887,32.088,0.3,32.088,0,32.088,5,32.088,0.04,,,,,,,
32.095,190.2971,32.095,0.3,32.095,0,32.095,5,32.095,0.04,,,,,,,
32.102,190.3027,32.102,0.3,32.102,0,32.102,5,32.102,0.04,,,,,,,
32.109,190.3069,32.109,0.3,32.109,0,32.109,5,32.109,0.04,,,,,,,
32.116,190.31,32.116,0.3,32.116,0,32.116,5,32.116,0.04,,,,,,,
32.123,190.31,32.123,0.3,32.123,0,32.123,5,32.123,0.04,,,,,,,
32.13,190.31,32.13,0.3,32.13,0,32.13,5,32.13,0.04,,,,,,,
32.137,190.31,32.137,0.3,32.137,0,32.137,5,32.137,0.04,,,,,,,
32.144,190.31,32.144,0.3,32.144,0,32.144,5,32.144,0.04,,,,,,,
32.151,190.3121,32.151,0.3,32.151,0,32.151,5,32.151,0.04,,,,,,,
32.158,190.3163,32.158,0.3,32.158,0,32.158,5,32.158,0.04,,,,,,,
32.165,190.3205,32.165,0.3,32.165,0,32.165,5,32.165,0.04,,,,,,,
32.172,190.3247,32.172,0.3,32.172,0,32.172,5,32.172,0.04,,,,,,,
32.179,190.3289,32.179,0.3,32.179,0,32.179,5,32.179,0.04,,,,,,,
32.186,190.33,32.186,0.3,32.186,0,32.186,5,32.186,0.04,,,,,,,
32.193,190.33,32.193,0.3,32.193,0,32.193,5,32.193,0.04,,,,,,,
32.2,190.33,32.2,0.3,32.2,0,32.2,5,32.2,0.04,,,,,,,
32.207,190.33,32.207,0.3,32.207,0,32.207,5,32.207,0.04,,,,,,,
32.214,190.33,32.214,0.3,32.214,0,32.214,5,32.214,0.04,,,,,,,
32.221,190.3341,32.221,0.3,32.221,0,32.221,5,32.221,0.04,,,,,,,
32.228,190.3383,32.228,0.3,32.228,0,32.228,5,32.228,0.04,,,,,,,
32.235,190.3425,32.235,0.3,32.235,0,32.235,5,32.235,0.04,,,,,,,
32.242,190.3466,32.242,0.3,32.242,0,32.242,5,32.242,0.04,,,,,,,
32.249,190.35,32.249,0.3,32.249,0,32.249,5,32.249,0.04,,,,,,,
32.256,190.35,32.256,0.3,32.256,0,32.256,5,32.256,0.04,,,,,,,
32.263,190.35,32.263,0.3,32.263,0,32.263,5,32.263,0.04,,,,,,,
32.27,190.35,32.27,0.3,32.27,0,32.27,5,32.27,0.04,,,,,,,
32.277,190.35,32.277,0.3,32.277,0,32.277,5,32.277,0.04,,,,,,,
32.284,190.35,32.284,0.3,32.284,0,32.284,5,32.284,0.04,,,,,,,
32.291,190.35,32.291,0.3,32.291,0,32.291,5,32.291,0.04,,,,,,,
32.298,190.35,32.298,0.3,32.298,0,32.298,5,32.298,0.04,,,,,,,
32.305,190.35,32.305,0.3,32.305,0,32.305,5,32.305,0.04,,,,,,,
32.312,190.35,32.312,0.3,32.312,0,32.312,5,32.312,0.04,,,,,,,
32.319,190.35,32.319,0.3,32.319,0,32.319,5,32.319,0.04,,,,,,,
32.326,190.35,32.326,0.3,32.326,0,32.326,5,32.326,0.04,,,,,,,
32.333,190.3512,32.333,0.3,32.333,0,32.333,5,32.333,0.04,,,,,,,
32.34,190.3554,32.34,0.3,32.34,0,32.34,5,32.34,0.04,,,,,,,
32.347,190.3596,32.347,0.3,32.347,0,32.347,5,32.347,0.04,,,,,,,
32.354,190.36,32.354,0.3,32.354,0,32.354,5,32.354,0.04,,,,,,,
32.361,190.36,32.361,0.3,32.361,0,32.361,5,32.361,0.04,,,,,,,
32.368,190.36,32.368,0.3,32.368,0,32.368,5,32.368,0.04,,,,,,,
32.375,190.36,32.375,0.3,32.375,0,32.375,5,32.375,0.04,,,,,,,
32.382,190.36,32.382,0.3,32.382,0,32.382,5,32.382,0.04,,,,,,,
32.389,190.36,32.389,0.3,32.389,0,32.389,5,32.389,0.04,,,,,,,
32.396,190.36,32.396,0.3,32.396,0,32.396,5,32.396,0.04,,,,,,,
32.403,190.36,32.403,0.3,32.403,0,32.403,5,32.403,0.04,,,,,,,
32.41,190.36,32.41,0.3,32.41,0,32.41,5,32.41,0.04,,,,,,,
32.417,190.36,32.417,0.3,32.417,0,32.417,5,32.417,0.04,,,,,,,
32.424,190.36,32.424,0.3,32.424,0,32.424,5,32.424,0.04,,,,,,,
32.431,190.36,32.431,0.3,32.431,0,32.431,5,32.431,0.04,,,,,,,
32.438,190.36,32.438,0.3,32.438,0,32.438,5,32.438,0.04,,,,,,,
32.445,190.36,32.445,0.3,32.445,0,32.445,5,32.445,0.04,,,,,,,
32.452,190.36,32.452,0.3,32.452,0,32.452,5,32.452,0.04,,,,,,,
32.459,190.36,32.459,0.3,32.459,0,32.459,5,32.459,0.04,,,,,,,
32.466,190.36,32.466,0.3,32.466,0,32.466,5,32.466,0.04,,,,,,,
32.473,190.36,32.473,0.3,32.473,0,32.473,5,32.473,0.04,,,,,,,
32.48,190.36,32.48,0.3,32.48,0,32.48,5,32.48,0.04,,,,,,,
32.487,190.36,32.487,0.3,32.487,0,32.487,5,32.487,0.04,,,,,,,
32.494,190.36,32.494,0.3,32.494,0,32.494,5,32.494,0.04,,,,,,,
32.501,190.36,32.501,0.3,32.501,0,32.501,5,32.501,0.04,,,,,,,
32.508,190.36,32.508,0.3,32.508,0,32.508,5,32.508,0.04,,,,,,,
32.515,190.36,32.515,0.3,32.515,0,32.515,5,32.515,0.04,,,,,,,
32.522,190.36,32.522,0.3,32.522,0,32.522,5,32.522,0.04,,,,,,,
32.529,190.36,32.529,0.3,32.529,0,32.529,5,32.529,0.04,,,,,,,
32.536,190.36,32.536,0.3,32.536,0,32.536,5,32.536,0.04,,,,,,,
32.543,190.36,32.543,0.3,32.543,0,32.543,5,32.543,0.04,,,,,,,
32.55,190.3587,32.55,0.3,32.55,0,32.55,5,32.55,0.04,,,,,,,
32.557,190.3545,32.557,0.3,32.557,0,32.557,5,32.557,0.04,,,,,,,
32.564,190.3503,32.564,0.3,32.564,0,32.564,5,32.564,0.04,,,,,,,
32.571,190.35,32.571,0.3,32.571,0,32.571,5,32.571,0.04,,,,,,,
32.578,190.35,32.578,0.3,32.578,0,32.578,5,32.578,0.04,,,,,,,
32.585,190.35,32.585,0.3,32.585,0,32.585,5,32.585,0.04,,,,,,,
32.592,190.35,32.592,0.3,32.592,0,32.592,5,32.592,0.04,,,,,,,
32.599,190.35,32.599,0.3,32.599,0,32.599,5,32.599,0.04,,,,,,,
32.606,190.35,32.606,0.3,32.606,0,32.606,5,32.606,0.04,,,,,,,
32.613,190.35,32.613,0.3,32.613,0,32.613,5,32.613,0.04,,,,,,,
32.62,190.3467,32.62,0.3,32.62,0,32.62,5,32.62,0.04,,,,,,,
32.627,190.3425,32.627,0.3,32.627,0,32.627,5,32.627,0.04,,,,,,,
32.634,190.34,32.634,0.3,32.634,0,32.634,5,32.634,0.04,,,,,,,
32.641,190.34,32.641,0.3,32.641,0,32.641,5,32.641,0.04,,,,,,,
32.648,190.34,32.648,0.3,32.648,0,32.648,5,32.648,0.04,,,,,,,
32.655,190.34,32.655,0.3,32.655,0,32.655,5,32.655,0.04,,,,,,,
32.662,190.34,32.662,0.3,32.662,0,32.662,5,32.662,0.04,,,,,,,
32.669,190.3374,32.669,0.3,32.669,0,32.669,5,32.669,0.04,,,,,,,
32.676,190.3332,32.676,0.3,32.676,0,32.676,5,32.676,0.04,,,,,,,
32.683,190.33,32.683,0.3,32.683,0,32.683,5,32.683,0.04,,,,,,,
32.69,190.33,32.69,0.3,32.69,0,32.69,5,32.69,0.04,,,,,,,
32.697,190.33,32.697,0.3,32.697,0,32.697,5,32.697,0.04,,,,,,,
32.704,190.33,32.704,0.3,32.704,0,32.704,5,32.704,0.04,,,,,,,
32.711,190.33,32.711,0.3,32.711,0,32.711,5,32.711,0.04,,,,,,,
32.718,190.328,32.718,0.3,32.718,0,32.718,5,32.718,0.04,,,,,,,
32.725,190.3238,32.725,0.3,32.725,0,32.725,5,32.725,0.04,,,,,,,
32.732,190.3196,32.732,0.3,32.732,0,32.732,5,32.732,0.04,,,,,,,
32.739,190.3154,32.739,0.3,32.739,0,32.739,5,32.739,0.04,,,,,,,
32.746,190.3112,32.746,0.3,32.746,0,32.746,5,32.746,0.04,,,,,,,
32.753,190.307,32.753,0.3,32.753,0,32.753,5,32.753,0.04,,,,,,,
32.76,190.3028,32.76,0.3,32.76,0,32.76,5,32.76,0.04,,,,,,,
32.767,190.3,32.767,0.3,32.767,0,32.767,5,32.767,0.04,,,,,,,
32.774,190.3,32.774,0.3,32.774,0,32.774,5,32.774,0.04,,,,,,,
32.781,190.3,32.781,0.3,32.781,0,32.781,5,32.781,0.04,,,,,,,
32.788,190.3,32.788,0.3,32.788,0,32.788,5,32.788,0.04,,,,,,,
32.795,190.3,32.795,0.3,32.795,0,32.795,5,32.795,0.04,,,,,,,
32.802,190.2976,32.802,0.3,32.802,0,32.802,5,32.802,0.04,,,,,,,
32.809,190.2934,32.809,0.3,32.809,0,32.809,5,32.809,0.04,,,,,,,
32.816,190.2892,32.816,0.3,32.816,0,32.816,5,32.816,0.04,,,,,,,
32.823,190.285,32.823,0.3,32.823,0,32.823,5,32.823,0.04,,,,,,,
32.83,190.2809,32.83,0.3,32.83,0,32.83,5,32.83,0.04,,,,,,,
32.837,190.28,32.837,0.3,32.837,0,32.837,5,32.837,0.04,,,,,,,
32.844,190.28,32.844,0.3,32.844,0,32.844,5,32.844,0.04,,,,,,,
32.851,190.28,32.851,0.3,32.851,0,32.851,5,32.851,0.04,,,,,,,
32.858,190.28,32.858,0.3,32.858,0,32.858,5,32.858,0.04,,,,,,,
32.865,190.2797,32.865,0.3,32.865,0,32.865,5,32.865,0.04,,,,,,,
32.871,190.2714,32.871,0.3,32.871,0,32.871,5,32.871,0.04,,,,,,,
32.878,190.263,32.878,0.3,32.878,0,32.878,5,32.878,0.04,,,,,,,
32.885,190.26,32.885,0.3,32.885,0,32.885,5,32.885,0.04,,,,,,,
32.892,190.26,32.892,0.3,32.892,0,32.892,5,32.892,0.04,,,,,,,
32.899,190.26,32.899,0.3,32.899,0,32.899,5,32.899,0.04,,,,,,,
32.906,190.26,32.906,0.3,32.906,0,32.906,5,32.906,0.04,,,,,,,
32.913,190.26,32.913,0.3,32.913,0,32.913,5,32.913,0.04,,,,,,,
32.92,190.2563,32.92,0.3,32.92,0,32.92,5,32.92,0.04,,,,,,,
32.927,190.2521,32.927,0.3,32.927,0,32.927,5,32.927,0.04,,,,,,,
32.934,190.2458,32.934,0.3,32.934,0,32.934,5,32.934,0.04,,,,,,,
32.941,190.2374,32.941,0.3,32.941,0,32.941,5,32.941,0.04,,,,,,,
32.948,190.23,32.948,0.3,32.948,0,32.948,5,32.948,0.04,,,,,,,
32.955,190.23,32.955,0.3,32.955,0,32.955,5,32.955,0.04,,,,,,,
32.962,190.23,32.962,0.3,32.962,0,32.962,5,32.962,0.04,,,,,,,
32.969,190.23,32.969,0.3,32.969,0,32.969,5,32.969,0.04,,,,,,,
32.976,190.23,32.976,0.3,32.976,0,32.976,5,32.976,0.04,,,,,,,
32.983,190.23,32.983,0.3,32.983,0,32.983,5,32.983,0.04,,,,,,,
32.99,190.23,32.99,0.3,32.99,0,32.99,5,32.99,0.04,,,,,,,
32.997,190.23,32.997,0.3,32.997,0,32.997,5,32.997,0.04,,,,,,,
33.004,190.2259,33.004,0.3,33.004,0,33.004,5,33.004,0.04,,,,,,,
33.011,190.2218,33.011,0.3,33.011,0,33.011,5,33.011,0.04,,,,,,,
33.018,190.22,33.018,0.3,33.018,0,33.018,5,33.018,0.04,,,,,,,
33.025,190.22,33.025,0.3,33.025,0,33.025,5,33.025,0.04,,,,,,,
33.032,190.22,33.032,0.3,33.032,0,33.032,5,33.032,0.04,,,,,,,
33.039,190.22,33.039,0.3,33.039,0,33.039,5,33.039,0.04,,,,,,,
33.046,190.22,33.046,0.3,33.046,0,33.046,5,33.046,0.04,,,,,,,
33.053,190.2166,33.053,0.3,33.053,0,33.053,5,33.053,0.04,,,,,,,
33.06,190.2124,33.06,0.3,33.06,0,33.06,5,33.06,0.04,,,,,,,
33.067,190.2082,33.067,0.3,33.067,0,33.067,5,33.067,0.04,,,,,,,
33.074,190.204,33.074,0.3,33.074,0,33.074,5,33.074,0.04,,,,,,,
33.081,190.2,33.081,0.3,33.081,0,33.081,5,33.081,0.04,,,,,,,
33.088,190.2,33.088,0.3,33.088,0,33.088,5,33.088,0.04,,,,,,,
33.095,190.2,33.095,0.3,33.095,0,33.095,5,33.095,0.04,,,,,,,
33.102,190.2,33.102,0.3,33.102,0,33.102,5,33.102,0.04,,,,,,,
33.109,190.2,33.109,0.3,33.109,0,33.109,5,33.109,0.04,,,,,,,
33.116,190.1988,33.116,0.3,33.116,0,33.116,5,33.116,0.04,,,,,,,
33.123,190.1946,33.123,0.3,33.123,0,33.123,5,33.123,0.04,,,,,,,
33.13,190.1904,33.13,0.3,33.13,0,33.13,5,33.13,0.04,,,,,,,
33.137,190.19,33.137,0.3,33.137,0,33.137,5,33.137,0.04,,,,,,,
33.144,190.19,33.144,0.3,33.144,0,33.144,5,33.144,0.04,,,,,,,
33.151,190.19,33.151,0.3,33.151,0,33.151,5,33.151,0.04,,,,,,,
33.158,190.19,33.158,0.3,33.158,0,33.158,5,33.158,0.04,,,,,,,
33.165,190.1894,33.165,0.3,33.165,0,33.165,5,33.165,0.04,,,,,,,
33.172,190.1852,33.172,0.3,33.172,0,33.172,5,33.172,0.04,,,,,,,
33.179,190.1811,33.179,0.3,33.179,0,33.179,5,33.179,0.04,,,,,,,
33.186,190.1768,33.186,0.3,33.186,0,33.186,5,33.186,0.04,,,,,,,
33.193,190.1726,33.193,0.3,33.193,0,33.193,5,33.193,0.04,,,,,,,
33.2,190.1684,33.2,0.3,33.2,0,33.2,5,33.2,0.04,,,,,,,
33.207,190.1642,33.207,0.3,33.207,0,33.207,5,33.207,0.04,,,,,,,
33.214,190.1601,33.214,0.3,33.214,0,33.214,5,33.214,0.04,,,,,,,
33.221,190.16,33.221,0.3,33.221,0,33.221,5,33.221,0.04,,,,,,,
33.228,190.16,33.228,0.3,33.228,0,33.228,5,33.228,0.04,,,,,,,
33.235,190.16,33.235,0.3,33.235,0,33.235,5,33.235,0.04,,,,,,,
33.242,190.16,33.242,0.3,33.242,0,33.242,5,33.242,0.04,,,,,,,
33.249,190.1591,33.249,0.3,33.249,0,33.249,5,33.249,0.04,,,,,,,
33.256,190.1549,33.256,0.3,33.256,0,33.256,5,33.256,0.04,,,,,,,
33.263,190.1507,33.263,0.3,33.263,0,33.263,5,33.263,0.04,,,,,,,
33.27,190.15,33.27,0.3,33.27,0,33.27,5,33.27,0.04,,,,,,,
33.277,190.15,33.277,0.3,33.277,0,33.277,5,33.277,0.04,,,,,,,
33.284,190.15,33.284,0.3,33.284,0,33.284,5,33.284,0.04,,,,,,,
33.291,190.15,33.291,0.3,33.291,0,33.291,5,33.291,0.04,,,,,,,
33.298,190.1497,33.298,0.3,33.298,0,33.298,5,33.298,0.04,,,,,,,
33.305,190.1455,33.305,0.3,33.305,0,33.305,5,33.305,0.04,,,,,,,
33.312,190.1413,33.312,0.3,33.312,0,33.312,5,33.312,0.04,,,,,,,
33.319,190.1343,33.319,0.3,33.319,0,33.319,5,33.319,0.04,,,,,,,
33.326,190.1259,33.326,0.3,33.326,0,33.326,5,33.326,0.04,,,,,,,
33.333,190.12,33.333,0.3,33.333,0,33.333,5,33.333,0.04,,,,,,,
33.34,190.12,33.34,0.3,33.34,0,33.34,5,33.34,0.04,,,,,,,
33.347,190.12,33.347,0.3,33.347,0,33.347,5,33.347,0.04,,,,,,,
33.354,190.12,33.354,0.3,33.354,0,33.354,5,33.354,0.04,,,,,,,
33.361,190.12,33.361,0.3,33.361,0,33.361,5,33.361,0.04,,,,,,,
33.368,190.1178,33.368,0.3,33.368,0,33.368,5,33.368,0.04,,,,,,,
33.375,190.1136,33.375,0.3,33.375,0,33.375,5,33.375,0.04,,,,,,,
33.382,190.1094,33.382,0.3,33.382,0,33.382,5,33.382,0.04,,,,,,,
33.389,190.1052,33.389,0.3,33.389,0,33.389,5,33.389,0.04,,,,,,,
33.396,190.101,33.396,0.3,33.396,0,33.396,5,33.396,0.04,,,,,,,
33.403,190.1,33.403,0.3,33.403,0,33.403,5,33.403,0.04,,,,,,,
33.41,190.1,33.41,0.3,33.41,0,33.41,5,33.41,0.04,,,,,,,
33.417,190.1,33.417,0.3,33.417,0,33.417,5,33.417,0.04,,,,,,,
33.424,190.1,33.424,0.3,33.424,0,33.424,5,33.424,0.04,,,,,,,
33.431,190.1,33.431,0.3,33.431,0,33.431,5,33.431,0.04,,,,,,,
33.438,190.0958,33.438,0.3,33.438,0,33.438,5,33.438,0.04,,,,,,,
33.445,190.0916,33.445,0.3,33.445,0,33.445,5,33.445,0.04,,,,,,,
33.452,190.0848,33.452,0.3,33.452,0,33.452,5,33.452,0.04,,,,,,,
33.459,190.0764,33.459,0.3,33.459,0,33.459,5,33.459,0.04,,,,,,,
33.466,190.07,33.466,0.3,33.466,0,33.466,5,33.466,0.04,,,,,,,
33.473,190.07,33.473,0.3,33.473,0,33.473,5,33.473,0.04,,,,,,,
33.48,190.07,33.48,0.3,33.48,0,33.48,5,33.48,0.04,,,,,,,
33.487,190.07,33.487,0.3,33.487,0,33.487,5,33.487,0.04,,,,,,,
33.494,190.07,33.494,0.3,33.494,0,33.494,5,33.494,0.04,,,,,,,
33.501,190.066,33.501,0.3,33.501,0,33.501,5,33.501,0.04,,,,,,,
33.508,190.0576,33.508,0.3,33.508,0,33.508,5,33.508,0.04,,,,,,,
33.515,190.05,33.515,0.3,33.515,0,33.515,5,33.515,0.04,,,,,,,
33.522,190.05,33.522,0.3,33.522,0,33.522,5,33.522,0.04,,,,,,,
33.529,190.05,33.529,0.3,33.529,0,33.529,5,33.529,0.04,,,,,,,
33.536,190.05,33.536,0.3,33.536,0,33.536,5,33.536,0.04,,,,,,,
33.543,190.05,33.543,0.3,33.543,0,33.543,5,33.543,0.04,,,,,,,
33.55,190.05,33.55,0.3,33.55,0,33.55,5,33.55,0.04,,,,,,,
33.557,190.05,33.557,0.3,33.557,0,33.557,5,33.557,0.04,,,,,,,
33.564,190.05,33.564,0.3,33.564,0,33.564,5,33.564,0.04,,,,,,,
33.571,190.0421,33.571,0.3,33.571,0,33.571,5,33.571,0.04,,,,,,,
33.578,190.0338,33.578,0.3,33.578,0,33.578,5,33.578,0.04,,,,,,,
33.585,190.0277,33.585,0.3,33.585,0,33.585,5,33.585,0.04,,,,,,,
33.592,190.0235,33.592,0.3,33.592,0,33.592,5,33.592,0.04,,,,,,,
33.599,190.02,33.599,0.3,33.599,0,33.599,5,33.599,0.04,,,,,,,
33.606,190.02,33.606,0.3,33.606,0,33.606,5,33.606,0.04,,,,,,,
33.613,190.02,33.613,0.3,33.613,0,33.613,5,33.613,0.04,,,,,,,
33.62,190.0167,33.62,0.3,33.62,0,33.62,5,33.62,0.04,,,,,,,
33.627,190.0125,33.627,0.3,33.627,0,33.627,5,33.627,0.04,,,,,,,
33.634,190.0066,33.634,0.3,33.634,0,33.634,5,33.634,0.04,,,,,,,
33.641,189.9982,33.641,0.3,33.641,0,33.641,5,33.641,0.04,,,,,,,
33.648,189.99,33.648,0.3,33.648,0,33.648,5,33.648,0.04,,,,,,,
33.655,189.99,33.655,0.3,33.655,0,33.655,5,33.655,0.04,,,,,,,
33.662,189.99,33.662,0.3,33.662,0,33.662,5,33.662,0.04,,,,,,,
33.669,189.99,33.669,0.3,33.669,0,33.669,5,33.669,0.04,,,,,,,
33.676,189.99,33.676,0.3,33.676,0,33.676,5,33.676,0.04,,,,,,,
33.683,189.989,33.683,0.3,33.683,0,33.683,5,33.683,0.04,,,,,,,
33.69,189.9847,33.69,0.3,33.69,0,33.69,5,33.69,0.04,,,,,,,
33.697,189.9805,33.697,0.3,33.697,0,33.697,5,33.697,0.04,,,,,,,
33.704,189.9727,33.704,0.3,33.704,0,33.704,5,33.704,0.04,,,,,,,
33.711,189.9643,33.711,0.3,33.711,0,33.711,5,33.711,0.04,,,,,,,
33.718,189.958,33.718,0.3,33.718,0,33.718,5,33.718,0.04,,,,,,,
33.725,189.9538,33.725,0.3,33.725,0,33.725,5,33.725,0.04,,,,,,,
33.732,189.95,33.732,0.3,33.732,0,33.732,5,33.732,0.04,,,,,,,
33.739,189.95,33.739,0.3,33.739,0,33.739,5,33.739,0.04,,,,,,,
33.746,189.95,33.746,0.3,33.746,0,33.746,5,33.746,0.04,,,,,,,
33.753,189.947,33.753,0.3,33.753,0,33.753,5,33.753,0.04,,,,,,,
33.76,189.9428,33.76,0.3,33.76,0,33.76,5,33.76,0.04,,,,,,,
33.767,189.9386,33.767,0.3,33.767,0,33.767,5,33.767,0.04,,,,,,,
33.774,189.9344,33.774,0.3,33.774,0,33.774,5,33.774,0.04,,,,,,,
33.78,189.9302,33.78,0.3,33.78,0,33.78,5,33.78,0.04,,,,,,,
33.787,189.93,33.787,0.3,33.787,0,33.787,5,33.787,0.04,,,,,,,
33.794,189.93,33.794,0.3,33.794,0,33.794,5,33.794,0.04,,,,,,,
33.801,189.93,33.801,0.3,33.801,0,33.801,5,33.801,0.04,,,,,,,
33.808,189.93,33.808,0.3,33.808,0,33.808,5,33.808,0.04,,,,,,,
33.815,189.9292,33.815,0.3,33.815,0,33.815,5,33.815,0.04,,,,,,,
33.822,189.925,33.822,0.3,33.822,0,33.822,5,33.822,0.04,,,,,,,
33.829,189.9208,33.829,0.3,33.829,0,33.829,5,33.829,0.04,,,,,,,
33.836,189.9166,33.836,0.3,33.836,0,33.836,5,33.836,0.04,,,,,,,
33.843,189.9124,33.843,0.3,33.843,0,33.843,5,33.843,0.04,,,,,,,
33.85,189.91,33.85,0.3,33.85,0,33.85,5,33.85,0.04,,,,,,,
33.857,189.91,33.857,0.3,33.857,0,33.857,5,33.857,0.04,,,,,,,
33.864,189.91,33.864,0.3,33.864,0,33.864,5,33.864,0.04,,,,,,,
33.871,189.91,33.871,0.3,33.871,0,33.871,5,33.871,0.04,,,,,,,
33.878,189.91,33.878,0.3,33.878,0,33.878,5,33.878,0.04,,,,,,,
33.885,189.9045,33.885,0.3,33.885,0,33.885,5,33.885,0.04,,,,,,,
33.892,189.8961,33.892,0.3,33.892,0,33.892,5,33.892,0.04,,,,,,,
33.899,189.8888,33.899,0.3,33.899,0,33.899,5,33.899,0.04,,,,,,,
33.906,189.8846,33.906,0.3,33.906,0,33.906,5,33.906,0.04,,,,,,,
33.913,189.8805,33.913,0.3,33.913,0,33.913,5,33.913,0.04,,,,,,,
33.92,189.88,33.92,0.3,33.92,0,33.92,5,33.92,0.04,,,,,,,
33.927,189.88,33.927,0.3,33.927,0,33.927,5,33.927,0.04,,,,,,,
33.934,189.88,33.934,0.3,33.934,0,33.934,5,33.934,0.04,,,,,,,
33.941,189.88,33.941,0.3,33.941,0,33.941,5,33.941,0.04,,,,,,,
33.948,189.8784,33.948,0.3,33.948,0,33.948,5,33.948,0.04,,,,,,,
33.955,189.8658,33.955,0.3,33.955,0,33.955,5,33.955,0.04,,,,,,,
33.962,189.8533,33.962,0.3,33.962,0,33.962,5,33.962,0.04,,,,,,,
33.969,189.8469,33.969,0.3,33.969,0,33.969,5,33.969,0.04,,,,,,,
33.976,189.8427,33.976,0.3,33.976,0,33.976,5,33.976,0.04,,,,,,,
33.983,189.84,33.983,0.3,33.983,0,33.983,5,33.983,0.04,,,,,,,
33.99,189.84,33.99,0.3,33.99,0,33.99,5,33.99,0.04,,,,,,,
33.997,189.84,33.997,0.3,33.997,0,33.997,5,33.997,0.04,,,,,,,
34.004,189.84,34.004,0.3,34.004,0,34.004,5,34.004,0.04,,,,,,,
34.011,189.84,34.011,0.3,34.011,0,34.011,5,34.011,0.04,,,,,,,
34.018,189.8375,34.018,0.3,34.018,0,34.018,5,34.018,0.04,,,,,,,
34.025,189.8333,34.025,0.3,34.025,0,34.025,5,34.025,0.04,,,,,,,
34.032,189.8291,34.032,0.3,34.032,0,34.032,5,34.032,0.04,,,,,,,
34.039,189.8249,34.039,0.3,34.039,0,34.039,5,34.039,0.04,,,,,,,
34.046,189.8207,34.046,0.3,34.046,0,34.046,5,34.046,0.04,,,,,,,
34.053,189.82,34.053,0.3,34.053,0,34.053,5,34.053,0.04,,,,,,,
34.06,189.82,34.06,0.3,34.06,0,34.06,5,34.06,0.04,,,,,,,
34.067,189.82,34.067,0.3,34.067,0,34.067,5,34.067,0.04,,,,,,,
34.074,189.82,34.074,0.3,34.074,0,34.074,5,34.074,0.04,,,,,,,
34.081,189.8193,34.081,0.3,34.081,0,34.081,5,34.081,0.04,,,,,,,
34.088,189.8067,34.088,0.3,34.088,0,34.088,5,34.088,0.04,,,,,,,
34.095,189.794,34.095,0.3,34.095,0,34.095,5,34.095,0.04,,,,,,,
34.102,189.79,34.102,0.3,34.102,0,34.102,5,34.102,0.04,,,,,,,
34.109,189.79,34.109,0.3,34.109,0,34.109,5,34.109,0.04,,,,,,,
34.116,189.79,34.116,0.3,34.116,0,34.116,5,34.116,0.04,,,,,,,
34.123,189.79,34.123,0.3,34.123,0,34.123,5,34.123,0.04,,,,,,,
34.13,189.79,34.13,0.3,34.13,0,34.13,5,34.13,0.04,,,,,,,
34.137,189.7862,34.137,0.3,34.137,0,34.137,5,34.137,0.04,,,,,,,
34.144,189.782,34.144,0.3,34.144,0,34.144,5,34.144,0.04,,,,,,,
34.151,189.7778,34.151,0.3,34.151,0,34.151,5,34.151,0.04,,,,,,,
34.158,189.7736,34.158,0.3,34.158,0,34.158,5,34.158,0.04,,,,,,,
34.165,189.7694,34.165,0.3,34.165,0,34.165,5,34.165,0.04,,,,,,,
34.172,189.7652,34.172,0.3,34.172,0,34.172,5,34.172,0.04,,,,,,,
34.179,189.761,34.179,0.3,34.179,0,34.179,5,34.179,0.04,,,,,,,
34.186,189.76,34.186,0.3,34.186,0,34.186,5,34.186,0.04,,,,,,,
34.193,189.76,34.193,0.3,34.193,0,34.193,5,34.193,0.04,,,,,,,
34.2,189.7584,34.2,0.3,34.2,0,34.2,5,34.2,0.04,,,,,,,
34.207,189.7542,34.207,0.3,34.207,0,34.207,5,34.207,0.04,,,,,,,
34.214,189.75,34.214,0.3,34.214,0,34.214,5,34.214,0.04,,,,,,,
34.221,189.75,34.221,0.3,34.221,0,34.221,5,34.221,0.04,,,,,,,
34.228,189.75,34.228,0.3,34.228,0,34.228,5,34.228,0.04,,,,,,,
34.235,189.75,34.235,0.3,34.235,0,34.235,5,34.235,0.04,,,,,,,
34.242,189.75,34.242,0.3,34.242,0,34.242,5,34.242,0.04,,,,,,,
34.249,189.75,34.249,0.3,34.249,0,34.249,5,34.249,0.04,,,,,,,
34.256,189.75,34.256,0.3,34.256,0,34.256,5,34.256,0.04,,,,,,,
34.263,189.75,34.263,0.3,34.263,0,34.263,5,34.263,0.04,,,,,,,
34.27,189.7465,34.27,0.3,34.27,0,34.27,5,34.27,0.04,,,,,,,
34.277,189.7423,34.277,0.3,34.277,0,34.277,5,34.277,0.04,,,,,,,
34.284,189.7381,34.284,0.3,34.284,0,34.284,5,34.284,0.04,,,,,,,
34.291,189.7339,34.291,0.3,34.291,0,34.291,5,34.291,0.04,,,,,,,
34.298,189.73,34.298,0.3,34.298,0,34.298,5,34.298,0.04,,,,,,,
34.305,189.73,34.305,0.3,34.305,0,34.305,5,34.305,0.04,,,,,,,
34.312,189.73,34.312,0.3,34.312,0,34.312,5,34.312,0.04,,,,,,,
34.319,189.73,34.319,0.3,34.319,0,34.319,5,34.319,0.04,,,,,,,
34.326,189.73,34.326,0.3,34.326,0,34.326,5,34.326,0.04,,,,,,,
34.333,189.7287,34.333,0.3,34.333,0,34.333,5,34.333,0.04,,,,,,,
34.34,189.7245,34.34,0.3,34.34,0,34.34,5,34.34,0.04,,,,,,,
34.347,189.7203,34.347,0.3,34.347,0,34.347,5,34.347,0.04,,,,,,,
34.354,189.72,34.354,0.3,34.354,0,34.354,5,34.354,0.04,,,,,,,
34.361,189.72,34.361,0.3,34.361,0,34.361,5,34.361,0.04,,,,,,,
34.368,189.72,34.368,0.3,34.368,0,34.368,5,34.368,0.04,,,,,,,
34.375,189.72,34.375,0.3,34.375,0,34.375,5,34.375,0.04,,,,,,,
34.382,189.72,34.382,0.3,34.382,0,34.382,5,34.382,0.04,,,,,,,
34.389,189.72,34.389,0.3,34.389,0,34.389,5,34.389,0.04,,,,,,,
34.396,189.72,34.396,0.3,34.396,0,34.396,5,34.396,0.04,,,,,,,
34.403,189.7134,34.403,0.3,34.403,0,34.403,5,34.403,0.04,,,,,,,
34.41,189.7051,34.41,0.3,34.41,0,34.41,5,34.41,0.04,,,,,,,
34.417,189.7,34.417,0.3,34.417,0,34.417,5,34.417,0.04,,,,,,,
34.424,189.7,34.424,0.3,34.424,0,34.424,5,34.424,0.04,,,,,,,
34.431,189.7,34.431,0.3,34.431,0,34.431,5,34.431,0.04,,,,,,,
34.438,189.7,34.438,0.3,34.438,0,34.438,5,34.438,0.04,,,,,,,
34.445,189.7,34.445,0.3,34.445,0,34.445,5,34.445,0.04,,,,,,,
34.452,189.7,34.452,0.3,34.452,0,34.452,5,34.452,0.04,,,,,,,
34.459,189.7,34.459,0.3,34.459,0,34.459,5,34.459,0.04,,,,,,,
34.466,189.699,34.466,0.3,34.466,0,34.466,5,34.466,0.04,,,,,,,
34.473,189.6948,34.473,0.3,34.473,0,34.473,5,34.473,0.04,,,,,,,
34.48,189.6906,34.48,0.3,34.48,0,34.48,5,34.48,0.04,,,,,,,
34.487,189.69,34.487,0.3,34.487,0,34.487,5,34.487,0.04,,,,,,,
34.494,189.69,34.494,0.3,34.494,0,34.494,5,34.494,0.04,,,,,,,
34.501,189.69,34.501,0.3,34.501,0,34.501,5,34.501,0.04,,,,,,,
34.508,189.69,34.508,0.3,34.508,0,34.508,5,34.508,0.04,,,,,,,
34.515,189.69,34.515,0.3,34.515,0,34.515,5,34.515,0.04,,,,,,,
34.522,189.69,34.522,0.3,34.522,0,34.522,5,34.522,0.04,,,,,,,
34.529,189.69,34.529,0.3,34.529,0,34.529,5,34.529,0.04,,,,,,,
34.536,189.687,34.536,0.3,34.536,0,34.536,5,34.536,0.04,,,,,,,
34.543,189.6828,34.543,0.3,34.543,0,34.543,5,34.543,0.04,,,,,,,
34.55,189.68,34.55,0.3,34.55,0,34.55,5,34.55,0.04,,,,,,,
34.557,189.68,34.557,0.3,34.557,0,34.557,5,34.557,0.04,,,,,,,
34.564,189.68,34.564,0.3,34.564,0,34.564,5,34.564,0.04,,,,,,,
34.571,189.68,34.571,0.3,34.571,0,34.571,5,34.571,0.04,,,,,,,
34.578,189.68,34.578,0.3,34.578,0,34.578,5,34.578,0.04,,,,,,,
34.585,189.68,34.585,0.3,34.585,0,34.585,5,34.585,0.04,,,,,,,
34.592,189.68,34.592,0.3,34.592,0,34.592,5,34.592,0.04,,,,,,,
34.599,189.6792,34.599,0.3,34.599,0,34.599,5,34.599,0.04,,,,,,,
34.606,189.675,34.606,0.3,34.606,0,34.606,5,34.606,0.04,,,,,,,
34.613,189.6709,34.613,0.3,34.613,0,34.613,5,34.613,0.04,,,,,,,
34.62,189.67,34.62,0.3,34.62,0,34.62,5,34.62,0.04,,,,,,,
34.627,189.67,34.627,0.3,34.627,0,34.627,5,34.627,0.04,,,,,,,
34.634,189.67,34.634,0.3,34.634,0,34.634,5,34.634,0.04,,,,,,,
34.641,189.67,34.641,0.3,34.641,0,34.641,5,34.641,0.04,,,,,,,
34.648,189.67,34.648,0.3,34.648,0,34.648,5,34.648,0.04,,,,,,,
34.655,189.67,34.655,0.3,34.655,0,34.655,5,34.655,0.04,,,,,,,
34.662,189.67,34.662,0.3,34.662,0,34.662,5,34.662,0.04,,,,,,,
34.669,189.6673,34.669,0.3,34.669,0,34.669,5,34.669,0.04,,,,,,,
34.676,189.6631,34.676,0.3,34.676,0,34.676,5,34.676,0.04,,,,,,,
34.683,189.66,34.683,0.3,34.683,0,34.683,5,34.683,0.04,,,,,,,
34.69,189.66,34.69,0.3,34.69,0,34.69,5,34.69,0.04,,,,,,,
34.696,189.66,34.696,0.3,34.696,0,34.696,5,34.696,0.04,,,,,,,
34.703,189.66,34.703,0.3,34.703,0,34.703,5,34.703,0.04,,,,,,,
34.71,189.66,34.71,0.3,34.71,0,34.71,5,34.71,0.04,,,,,,,
34.717,189.66,34.717,0.3,34.717,0,34.717,5,34.717,0.04,,,,,,,
34.724,189.66,34.724,0.3,34.724,0,34.724,5,34.724,0.04,,,,,,,
34.731,189.6595,34.731,0.3,34.731,0,34.731,5,34.731,0.04,,,,,,,
34.738,189.6553,34.738,0.3,34.738,0,34.738,5,34.738,0.04,,,,,,,
34.745,189.6511,34.745,0.3,34.745,0,34.745,5,34.745,0.04,,,,,,,
34.752,189.65,34.752,0.3,34.752,0,34.752,5,34.752,0.04,,,,,,,
34.759,189.65,34.759,0.3,34.759,0,34.759,5,34.759,0.04,,,,,,,
34.766,189.65,34.766,0.3,34.766,0,34.766,5,34.766,0.04,,,,,,,
34.773,189.65,34.773,0.3,34.773,0,34.773,5,34.773,0.04,,,,,,,
34.78,189.65,34.78,0.3,34.78,0,34.78,5,34.78,0.04,,,,,,,
34.787,189.6541,34.787,0.3,34.787,0,34.787,5,34.787,0.04,,,,,,,
34.794,189.6583,34.794,0.3,34.794,0,34.794,5,34.794,0.04,,,,,,,
34.801,189.66,34.801,0.3,34.801,0,34.801,5,34.801,0.04,,,,,,,
34.808,189.66,34.808,0.3,34.808,0,34.808,5,34.808,0.04,,,,,,,
34.815,189.66,34.815,0.3,34.815,0,34.815,5,34.815,0.04,,,,,,,
34.822,189.66,34.822,0.3,34.822,0,34.822,5,34.822,0.04,,,,,,,
34.829,189.66,34.829,0.3,34.829,0,34.829,5,34.829,0.04,,,,,,,
34.836,189.66,34.836,0.3,34.836,0,34.836,5,34.836,0.04,,,,,,,
34.843,189.66,34.843,0.3,34.843,0,34.843,5,34.843,0.04,,,,,,,
34.85,189.6582,34.85,0.3,34.85,0,34.85,5,34.85,0.04,,,,,,,
34.857,189.654,34.857,0.3,34.857,0,34.857,5,34.857,0.04,,,,,,,
34.864,189.65,34.864,0.3,34.864,0,34.864,5,34.864,0.04,,,,,,,
34.871,189.65,34.871,0.3,34.871,0,34.871,5,34.871,0.04,,,,,,,
34.878,189.65,34.878,0.3,34.878,0,34.878,5,34.878,0.04,,,,,,,
34.885,189.65,34.885,0.3,34.885,0,34.885,5,34.885,0.04,,,,,,,
34.892,189.65,34.892,0.3,34.892,0,34.892,5,34.892,0.04,,,,,,,
34.899,189.65,34.899,0.3,34.899,0,34.899,5,34.899,0.04,,,,,,,
34.906,189.65,34.906,0.3,34.906,0,34.906,5,34.906,0.04,,,,,,,
34.913,189.65,34.913,0.3,34.913,0,34.913,5,34.913,0.04,,,,,,,
34.92,189.6462,34.92,0.3,34.92,0,34.92,5,34.92,0.04,,,,,,,
34.927,189.642,34.927,0.3,34.927,0,34.927,5,34.927,0.04,,,,,,,
34.934,189.64,34.934,0.3,34.934,0,34.934,5,34.934,0.04,,,,,,,
34.941,189.64,34.941,0.3,34.941,0,34.941,5,34.941,0.04,,,,,,,
34.948,189.64,34.948,0.3,34.948,0,34.948,5,34.948,0.04,,,,,,,
34.955,189.64,34.955,0.3,34.955,0,34.955,5,34.955,0.04,,,,,,,
34.962,189.64,34.962,0.3,34.962,0,34.962,5,34.962,0.04,,,,,,,
34.969,189.64,34.969,0.3,34.969,0,34.969,5,34.969,0.04,,,,,,,
34.976,189.64,34.976,0.3,34.976,0,34.976,5,34.976,0.04,,,,,,,
34.983,189.64,34.983,0.3,34.983,0,34.983,5,34.983,0.04,,,,,,,
34.99,189.64,34.99,0.3,34.99,0,34.99,5,34.99,0.04,,,,,,,
34.997,189.64,34.997,0.3,34.997,0,34.997,5,34.997,0.04,,,,,,,
35.004,189.64,35.004,0.3,35.004,0,35.004,5,35.004,0.04,,,,,,,
35.011,189.64,35.011,0.3,35.011,0,35.011,5,35.011,0.04,,,,,,,
35.018,189.64,35.018,0.3,35.018,0,35.018,5,35.018,0.04,,,,,,,
35.025,189.64,35.025,0.3,35.025,0,35.025,5,35.025,0.04,,,,,,,
35.032,189.6409,35.032,0.3,35.032,0,35.032,5,35.032,0.04,,,,,,,
35.039,189.6451,35.039,0.3,35.039,0,35.039,5,35.039,0.04,,,,,,,
35.046,189.6493,35.046,0.3,35.046,0,35.046,5,35.046,0.04,,,,,,,
35.053,189.6465,35.053,0.3,35.053,0,35.053,5,35.053,0.04,,,,,,,
35.06,189.6423,35.06,0.3,35.06,0,35.06,5,35.06,0.04,,,,,,,
35.067,189.64,35.067,0.3,35.067,0,35.067,5,35.067,0.04,,,,,,,
35.074,189.64,35.074,0.3,35.074,0,35.074,5,35.074,0.04,,,,,,,
35.081,189.64,35.081,0.3,35.081,0,35.081,5,35.081,0.04,,,,,,,
35.088,189.64,35.088,0.3,35.088,0,35.088,5,35.088,0.04,,,,,,,
35.095,189.64,35.095,0.3,35.095,0,35.095,5,35.095,0.04,,,,,,,
35.102,189.64,35.102,0.3,35.102,0,35.102,5,35.102,0.04,,,,,,,
35.109,189.64,35.109,0.3,35.109,0,35.109,5,35.109,0.04,,,,,,,
35.116,189.64,35.116,0.3,35.116,0,35.116,5,35.116,0.04,,,,,,,
35.123,189.64,35.123,0.3,35.123,0,35.123,5,35.123,0.04,,,,,,,
35.13,189.64,35.13,0.3,35.13,0,35.13,5,35.13,0.04,,,,,,,
35.137,189.64,35.137,0.3,35.137,0,35.137,5,35.137,0.04,,,,,,,
35.144,189.64,35.144,0.3,35.144,0,35.144,5,35.144,0.04,,,,,,,
35.151,189.64,35.151,0.3,35.151,0,35.151,5,35.151,0.04,,,,,,,
35.158,189.64,35.158,0.3,35.158,0,35.158,5,35.158,0.04,,,,,,,
35.165,189.6406,35.165,0.3,35.165,0,35.165,5,35.165,0.04,,,,,,,
35.172,189.6449,35.172,0.3,35.172,0,35.172,5,35.172,0.04,,,,,,,
35.179,189.6491,35.179,0.3,35.179,0,35.179,5,35.179,0.04,,,,,,,
35.186,189.65,35.186,0.3,35.186,0,35.186,5,35.186,0.04,,,,,,,
35.193,189.65,35.193,0.3,35.193,0,35.193,5,35.193,0.04,,,,,,,
35.2,189.65,35.2,0.3,35.2,0,35.2,5,35.2,0.04,,,,,,,
35.207,189.65,35.207,0.3,35.207,0,35.207,5,35.207,0.04,,,,,,,
35.214,189.65,35.214,0.3,35.214,0,35.214,5,35.214,0.04,,,,,,,
35.221,189.65,35.221,0.3,35.221,0,35.221,5,35.221,0.04,,,,,,,
35.228,189.65,35.228,0.3,35.228,0,35.228,5,35.228,0.04,,,,,,,
35.235,189.65,35.235,0.3,35.235,0,35.235,5,35.235,0.04,,,,,,,
35.242,189.65,35.242,0.3,35.242,0,35.242,5,35.242,0.04,,,,,,,
35.249,189.65,35.249,0.3,35.249,0,35.249,5,35.249,0.04,,,,,,,
35.256,189.65,35.256,0.3,35.256,0,35.256,5,35.256,0.04,,,,,,,
35.263,189.65,35.263,0.3,35.263,0,35.263,5,35.263,0.04,,,,,,,
35.27,189.65,35.27,0.3,35.27,0,35.27,5,35.27,0.04,,,,,,,
35.277,189.65,35.277,0.3,35.277,0,35.277,5,35.277,0.04,,,,,,,
35.284,189.65,35.284,0.3,35.284,0,35.284,5,35.284,0.04,,,,,,,
35.291,189.65,35.291,0.3,35.291,0,35.291,5,35.291,0.04,,,,,,,
35.298,189.65,35.298,0.3,35.298,0,35.298,5,35.298,0.04,,,,,,,
35.305,189.65,35.305,0.3,35.305,0,35.305,5,35.305,0.04,,,,,,,
35.312,189.65,35.312,0.3,35.312,0,35.312,5,35.312,0.04,,,,,,,
35.319,189.65,35.319,0.3,35.319,0,35.319,5,35.319,0.04,,,,,,,
35.326,189.65,35.326,0.3,35.326,0,35.326,5,35.326,0.04,,,,,,,
35.333,189.65,35.333,0.3,35.333,0,35.333,5,35.333,0.04,,,,,,,
35.34,189.65,35.34,0.3,35.34,0,35.34,5,35.34,0.04,,,,,,,
35.347,189.65,35.347,0.3,35.347,0,35.347,5,35.347,0.04,,,,,,,
35.354,189.65,35.354,0.3,35.354,0,35.354,5,35.354,0.04,,,,,,,
35.361,189.65,35.361,0.3,35.361,0,35.361,5,35.361,0.04,,,,,,,
35.368,189.65,35.368,0.3,35.368,0,35.368,5,35.368,0.04,,,,,,,
35.375,189.65,35.375,0.3,35.375,0,35.375,5,35.375,0.04,,,,,,,
35.382,189.65,35.382,0.3,35.382,0,35.382,5,35.382,0.04,,,,,,,
35.389,189.65,35.389,0.3,35.389,0,35.389,5,35.389,0.04,,,,,,,
35.396,189.65,35.396,0.3,35.396,0,35.396,5,35.396,0.04,,,,,,,
35.403,189.65,35.403,0.3,35.403,0,35.403,5,35.403,0.04,,,,,,,
35.41,189.65,35.41,0.3,35.41,0,35.41,5,35.41,0.04,,,,,,,
35.417,189.65,35.417,0.3,35.417,0,35.417,5,35.417,0.04,,,,,,,
35.424,189.65,35.424,0.3,35.424,0,35.424,5,35.424,0.04,,,,,,,
35.431,189.6501,35.431,0.3,35.431,0,35.431,5,35.431,0.04,,,,,,,
35.438,189.6543,35.438,0.3,35.438,0,35.438,5,35.438,0.04,,,,,,,
35.445,189.6585,35.445,0.3,35.445,0,35.445,5,35.445,0.04,,,,,,,
35.452,189.66,35.452,0.3,35.452,0,35.452,5,35.452,0.04,,,,,,,
35.459,189.66,35.459,0.3,35.459,0,35.459,5,35.459,0.04,,,,,,,
35.466,189.66,35.466,0.3,35.466,0,35.466,5,35.466,0.04,,,,,,,
35.473,189.66,35.473,0.3,35.473,0,35.473,5,35.473,0.04,,,,,,,
35.48,189.66,35.48,0.3,35.48,0,35.48,5,35.48,0.04,,,,,,,
35.487,189.66,35.487,0.3,35.487,0,35.487,5,35.487,0.04,,,,,,,
35.494,189.66,35.494,0.3,35.494,0,35.494,5,35.494,0.04,,,,,,,
35.501,189.6621,35.501,0.3,35.501,0,35.501,5,35.501,0.04,,,,,,,
35.508,189.6663,35.508,0.3,35.508,0,35.508,5,35.508,0.04,,,,,,,
35.515,189.67,35.515,0.3,35.515,0,35.515,5,35.515,0.04,,,,,,,
35.522,189.67,35.522,0.3,35.522,0,35.522,5,35.522,0.04,,,,,,,
35.529,189.67,35.529,0.3,35.529,0,35.529,5,35.529,0.04,,,,,,,
35.536,189.67,35.536,0.3,35.536,0,35.536,5,35.536,0.04,,,,,,,
35.543,189.67,35.543,0.3,35.543,0,35.543,5,35.543,0.04,,,,,,,
35.55,189.67,35.55,0.3,35.55,0,35.55,5,35.55,0.04,,,,,,,
35.557,189.67,35.557,0.3,35.557,0,35.557,5,35.557,0.04,,,,,,,
35.564,189.67,35.564,0.3,35.564,0,35.564,5,35.564,0.04,,,,,,,
35.571,189.67,35.571,0.3,35.571,0,35.571,5,35.571,0.04,,,,,,,
35.578,189.67,35.578,0.3,35.578,0,35.578,5,35.578,0.04,,,,,,,
35.585,189.67,35.585,0.3,35.585,0,35.585,5,35.585,0.04,,,,,,,
35.592,189.67,35.592,0.3,35.592,0,35.592,5,35.592,0.04,,,,,,,
35.599,189.67,35.599,0.3,35.599,0,35.599,5,35.599,0.04,,,,,,,
35.605,189.67,35.605,0.3,35.605,0,35.605,5,35.605,0.04,,,,,,,
35.612,189.67,35.612,0.3,35.612,0,35.612,5,35.612,0.04,,,,,,,
35.619,189.67,35.619,0.3,35.619,0,35.619,5,35.619,0.04,,,,,,,
35.626,189.67,35.626,0.3,35.626,0,35.626,5,35.626,0.04,,,,,,,
35.633,189.67,35.633,0.3,35.633,0,35.633,5,35.633,0.04,,,,,,,
35.64,189.67,35.64,0.3,35.64,0,35.64,5,35.64,0.04,,,,,,,
35.647,189.67,35.647,0.3,35.647,0,35.647,5,35.647,0.04,,,,,,,
35.654,189.67,35.654,0.3,35.654,0,35.654,5,35.654,0.04,,,,,,,
35.661,189.67,35.661,0.3,35.661,0,35.661,5,35.661,0.04,,,,,,,
35.668,189.67,35.668,0.3,35.668,0,35.668,5,35.668,0.04,,,,,,,
35.675,189.67,35.675,0.3,35.675,0,35.675,5,35.675,0.04,,,,,,,
35.682,189.6712,35.682,0.3,35.682,0,35.682,5,35.682,0.04,,,,,,,
35.689,189.6754,35.689,0.3,35.689,0,35.689,5,35.689,0.04,,,,,,,
35.696,189.6796,35.696,0.3,35.696,0,35.696,5,35.696,0.04,,,,,,,
35.703,189.68,35.703,0.3,35.703,0,35.703,5,35.703,0.04,,,,,,,
35.71,189.68,35.71,0.3,35.71,0,35.71,5,35.71,0.04,,,,,,,
35.717,189.68,35.717,0.3,35.717,0,35.717,5,35.717,0.04,,,,,,,
35.724,189.68,35.724,0.3,35.724,0,35.724,5,35.724,0.04,,,,,,,
35.731,189.68,35.731,0.3,35.731,0,35.731,5,35.731,0.04,,,,,,,
35.738,189.68,35.738,0.3,35.738,0,35.738,5,35.738,0.04,,,,,,,
35.745,189.68,35.745,0.3,35.745,0,35.745,5,35.745,0.04,,,,,,,
35.752,189.6831,35.752,0.3,35.752,0,35.752,5,35.752,0.04,,,,,,,
35.759,189.6873,35.759,0.3,35.759,0,35.759,5,35.759,0.04,,,,,,,
35.766,189.69,35.766,0.3,35.766,0,35.766,5,35.766,0.04,,,,,,,
35.773,189.69,35.773,0.3,35.773,0,35.773,5,35.773,0.04,,,,,,,
35.78,189.69,35.78,0.3,35.78,0,35.78,5,35.78,0.04,,,,,,,
35.787,189.69,35.787,0.3,35.787,0,35.787,5,35.787,0.04,,,,,,,
35.794,189.69,35.794,0.3,35.794,0,35.794,5,35.794,0.04,,,,,,,
35.801,189.69,35.801,0.3,35.801,0,35.801,5,35.801,0.04,,,,,,,
35.808,189.69,35.808,0.3,35.808,0,35.808,5,35.808,0.04,,,,,,,
35.815,189.69,35.815,0.3,35.815,0,35.815,5,35.815,0.04,,,,,,,
35.822,189.69,35.822,0.3,35.822,0,35.822,5,35.822,0.04,,,,,,,
35.829,189.69,35.829,0.3,35.829,0,35.829,5,35.829,0.04,,,,,,,
35.836,189.69,35.836,0.3,35.836,0,35.836,5,35.836,0.04,,,,,,,
35.843,189.69,35.843,0.3,35.843,0,35.843,5,35.843,0.04,,,,,,,
35.85,189.69,35.85,0.3,35.85,0,35.85,5,35.85,0.04,,,,,,,
35.857,189.69,35.857,0.3,35.857,0,35.857,5,35.857,0.04,,,,,,,
35.864,189.69,35.864,0.3,35.864,0,35.864,5,35.864,0.04,,,,,,,
35.871,189.69,35.871,0.3,35.871,0,35.871,5,35.871,0.04,,,,,,,
35.878,189.69,35.878,0.3,35.878,0,35.878,5,35.878,0.04,,,,,,,
35.885,189.6929,35.885,0.3,35.885,0,35.885,5,35.885,0.04,,,,,,,
35.892,189.6971,35.892,0.3,35.892,0,35.892,5,35.892,0.04,,,,,,,
35.899,189.7,35.899,0.3,35.899,0,35.899,5,35.899,0.04,,,,,,,
35.906,189.7,35.906,0.3,35.906,0,35.906,5,35.906,0.04,,,,,,,
35.913,189.7,35.913,0.3,35.913,0,35.913,5,35.913,0.04,,,,,,,
35.92,189.7,35.92,0.3,35.92,0,35.92,5,35.92,0.04,,,,,,,
35.927,189.7,35.927,0.3,35.927,0,35.927,5,35.927,0.04,,,,,,,
35.934,189.7,35.934,0.3,35.934,0,35.934,5,35.934,0.04,,,,,,,
35.941,189.7,35.941,0.3,35.941,0,35.941,5,35.941,0.04,,,,,,,
35.948,189.7,35.948,0.3,35.948,0,35.948,5,35.948,0.04,,,,,,,
35.955,189.7,35.955,0.3,35.955,0,35.955,5,35.955,0.04,,,,,,,
35.962,189.7,35.962,0.3,35.962,0,35.962,5,35.962,0.04,,,,,,,
35.969,189.7,35.969,0.3,35.969,0,35.969,5,35.969,0.04,,,,,,,
35.976,189.7,35.976,0.3,35.976,0,35.976,5,35.976,0.04,,,,,,,
35.983,189.7,35.983,0.3,35.983,0,35.983,5,35.983,0.04,,,,,,,
35.99,189.7,35.99,0.3,35.99,0,35.99,5,35.99,0.04,,,,,,,
35.997,189.7,35.997,0.3,35.997,0,35.997,5,35.997,0.04,,,,,,,
36.004,189.7042,36.004,0.3,36.004,0,36.004,5,36.004,0.04,,,,,,,
36.011,189.7084,36.011,0.3,36.011,0,36.011,5,36.011,0.04,,,,,,,
36.018,189.71,36.018,0.3,36.018,0,36.018,5,36.018,0.04,,,,,,,
36.025,189.71,36.025,0.3,36.025,0,36.025,5,36.025,0.04,,,,,,,
36.032,189.71,36.032,0.3,36.032,0,36.032,5,36.032,0.04,,,,,,,
36.039,189.71,36.039,0.3,36.039,0,36.039,5,36.039,0.04,,,,,,,
36.046,189.71,36.046,0.3,36.046,0,36.046,5,36.046,0.04,,,,,,,
36.053,189.71,36.053,0.3,36.053,0,36.053,5,36.053,0.04,,,,,,,
36.06,189.71,36.06,0.3,36.06,0,36.06,5,36.06,0.04,,,,,,,
36.067,189.71,36.067,0.3,36.067,0,36.067,5,36.067,0.04,,,,,,,
36.074,189.71,36.074,0.3,36.074,0,36.074,5,36.074,0.04,,,,,,,
36.081,189.71,36.081,0.3,36.081,0,36.081,5,36.081,0.04,,,,,,,
36.088,189.71,36.088,0.3,36.088,0,36.088,5,36.088,0.04,,,,,,,
36.095,189.71,36.095,0.3,36.095,0,36.095,5,36.095,0.04,,,,,,,
36.102,189.71,36.102,0.3,36.102,0,36.102,5,36.102,0.04,,,,,,,
36.109,189.71,36.109,0.3,36.109,0,36.109,5,36.109,0.04,,,,,,,
36.116,189.71,36.116,0.3,36.116,0,36.116,5,36.116,0.04,,,,,,,
36.123,189.71,36.123,0.3,36.123,0,36.123,5,36.123,0.04,,,,,,,
36.13,189.71,36.13,0.3,36.13,0,36.13,5,36.13,0.04,,,,,,,
36.137,189.71,36.137,0.3,36.137,0,36.137,5,36.137,0.04,,,,,,,
36.144,189.71,36.144,0.3,36.144,0,36.144,5,36.144,0.04,,,,,,,
36.151,189.7123,36.151,0.3,36.151,0,36.151,5,36.151,0.04,,,,,,,
36.158,189.7165,36.158,0.3,36.158,0,36.158,5,36.158,0.04,,,,,,,
36.165,189.72,36.165,0.3,36.165,0,36.165,5,36.165,0.04,,,,,,,
36.172,189.72,36.172,0.3,36.172,0,36.172,5,36.172,0.04,,,,,,,
36.179,189.72,36.179,0.3,36.179,0,36.179,5,36.179,0.04,,,,,,,
36.186,189.72,36.186,0.3,36.186,0,36.186,5,36.186,0.04,,,,,,,
36.193,189.72,36.193,0.3,36.193,0,36.193,5,36.193,0.04,,,,,,,
36.2,189.7217,36.2,0.3,36.2,0,36.2,5,36.2,0.04,,,,,,,
36.207,189.7259,36.207,0.3,36.207,0,36.207,5,36.207,0.04,,,,,,,
36.214,189.73,36.214,0.3,36.214,0,36.214,5,36.214,0.04,,,,,,,
36.221,189.73,36.221,0.3,36.221,0,36.221,5,36.221,0.04,,,,,,,
36.228,189.73,36.228,0.3,36.228,0,36.228,5,36.228,0.04,,,,,,,
36.235,189.73,36.235,0.3,36.235,0,36.235,5,36.235,0.04,,,,,,,
36.242,189.73,36.242,0.3,36.242,0,36.242,5,36.242,0.04,,,,,,,
36.249,189.73,36.249,0.3,36.249,0,36.249,5,36.249,0.04,,,,,,,
36.256,189.73,36.256,0.3,36.256,0,36.256,5,36.256,0.04,,,,,,,
36.263,189.73,36.263,0.3,36.263,0,36.263,5,36.263,0.04,,,,,,,
36.27,189.73,36.27,0.3,36.27,0,36.27,5,36.27,0.04,,,,,,,
36.277,189.73,36.277,0.3,36.277,0,36.277,5,36.277,0.04,,,,,,,
36.284,189.73,36.284,0.3,36.284,0,36.284,5,36.284,0.04,,,,,,,
36.291,189.73,36.291,0.3,36.291,0,36.291,5,36.291,0.04,,,,,,,
36.298,189.73,36.298,0.3,36.298,0,36.298,5,36.298,0.04,,,,,,,
36.305,189.73,36.305,0.3,36.305,0,36.305,5,36.305,0.04,,,,,,,
36.312,189.73,36.312,0.3,36.312,0,36.312,5,36.312,0.04,,,,,,,
36.319,189.73,36.319,0.3,36.319,0,36.319,5,36.319,0.04,,,,,,,
36.326,189.73,36.326,0.3,36.326,0,36.326,5,36.326,0.04,,,,,,,
36.333,189.73,36.333,0.3,36.333,0,36.333,5,36.333,0.04,,,,,,,
36.34,189.73,36.34,0.3,36.34,0,36.34,5,36.34,0.04,,,,,,,
36.347,189.73,36.347,0.3,36.347,0,36.347,5,36.347,0.04,,,,,,,
36.354,189.73,36.354,0.3,36.354,0,36.354,5,36.354,0.04,,,,,,,
36.361,189.73,36.361,0.3,36.361,0,36.361,5,36.361,0.04,,,,,,,
36.368,189.73,36.368,0.3,36.368,0,36.368,5,36.368,0.04,,,,,,,
36.375,189.73,36.375,0.3,36.375,0,36.375,5,36.375,0.04,,,,,,,
36.382,189.7308,36.382,0.3,36.382,0,36.382,5,36.382,0.04,,,,,,,
36.389,189.735,36.389,0.3,36.389,0,36.389,5,36.389,0.04,,,,,,,
36.396,189.7392,36.396,0.3,36.396,0,36.396,5,36.396,0.04,,,,,,,
36.403,189.74,36.403,0.3,36.403,0,36.403,5,36.403,0.04,,,,,,,
36.41,189.74,36.41,0.3,36.41,0,36.41,5,36.41,0.04,,,,,,,
36.417,189.74,36.417,0.3,36.417,0,36.417,5,36.417,0.04,,,,,,,
36.424,189.74,36.424,0.3,36.424,0,36.424,5,36.424,0.04,,,,,,,
36.431,189.74,36.431,0.3,36.431,0,36.431,5,36.431,0.04,,,,,,,
36.438,189.74,36.438,0.3,36.438,0,36.438,5,36.438,0.04,,,,,,,
36.445,189.74,36.445,0.3,36.445,0,36.445,5,36.445,0.04,,,,,,,
36.452,189.74,36.452,0.3,36.452,0,36.452,5,36.452,0.04,,,,,,,
36.459,189.74,36.459,0.3,36.459,0,36.459,5,36.459,0.04,,,,,,,
36.466,189.74,36.466,0.3,36.466,0,36.466,5,36.466,0.04,,,,,,,
36.473,189.74,36.473,0.3,36.473,0,36.473,5,36.473,0.04,,,,,,,
36.48,189.74,36.48,0.3,36.48,0,36.48,5,36.48,0.04,,,,,,,
36.487,189.74,36.487,0.3,36.487,0,36.487,5,36.487,0.04,,,,,,,
36.494,189.74,36.494,0.3,36.494,0,36.494,5,36.494,0.04,,,,,,,
36.501,189.74,36.501,0.3,36.501,0,36.501,5,36.501,0.04,,,,,,,
36.508,189.74,36.508,0.3,36.508,0,36.508,5,36.508,0.04,,,,,,,
36.515,189.7405,36.515,0.3,36.515,0,36.515,5,36.515,0.04,,,,,,,
36.521,189.7447,36.521,0.3,36.521,0,36.521,5,36.521,0.04,,,,,,,
36.528,189.7489,36.528,0.3,36.528,0,36.528,5,36.528,0.04,,,,,,,
36.535,189.75,36.535,0.3,36.535,0,36.535,5,36.535,0.04,,,,,,,
36.542,189.75,36.542,0.3,36.542,0,36.542,5,36.542,0.04,,,,,,,
36.549,189.75,36.549,0.3,36.549,0,36.549,5,36.549,0.04,,,,,,,
36.556,189.75,36.556,0.3,36.556,0,36.556,5,36.556,0.04,,,,,,,
36.563,189.75,36.563,0.3,36.563,0,36.563,5,36.563,0.04,,,,,,,
36.57,189.75,36.57,0.3,36.57,0,36.57,5,36.57,0.04,,,,,,,
36.577,189.75,36.577,0.3,36.577,0,36.577,5,36.577,0.04,,,,,,,
36.584,189.75,36.584,0.3,36.584,0,36.584,5,36.584,0.04,,,,,,,
36.591,189.75,36.591,0.3,36.591,0,36.591,5,36.591,0.04,,,,,,,
36.598,189.7491,36.598,0.3,36.598,0,36.598,5,36.598,0.04,,,,,,,
36.605,189.7449,36.605,0.3,36.605,0,36.605,5,36.605,0.04,,,,,,,
36.612,189.7407,36.612,0.3,36.612,0,36.612,5,36.612,0.04,,,,,,,
36.619,189.74,36.619,0.3,36.619,0,36.619,5,36.619,0.04,,,,,,,
36.626,189.74,36.626,0.3,36.626,0,36.626,5,36.626,0.04,,,,,,,
36.633,189.74,36.633,0.3,36.633,0,36.633,5,36.633,0.04,,,,,,,
36.64,189.74,36.64,0.3,36.64,0,36.64,5,36.64,0.04,,,,,,,
36.647,189.7402,36.647,0.3,36.647,0,36.647,5,36.647,0.04,,,,,,,
36.654,189.7444,36.654,0.3,36.654,0,36.654,5,36.654,0.04,,,,,,,
36.661,189.7487,36.661,0.3,36.661,0,36.661,5,36.661,0.04,,,,,,,
36.668,189.75,36.668,0.3,36.668,0,36.668,5,36.668,0.04,,,,,,,
36.675,189.75,36.675,0.3,36.675,0,36.675,5,36.675,0.04,,,,,,,
36.682,189.75,36.682,0.3,36.682,0,36.682,5,36.682,0.04,,,,,,,
36.689,189.75,36.689,0.3,36.689,0,36.689,5,36.689,0.04,,,,,,,
36.696,189.75,36.696,0.3,36.696,0,36.696,5,36.696,0.04,,,,,,,
36.703,189.75,36.703,0.3,36.703,0,36.703,5,36.703,0.04,,,,,,,
36.71,189.75,36.71,0.3,36.71,0,36.71,5,36.71,0.04,,,,,,,
36.717,189.75,36.717,0.3,36.717,0,36.717,5,36.717,0.04,,,,,,,
36.724,189.75,36.724,0.3,36.724,0,36.724,5,36.724,0.04,,,,,,,
36.731,189.75,36.731,0.3,36.731,0,36.731,5,36.731,0.04,,,,,,,
36.738,189.75,36.738,0.3,36.738,0,36.738,5,36.738,0.04,,,,,,,
36.745,189.75,36.745,0.3,36.745,0,36.745,5,36.745,0.04,,,,,,,
36.752,189.75,36.752,0.3,36.752,0,36.752,5,36.752,0.04,,,,,,,
36.759,189.75,36.759,0.3,36.759,0,36.759,5,36.759,0.04,,,,,,,
36.766,189.75,36.766,0.3,36.766,0,36.766,5,36.766,0.04,,,,,,,
36.773,189.75,36.773,0.3,36.773,0,36.773,5,36.773,0.04,,,,,,,
36.78,189.75,36.78,0.3,36.78,0,36.78,5,36.78,0.04,,,,,,,
36.787,189.7542,36.787,0.3,36.787,0,36.787,5,36.787,0.04,,,,,,,
36.794,189.7583,36.794,0.3,36.794,0,36.794,5,36.794,0.04,,,,,,,
36.801,189.76,36.801,0.3,36.801,0,36.801,5,36.801,0.04,,,,,,,
36.808,189.76,36.808,0.3,36.808,0,36.808,5,36.808,0.04,,,,,,,
36.815,189.76,36.815,0.3,36.815,0,36.815,5,36.815,0.04,,,,,,,
36.822,189.76,36.822,0.3,36.822,0,36.822,5,36.822,0.04,,,,,,,
36.829,189.76,36.829,0.3,36.829,0,36.829,5,36.829,0.04,,,,,,,
36.836,189.76,36.836,0.3,36.836,0,36.836,5,36.836,0.04,,,,,,,
36.843,189.76,36.843,0.3,36.843,0,36.843,5,36.843,0.04,,,,,,,
36.85,189.76,36.85,0.3,36.85,0,36.85,5,36.85,0.04,,,,,,,
36.857,189.76,36.857,0.3,36.857,0,36.857,5,36.857,0.04,,,,,,,
36.864,189.76,36.864,0.3,36.864,0,36.864,5,36.864,0.04,,,,,,,
36.871,189.76,36.871,0.3,36.871,0,36.871,5,36.871,0.04,,,,,,,
36.878,189.76,36.878,0.3,36.878,0,36.878,5,36.878,0.04,,,,,,,
36.885,189.76,36.885,0.3,36.885,0,36.885,5,36.885,0.04,,,,,,,
36.892,189.76,36.892,0.3,36.892,0,36.892,5,36.892,0.04,,,,,,,
36.899,189.7613,36.899,0.3,36.899,0,36.899,5,36.899,0.04,,,,,,,
36.906,189.7655,36.906,0.3,36.906,0,36.906,5,36.906,0.04,,,,,,,
36.913,189.7697,36.913,0.3,36.913,0,36.913,5,36.913,0.04,,,,,,,
36.92,189.77,36.92,0.3,36.92,0,36.92,5,36.92,0.04,,,,,,,
36.927,189.77,36.927,0.3,36.927,0,36.927,5,36.927,0.04,,,,,,,
36.934,189.77,36.934,0.3,36.934,0,36.934,5,36.934,0.04,,,,,,,
36.941,189.77,36.941,0.3,36.941,0,36.941,5,36.941,0.04,,,,,,,
36.948,189.77,36.948,0.3006596,36.948,0,36.948,5,36.948,0.04,,,,,,,
36.955,189.77,36.955,0.3048725,36.955,0,36.955,5,36.955,0.04,,,,,,,
36.962,189.77,36.962,0.3090876,36.962,0,36.962,5,36.962,0.04,,,,,,,
36.969,189.77,36.969,0.31,36.969,0,36.969,5,36.969,0.04,,,,,,,
36.976,189.77,36.976,0.31,36.976,0,36.976,5,36.976,0.04,,,,,,,
36.983,189.77,36.983,0.31,36.983,0,36.983,5,36.983,0.04,,,,,,,
36.99,189.77,36.99,0.31,36.99,0,36.99,5,36.99,0.04,,,,,,,
36.997,189.77,36.997,0.31,36.997,0,36.997,5,36.997,0.04,,,,,,,
37.004,189.77,37.004,0.31,37.004,0,37.004,5,37.004,0.04,,,,,,,
37.011,189.77,37.011,0.31,37.011,0,37.011,5,37.011,0.04,,,,,,,
37.018,189.77,37.018,0.31,37.018,0,37.018,5,37.018,0.04,,,,,,,
37.025,189.77,37.025,0.31,37.025,0,37.025,5,37.025,0.04,,,,,,,
37.032,189.771,37.032,0.31,37.032,0,37.032,5,37.032,0.04,,,,,,,
37.039,189.7752,37.039,0.31,37.039,0,37.039,5,37.039,0.04,,,,,,,
37.046,189.7794,37.046,0.31,37.046,0,37.046,5,37.046,0.04,,,,,,,
37.053,189.78,37.053,0.31,37.053,0,37.053,5,37.053,0.04,,,,,,,
37.06,189.78,37.06,0.31,37.06,0,37.06,5,37.06,0.04,,,,,,,
37.067,189.78,37.067,0.31,37.067,0,37.067,5,37.067,0.04,,,,,,,
37.074,189.78,37.074,0.31,37.074,0,37.074,5,37.074,0.04,,,,,,,
37.081,189.78,37.081,0.31,37.081,0,37.081,5,37.081,0.04,,,,,,,
37.088,189.78,37.088,0.31,37.088,0,37.088,5,37.088,0.04,,,,,,,
37.095,189.78,37.095,0.31,37.095,0,37.095,5,37.095,0.04,,,,,,,
37.102,189.78,37.102,0.31,37.102,0,37.102,5,37.102,0.04,,,,,,,
37.109,189.78,37.109,0.31,37.109,0,37.109,5,37.109,0.04,,,,,,,
37.116,189.78,37.116,0.31,37.116,0,37.116,5,37.116,0.04,,,,,,,
37.123,189.78,37.123,0.31,37.123,0,37.123,5,37.123,0.04,,,,,,,
37.13,189.78,37.13,0.31,37.13,0,37.13,5,37.13,0.04,,,,,,,
37.137,189.78,37.137,0.31,37.137,0,37.137,5,37.137,0.04,,,,,,,
37.144,189.78,37.144,0.31,37.144,0,37.144,5,37.144,0.04,,,,,,,
37.151,189.78,37.151,0.31,37.151,0,37.151,5,37.151,0.04,,,,,,,
37.158,189.78,37.158,0.31,37.158,0,37.158,5,37.158,0.04,,,,,,,
37.165,189.7808,37.165,0.31,37.165,0,37.165,5,37.165,0.04,,,,,,,
37.172,189.785,37.172,0.31,37.172,0,37.172,5,37.172,0.04,,,,,,,
37.179,189.7891,37.179,0.31,37.179,0,37.179,5,37.179,0.04,,,,,,,
37.186,189.79,37.186,0.31,37.186,0,37.186,5,37.186,0.04,,,,,,,
37.193,189.79,37.193,0.31,37.193,0,37.193,5,37.193,0.04,,,,,,,
37.2,189.79,37.2,0.31,37.2,0,37.2,5,37.2,0.04,,,,,,,
37.207,189.79,37.207,0.31,37.207,0,37.207,5,37.207,0.04,,,,,,,
37.214,189.79,37.214,0.31,37.214,0,37.214,5,37.214,0.04,,,,,,,
37.221,189.79,37.221,0.31,37.221,0,37.221,5,37.221,0.04,,,,,,,
37.228,189.79,37.228,0.31,37.228,0,37.228,5,37.228,0.04,,,,,,,
37.235,189.7927,37.235,0.31,37.235,0,37.235,5,37.235,0.04,,,,,,,
37.242,189.7969,37.242,0.31,37.242,0,37.242,5,37.242,0.04,,,,,,,
37.249,189.8,37.249,0.31,37.249,0,37.249,5,37.249,0.04,,,,,,,
37.256,189.8,37.256,0.31,37.256,0,37.256,5,37.256,0.04,,,,,,,
37.263,189.8,37.263,0.31,37.263,0,37.263,5,37.263,0.04,,,,,,,
37.27,189.8,37.27,0.31,37.27,0,37.27,5,37.27,0.04,,,,,,,
37.277,189.8,37.277,0.31,37.277,0,37.277,5,37.277,0.04,,,,,,,
37.284,189.8,37.284,0.31,37.284,0,37.284,5,37.284,0.04,,,,,,,
37.291,189.8,37.291,0.31,37.291,0,37.291,5,37.291,0.04,,,,,,,
37.298,189.8,37.298,0.31,37.298,0,37.298,5,37.298,0.04,,,,,,,
37.305,189.8,37.305,0.31,37.305,0,37.305,5,37.305,0.04,,,,,,,
37.312,189.8,37.312,0.31,37.312,0,37.312,5,37.312,0.04,,,,,,,
37.319,189.8,37.319,0.31,37.319,0,37.319,5,37.319,0.04,,,,,,,
37.326,189.8,37.326,0.31,37.326,0,37.326,5,37.326,0.04,,,,,,,
37.333,189.8,37.333,0.31,37.333,0,37.333,5,37.333,0.04,,,,,,,
37.34,189.8,37.34,0.31,37.34,0,37.34,5,37.34,0.04,,,,,,,
37.347,189.8,37.347,0.31,37.347,0,37.347,5,37.347,0.04,,,,,,,
37.354,189.8,37.354,0.31,37.354,0,37.354,5,37.354,0.04,,,,,,,
37.361,189.8,37.361,0.31,37.361,0,37.361,5,37.361,0.04,,,,,,,
37.368,189.8025,37.368,0.31,37.368,0,37.368,5,37.368,0.04,,,,,,,
37.375,189.8066,37.375,0.31,37.375,0,37.375,5,37.375,0.04,,,,,,,
37.382,189.81,37.382,0.31,37.382,0,37.382,5,37.382,0.04,,,,,,,
37.389,189.81,37.389,0.31,37.389,0,37.389,5,37.389,0.04,,,,,,,
37.396,189.81,37.396,0.31,37.396,0,37.396,5,37.396,0.04,,,,,,,
37.403,189.81,37.403,0.3134168,37.403,0,37.403,5,37.403,0.04,,,,,,,
37.41,189.81,37.41,0.3176287,37.41,0,37.41,5,37.41,0.04,,,,,,,
37.417,189.81,37.417,0.32,37.417,0,37.417,5,37.417,0.04,,,,,,,
37.424,189.81,37.424,0.32,37.424,0,37.424,5,37.424,0.04,,,,,,,
37.431,189.81,37.431,0.32,37.431,0,37.431,5,37.431,0.04,,,,,,,
37.437,189.81,37.437,0.32,37.437,0,37.437,5,37.437,0.04,,,,,,,
37.444,189.81,37.444,0.32,37.444,0,37.444,5,37.444,0.04,,,,,,,
37.451,189.81,37.451,0.32,37.451,0,37.451,5,37.451,0.04,,,,,,,
37.458,189.81,37.458,0.32,37.458,0,37.458,5,37.458,0.04,,,,,,,
37.465,189.81,37.465,0.32,37.465,0,37.465,5,37.465,0.04,,,,,,,
37.472,189.81,37.472,0.32,37.472,0,37.472,5,37.472,0.04,,,,,,,
37.479,189.81,37.479,0.32,37.479,0,37.479,5,37.479,0.04,,,,,,,
37.486,189.81,37.486,0.32,37.486,0,37.486,5,37.486,0.04,,,,,,,
37.493,189.81,37.493,0.32,37.493,0,37.493,5,37.493,0.04,,,,,,,
37.5,189.81,37.5,0.32,37.5,0,37.5,5,37.5,0.04,,,,,,,
37.507,189.81,37.507,0.32,37.507,0,37.507,5,37.507,0.04,,,,,,,
37.514,189.81,37.514,0.32,37.514,0,37.514,5,37.514,0.04,,,,,,,
37.521,189.81,37.521,0.32,37.521,0,37.521,5,37.521,0.04,,,,,,,
37.528,189.81,37.528,0.32,37.528,0,37.528,5,37.528,0.04,,,,,,,
37.535,189.81,37.535,0.32,37.535,0,37.535,5,37.535,0.04,,,,,,,
37.542,189.81,37.542,0.32,37.542,0,37.542,5,37.542,0.04,,,,,,,
37.549,189.8115,37.549,0.32,37.549,0,37.549,5,37.549,0.04,,,,,,,
37.556,189.8157,37.556,0.32,37.556,0,37.556,5,37.556,0.04,,,,,,,
37.563,189.82,37.563,0.32,37.563,0,37.563,5,37.563,0.04,,,,,,,
37.57,189.82,37.57,0.32,37.57,0,37.57,5,37.57,0.04,,,,,,,
37.577,189.82,37.577,0.32,37.577,0,37.577,5,37.577,0.04,,,,,,,
37.584,189.82,37.584,0.32,37.584,0,37.584,5,37.584,0.04,,,,,,,
37.591,189.82,37.591,0.32,37.591,0,37.591,5,37.591,0.04,,,,,,,
37.598,189.82,37.598,0.32,37.598,0,37.598,5,37.598,0.04,,,,,,,
37.605,189.82,37.605,0.32,37.605,0,37.605,5,37.605,0.04,,,,,,,
37.612,189.82,37.612,0.32,37.612,0,37.612,5,37.612,0.04,,,,,,,
37.619,189.82,37.619,0.32,37.619,0,37.619,5,37.619,0.04,,,,,,,
37.626,189.82,37.626,0.32,37.626,0,37.626,5,37.626,0.04,,,,,,,
37.633,189.82,37.633,0.32,37.633,0,37.633,5,37.633,0.04,,,,,,,
37.64,189.82,37.64,0.32,37.64,0,37.64,5,37.64,0.04,,,,,,,
37.647,189.82,37.647,0.32,37.647,0,37.647,5,37.647,0.04,,,,,,,
37.654,189.82,37.654,0.32,37.654,0,37.654,5,37.654,0.04,,,,,,,
37.661,189.82,37.661,0.32,37.661,0,37.661,5,37.661,0.04,,,,,,,
37.668,189.82,37.668,0.3228872,37.668,0,37.668,5,37.668,0.04,,,,,,,
37.675,189.82,37.675,0.327074,37.675,0,37.675,5,37.675,0.04,,,,,,,
37.682,189.8213,37.682,0.33,37.682,0,37.682,5,37.682,0.04,,,,,,,
37.689,189.8255,37.689,0.33,37.689,0,37.689,5,37.689,0.04,,,,,,,
37.696,189.8296,37.696,0.33,37.696,0,37.696,5,37.696,0.04,,,,,,,
37.703,189.83,37.703,0.33,37.703,0,37.703,5,37.703,0.04,,,,,,,
37.71,189.83,37.71,0.33,37.71,0,37.71,5,37.71,0.04,,,,,,,
37.717,189.83,37.717,0.33,37.717,0,37.717,5,37.717,0.04,,,,,,,
37.724,189.83,37.724,0.33,37.724,0,37.724,5,37.724,0.04,,,,,,,
37.731,189.83,37.731,0.33,37.731,0,37.731,5,37.731,0.04,,,,,,,
37.738,189.83,37.738,0.33,37.738,0,37.738,5,37.738,0.04,,,,,,,
37.745,189.83,37.745,0.33,37.745,0,37.745,5,37.745,0.04,,,,,,,
37.752,189.83,37.752,0.33,37.752,0,37.752,5,37.752,0.04,,,,,,,
37.759,189.83,37.759,0.33,37.759,0,37.759,5,37.759,0.04,,,,,,,
37.766,189.83,37.766,0.33,37.766,0,37.766,5,37.766,0.04,,,,,,,
37.773,189.83,37.773,0.33,37.773,0,37.773,5,37.773,0.04,,,,,,,
37.78,189.83,37.78,0.33,37.78,0,37.78,5,37.78,0.04,,,,,,,
37.787,189.83,37.787,0.33,37.787,0,37.787,5,37.787,0.04,,,,,,,
37.794,189.83,37.794,0.33,37.794,0,37.794,5,37.794,0.04,,,,,,,
37.801,189.83,37.801,0.33,37.801,0,37.801,5,37.801,0.03741039,,,,,,,
37.808,189.83,37.808,0.33,37.808,0,37.808,5,37.808,0.03319853,,,,,,,
37.815,189.83,37.815,0.33,37.815,0,37.815,5,37.815,0.03,,,,,,,
37.822,189.83,37.822,0.33,37.822,0,37.822,5,37.822,0.03,,,,,,,
37.829,189.83,37.829,0.33,37.829,0,37.829,5,37.829,0.03,,,,,,,
37.836,189.83,37.836,0.3335724,37.836,0,37.836,5,37.836,0.03,,,,,,,
37.843,189.83,37.843,0.3377593,37.843,0,37.843,5,37.843,0.03,,,,,,,
37.85,189.83,37.85,0.34,37.85,0,37.85,5,37.85,0.03,,,,,,,
37.857,189.83,37.857,0.34,37.857,0,37.857,5,37.857,0.03,,,,,,,
37.864,189.83,37.864,0.34,37.864,0,37.864,5,37.864,0.03,,,,,,,
37.871,189.83,37.871,0.34,37.871,0,37.871,5,37.871,0.03,,,,,,,
37.878,189.83,37.878,0.34,37.878,0,37.878,5,37.878,0.03,,,,,,,
37.885,189.8271,37.885,0.34,37.885,0,37.885,5,37.885,0.03294494,,,,,,,
37.892,189.8229,37.892,0.34,37.892,0,37.892,5,37.892,0.03713502,,,,,,,
37.899,189.82,37.899,0.34,37.899,0,37.899,5,37.899,0.04,,,,,,,
37.906,189.82,37.906,0.34,37.906,0,37.906,5,37.906,0.04,,,,,,,
37.913,189.82,37.913,0.34,37.913,0,37.913,5,37.913,0.04,,,,,,,
37.92,189.82,37.92,0.34,37.92,0,37.92,5,37.92,0.04,,,,,,,
37.927,189.82,37.927,0.34,37.927,0,37.927,5,37.927,0.04,,,,,,,
37.934,189.82,37.934,0.34,37.934,0,37.934,5,37.934,0.04,,,,,,,
37.941,189.82,37.941,0.34,37.941,0,37.941,5,37.941,0.04,,,,,,,
37.948,189.8193,37.948,0.34,37.948,0,37.948,5,37.948,0.04,,,,,,,
37.955,189.8151,37.955,0.34,37.955,0,37.955,5,37.955,0.04,,,,,,,
37.962,189.8109,37.962,0.34,37.962,0,37.962,5,37.962,0.04,,,,,,,
37.969,189.81,37.969,0.34,37.969,0,37.969,5,37.969,0.03668113,,,,,,,
37.976,189.81,37.976,0.34,37.976,0,37.976,5,37.976,0.03249429,,,,,,,
37.983,189.81,37.983,0.3416926,37.983,0,37.983,5,37.983,0.03,,,,,,,
37.99,189.81,37.99,0.3458817,37.99,0,37.99,5,37.99,0.03,,,,,,,
37.997,189.81,37.997,0.35,37.997,0,37.997,5,37.997,0.03,,,,,,,
38.004,189.81,38.004,0.35,38.004,0,38.004,5,38.004,0.03,,,,,,,
38.011,189.81,38.011,0.35,38.011,0,38.011,5,38.011,0.03,,,,,,,
38.018,189.8073,38.018,0.35,38.018,0,38.018,5,38.018,0.03,,,,,,,
38.025,189.8031,38.025,0.35,38.025,0,38.025,5,38.025,0.03,,,,,,,
38.032,189.8,38.032,0.35,38.032,0,38.032,5,38.032,0.03,,,,,,,
38.039,189.8,38.039,0.35,38.039,0,38.039,5,38.039,0.03,,,,,,,
38.046,189.8,38.046,0.35,38.046,0,38.046,5,38.046,0.03,,,,,,,
38.053,189.8,38.053,0.35,38.053,0,38.053,5,38.053,0.0336512,,,,,,,
38.06,189.8,38.06,0.35,38.06,0,38.06,5,38.06,0.03786535,,,,,,,
38.067,189.8,38.067,0.35,38.067,0,38.067,5,38.067,0.04,,,,,,,
38.074,189.8,38.074,0.35,38.074,0,38.074,5,38.074,0.04,,,,,,,
38.081,189.8,38.081,0.35,38.081,0,38.081,5,38.081,0.04,,,,,,,
38.088,189.8,38.088,0.35,38.088,0,38.088,5,38.088,0.04,,,,,,,
38.095,189.8,38.095,0.35,38.095,0,38.095,5,38.095,0.04,,,,,,,
38.102,189.8,38.102,0.3530216,38.102,0,38.102,5,38.102,0.04,,,,,,,
38.109,189.8,38.109,0.3572358,38.109,0,38.109,5,38.109,0.04,,,,,,,
38.116,189.7986,38.116,0.36,38.116,0,38.116,5,38.116,0.04,,,,,,,
38.123,189.7944,38.123,0.36,38.123,0,38.123,5,38.123,0.04,,,,,,,
38.13,189.7902,38.13,0.36,38.13,0,38.13,5,38.13,0.04,,,,,,,
38.137,189.79,38.137,0.36,38.137,0,38.137,5,38.137,0.04,,,,,,,
38.144,189.79,38.144,0.36,38.144,0,38.144,5,38.144,0.04,,,,,,,
38.151,189.79,38.151,0.36,38.151,0,38.151,5,38.151,0.04,,,,,,,
38.158,189.79,38.158,0.36,38.158,0,38.158,5,38.158,0.04,,,,,,,
38.165,189.79,38.165,0.36,38.165,0,38.165,5,38.165,0.04,,,,,,,
38.172,189.79,38.172,0.36,38.172,0,38.172,5,38.172,0.04,,,,,,,
38.179,189.79,38.179,0.36,38.179,0,38.179,5,38.179,0.04,,,,,,,
38.186,189.7866,38.186,0.363376,38.186,0,38.186,5,38.186,0.04,,,,,,,
38.193,189.7824,38.193,0.3675628,38.193,0,38.193,5,38.193,0.04,,,,,,,
38.2,189.7782,38.2,0.37,38.2,0,38.2,5,38.2,0.04,,,,,,,
38.207,189.774,38.207,0.37,38.207,0,38.207,5,38.207,0.04,,,,,,,
38.214,189.77,38.214,0.37,38.214,0,38.214,5,38.214,0.04,,,,,,,
38.221,189.77,38.221,0.37,38.221,0,38.221,5,38.221,0.04,,,,,,,
38.228,189.77,38.228,0.37,38.228,0,38.228,5,38.228,0.04,,,,,,,
38.235,189.77,38.235,0.37,38.235,0,38.235,5,38.235,0.04,,,,,,,
38.242,189.77,38.242,0.37,38.242,0,38.242,5,38.242,0.04,,,,,,,
38.249,189.7689,38.249,0.3711308,38.249,0,38.249,5,38.249,0.04,,,,,,,
38.256,189.7646,38.256,0.3753459,38.256,0,38.256,5,38.256,0.04,,,,,,,
38.263,189.7604,38.263,0.3795587,38.263,0,38.263,5,38.263,0.04,,,,,,,
38.27,189.76,38.27,0.38,38.27,0,38.27,5,38.27,0.04,,,,,,,
38.277,189.76,38.277,0.38,38.277,0,38.277,5,38.277,0.04,,,,,,,
38.284,189.76,38.284,0.38,38.284,0,38.284,5,38.284,0.04,,,,,,,
38.291,189.76,38.291,0.38,38.291,0,38.291,5,38.291,0.04,,,,,,,
38.298,189.76,38.298,0.38,38.298,0,38.298,5,38.298,0.04,,,,,,,
38.305,189.76,38.305,0.38,38.305,0,38.305,5,38.305,0.04,,,,,,,
38.312,189.76,38.312,0.38,38.312,0,38.312,5,38.312,0.04,,,,,,,
38.319,189.7538,38.319,0.38,38.319,0,38.319,5,38.319,0.04,,,,,,,
38.326,189.7454,38.326,0.38,38.326,0,38.326,5,38.326,0.04,,,,,,,
38.333,189.74,38.333,0.38,38.333,0,38.333,5,38.333,0.04,,,,,,,
38.34,189.74,38.34,0.38,38.34,0,38.34,5,38.34,0.04,,,,,,,
38.346,189.74,38.346,0.38,38.346,0,38.346,5,38.346,0.04,,,,,,,
38.353,189.74,38.353,0.38,38.353,0,38.353,5,38.353,0.04,,,,,,,
38.36,189.74,38.36,0.38,38.36,0,38.36,5,38.36,0.04,,,,,,,
38.367,189.74,38.367,0.3824943,38.367,0,38.367,5,38.367,0.04,,,,,,,
38.374,189.74,38.374,0.3866834,38.374,0,38.374,5,38.374,0.04,,,,,,,
38.381,189.7391,38.381,0.39,38.381,0,38.381,5,38.381,0.04,,,,,,,
38.388,189.7349,38.388,0.39,38.388,0,38.388,5,38.388,0.04,,,,,,,
38.395,189.7307,38.395,0.39,38.395,0,38.395,5,38.395,0.04,,,,,,,
38.402,189.7265,38.402,0.39,38.402,0,38.402,5,38.402,0.04,,,,,,,
38.409,189.7223,38.409,0.39,38.409,0,38.409,5,38.409,0.04,,,,,,,
38.416,189.72,38.416,0.3918684,38.416,0,38.416,5,38.416,0.04,,,,,,,
38.423,189.72,38.423,0.3960575,38.423,0,38.423,5,38.423,0.04,,,,,,,
38.43,189.7198,38.43,0.4,38.43,0,38.43,5,38.43,0.04,,,,,,,
38.437,189.7156,38.437,0.4,38.437,0,38.437,5,38.437,0.04,,,,,,,
38.444,189.7114,38.444,0.4,38.444,0,38.444,5,38.444,0.04,,,,,,,
38.451,189.7072,38.451,0.4,38.451,0,38.451,5,38.451,0.04,,,,,,,
38.458,189.703,38.458,0.4,38.458,0,38.458,5,38.458,0.04,,,,,,,
38.465,189.6988,38.465,0.4,38.465,0,38.465,5,38.465,0.04,,,,,,,
38.472,189.6946,38.472,0.4,38.472,0,38.472,5,38.472,0.04,,,,,,,
38.479,189.6904,38.479,0.4,38.479,0,38.479,5,38.479,0.04,,,,,,,
38.486,189.69,38.486,0.4,38.486,0,38.486,5,38.486,0.04,,,,,,,
38.493,189.69,38.493,0.4,38.493,0,38.493,5,38.493,0.04,,,,,,,
38.5,189.6878,38.5,0.4021949,38.5,0,38.5,5,38.5,0.04,,,,,,,
38.507,189.6836,38.507,0.4064077,38.507,0,38.507,5,38.507,0.04,,,,,,,
38.514,189.6794,38.514,0.41,38.514,0,38.514,5,38.514,0.04,,,,,,,
38.521,189.6752,38.521,0.41,38.521,0,38.521,5,38.521,0.04,,,,,,,
38.528,189.671,38.528,0.41,38.528,0,38.528,5,38.528,0.04,,,,,,,
38.535,189.67,38.535,0.41,38.535,0,38.535,5,38.535,0.04,,,,,,,
38.542,189.67,38.542,0.41,38.542,0,38.542,5,38.542,0.04,,,,,,,
38.549,189.67,38.549,0.41,38.549,0,38.549,5,38.549,0.04,,,,,,,
38.556,189.67,38.556,0.41,38.556,0,38.556,5,38.556,0.04,,,,,,,
38.563,189.67,38.563,0.41,38.563,0,38.563,5,38.563,0.04,,,,,,,
38.57,189.6616,38.57,0.4141786,38.57,0,38.57,5,38.57,0.04,,,,,,,
38.577,189.6533,38.577,0.4183665,38.577,0,38.577,5,38.577,0.04,,,,,,,
38.584,189.6449,38.584,0.42,38.584,0,38.584,5,38.584,0.04,,,,,,,
38.591,189.6365,38.591,0.42,38.591,0,38.591,5,38.591,0.04,,,,,,,
38.598,189.63,38.598,0.42,38.598,0,38.598,5,38.598,0.04,,,,,,,
38.605,189.63,38.605,0.42,38.605,0,38.605,5,38.605,0.04,,,,,,,
38.612,189.63,38.612,0.42,38.612,0,38.612,5,38.612,0.04,,,,,,,
38.619,189.63,38.619,0.4235519,38.619,0,38.619,5,38.619,0.04,,,,,,,
38.626,189.63,38.626,0.4277387,38.626,0,38.626,5,38.626,0.04,,,,,,,
38.633,189.6262,38.633,0.43,38.633,0,38.633,5,38.633,0.04,,,,,,,
38.64,189.6178,38.64,0.43,38.64,0,38.64,5,38.64,0.04,,,,,,,
38.647,189.6091,38.647,0.43,38.647,0,38.647,5,38.647,0.04,,,,,,,
38.654,189.5965,38.654,0.43,38.654,0,38.654,5,38.654,0.04,,,,,,,
38.661,189.5838,38.661,0.43,38.661,0,38.661,5,38.661,0.04,,,,,,,
38.668,189.58,38.668,0.43,38.668,0,38.668,5,38.668,0.04,,,,,,,
38.675,189.58,38.675,0.43,38.675,0,38.675,5,38.675,0.04,,,,,,,
38.682,189.58,38.682,0.431302,38.682,0,38.682,5,38.682,0.04,,,,,,,
38.689,189.58,38.689,0.4354888,38.689,0,38.689,5,38.689,0.04,,,,,,,
38.696,189.58,38.696,0.4396757,38.696,0,38.696,5,38.696,0.04,,,,,,,
38.703,189.5722,38.703,0.44,38.703,0,38.703,5,38.703,0.04,,,,,,,
38.71,189.5638,38.71,0.44,38.71,0,38.71,5,38.71,0.04,,,,,,,
38.717,189.5554,38.717,0.44,38.717,0,38.717,5,38.717,0.04,,,,,,,
38.724,189.547,38.724,0.44,38.724,0,38.724,5,38.724,0.04,,,,,,,
38.731,189.54,38.731,0.4406801,38.731,0,38.731,5,38.731,0.04,,,,,,,
38.738,189.54,38.738,0.444892,38.738,0,38.738,5,38.738,0.04,,,,,,,
38.745,189.54,38.745,0.4491039,38.745,0,38.745,5,38.745,0.04,,,,,,,
38.752,189.54,38.752,0.45,38.752,0,38.752,5,38.752,0.04,,,,,,,
38.759,189.54,38.759,0.45,38.759,0,38.759,5,38.759,0.04,,,,,,,
38.766,189.535,38.766,0.45,38.766,0,38.766,5,38.766,0.04,,,,,,,
38.773,189.5224,38.773,0.45,38.773,0,38.773,5,38.773,0.04,,,,,,,
38.78,189.5099,38.78,0.45,38.78,0,38.78,5,38.78,0.04,,,,,,,
38.787,189.5015,38.787,0.45,38.787,0,38.787,5,38.787,0.04,,,,,,,
38.794,189.4931,38.794,0.45,38.794,0,38.794,5,38.794,0.04,,,,,,,
38.801,189.49,38.801,0.4526725,38.801,0,38.801,5,38.801,0.04,,,,,,,
38.808,189.49,38.808,0.4568593,38.808,0,38.808,5,38.808,0.04,,,,,,,
38.815,189.489,38.815,0.4620928,38.815,0,38.815,5,38.815,0.04,,,,,,,
38.822,189.4848,38.822,0.4704683,38.822,0,38.822,5,38.822,0.04,,,,,,,
38.829,189.4806,38.829,0.4788485,38.829,0,38.829,5,38.829,0.04,,,,,,,
38.836,189.4691,38.836,0.48,38.836,0,38.836,5,38.836,0.04,,,,,,,
38.843,189.4565,38.843,0.48,38.843,0,38.843,5,38.843,0.04,,,,,,,
38.85,189.448,38.85,0.48,38.85,0,38.85,5,38.85,0.04,,,,,,,
38.857,189.4438,38.857,0.48,38.857,0,38.857,5,38.857,0.04,,,,,,,
38.864,189.44,38.864,0.4795797,38.864,0,38.864,5,38.864,0.04,,,,,,,
38.871,189.44,38.871,0.4753929,38.871,0,38.871,5,38.871,0.04,,,,,,,
38.878,189.44,38.878,0.4712037,38.878,0,38.878,5,38.878,0.04,,,,,,,
38.885,189.434,38.885,0.4760032,38.885,0,38.885,5,38.885,0.04,,,,,,,
38.892,189.4256,38.892,0.4844289,38.892,0,38.892,5,38.892,0.04,,,,,,,
38.899,189.4157,38.899,0.49,38.899,0,38.899,5,38.899,0.04,,,,,,,
38.906,189.4032,38.906,0.49,38.906,0,38.906,5,38.906,0.04,,,,,,,
38.913,189.3906,38.913,0.49,38.913,0,38.913,5,38.913,0.04,,,,,,,
38.92,189.386,38.92,0.49,38.92,0,38.92,5,38.92,0.04,,,,,,,
38.927,189.3818,38.927,0.49,38.927,0,38.927,5,38.927,0.04,,,,,,,
38.934,189.38,38.934,0.49,38.934,0,38.934,5,38.934,0.04,,,,,,,
38.941,189.38,38.941,0.49,38.941,0,38.941,5,38.941,0.04,,,,,,,
38.948,189.3784,38.948,0.4907949,38.948,0,38.948,5,38.948,0.04,,,,,,,
38.955,189.37,38.955,0.4949817,38.955,0,38.955,5,38.955,0.04,,,,,,,
38.962,189.3617,38.962,0.4991686,38.962,0,38.962,5,38.962,0.04,,,,,,,
38.969,189.3499,38.969,0.5,38.969,0,38.969,5,38.969,0.04,,,,,,,
38.976,189.3374,38.976,0.5,38.976,0,38.976,5,38.976,0.04,,,,,,,
38.983,189.33,38.983,0.5,38.983,0,38.983,5,38.983,0.04,,,,,,,
38.99,189.33,38.99,0.5,38.99,0,38.99,5,38.99,0.04,,,,,,,
38.997,189.33,38.997,0.5003335,38.997,0,38.997,5,38.997,0.04,,,,,,,
39.004,189.33,39.004,0.5087091,39.004,0,39.004,5,39.004,0.04,,,,,,,
39.011,189.33,39.011,0.5170847,39.011,0,39.011,5,39.011,0.04,,,,,,,
39.018,189.3218,39.018,0.52,39.018,0,39.018,5,39.018,0.04,,,,,,,
39.025,189.3092,39.025,0.52,39.025,0,39.025,5,39.025,0.04,,,,,,,
39.032,189.2967,39.032,0.52,39.032,0,39.032,5,39.032,0.04,,,,,,,
39.039,189.284,39.039,0.52,39.039,0,39.039,5,39.039,0.04,,,,,,,
39.046,189.2714,39.046,0.52,39.046,0,39.046,5,39.046,0.04,,,,,,,
39.053,189.27,39.053,0.52,39.053,0,39.053,5,39.053,0.04,,,,,,,
39.06,189.27,39.06,0.52,39.06,0,39.06,5,39.06,0.04,,,,,,,
39.067,189.27,39.067,0.5221041,39.067,0,39.067,5,39.067,0.04,,,,,,,
39.074,189.27,39.074,0.526292,39.074,0,39.074,5,39.074,0.04,,,,,,,
39.081,189.2681,39.081,0.53,39.081,0,39.081,5,39.081,0.04,,,,,,,
39.088,189.2512,39.088,0.53,39.088,0,39.088,5,39.088,0.04,,,,,,,
39.095,189.2344,39.095,0.53,39.095,0,39.095,5,39.095,0.04,,,,,,,
39.102,189.2207,39.102,0.53,39.102,0,39.102,5,39.102,0.04,,,,,,,
39.109,189.2081,39.109,0.53,39.109,0,39.109,5,39.109,0.04,,,,,,,
39.116,189.2,39.116,0.5329556,39.116,0,39.116,5,39.116,0.04,,,,,,,
39.123,189.2,39.123,0.5413294,39.123,0,39.123,5,39.123,0.04,,,,,,,
39.13,189.2,39.13,0.5497031,39.13,0,39.13,5,39.13,0.04,,,,,,,
39.137,189.2,39.137,0.55,39.137,0,39.137,5,39.137,0.04,,,,,,,
39.144,189.2,39.144,0.55,39.144,0,39.144,5,39.144,0.04,,,,,,,
39.151,189.1876,39.151,0.554952,39.151,0,39.151,5,39.151,0.04,,,,,,,
39.158,189.1667,39.158,0.5633257,39.158,0,39.158,5,39.158,0.04,,,,,,,
39.165,189.1474,39.165,0.57,39.165,0,39.165,5,39.165,0.04,,,,,,,
39.172,189.1349,39.172,0.57,39.172,0,39.172,5,39.172,0.04,,,,,,,
39.179,189.1223,39.179,0.57,39.179,0,39.179,5,39.179,0.04,,,,,,,
39.186,189.12,39.186,0.566564,39.186,0,39.186,5,39.186,0.04,,,,,,,
39.193,189.12,39.193,0.5623512,39.193,0,39.193,5,39.193,0.04,,,,,,,
39.2,189.12,39.2,0.5637003,39.2,0,39.2,5,39.2,0.04,,,,,,,
39.207,189.12,39.207,0.572074,39.207,0,39.207,5,39.207,0.04,,,,,,,
39.214,189.1189,39.214,0.58,39.214,0,39.214,5,39.214,0.04,,,,,,,
39.221,189.0979,39.221,0.58,39.221,0,39.221,5,39.221,0.04,,,,,,,
39.228,189.077,39.228,0.58,39.228,0,39.228,5,39.228,0.04,,,,,,,
39.235,189.0616,39.235,0.58,39.235,0,39.235,5,39.235,0.04,,,,,,,
39.242,189.049,39.242,0.58,39.242,0,39.242,5,39.242,0.04,,,,,,,
39.249,189.04,39.249,0.58,39.249,0,39.249,5,39.249,0.04,,,,,,,
39.256,189.04,39.256,0.58,39.256,0,39.256,5,39.256,0.04,,,,,,,
39.262,189.04,39.262,0.58,39.262,0,39.262,5,39.262,0.04,,,,,,,
39.269,189.0362,39.269,0.5875742,39.269,0,39.269,5,39.269,0.04,,,,,,,
39.276,189.032,39.276,0.5959479,39.276,0,39.276,5,39.276,0.04,,,,,,,
39.283,189.0169,39.283,0.6,39.283,0,39.283,5,39.283,0.04,,,,,,,
39.29,188.9917,39.29,0.6,39.29,0,39.29,5,39.29,0.04,,,,,,,
39.297,188.9694,39.297,0.6,39.297,0,39.297,5,39.297,0.04,,,,,,,
39.304,188.9652,39.304,0.6,39.304,0,39.304,5,39.304,0.04,,,,,,,
39.311,188.961,39.311,0.6,39.311,0,39.311,5,39.311,0.04,,,,,,,
39.318,188.96,39.318,0.6063194,39.318,0,39.318,5,39.318,0.04,,,,,,,
39.325,188.96,39.325,0.614695,39.325,0,39.325,5,39.325,0.04,,,,,,,
39.332,188.9554,39.332,0.62,39.332,0,39.332,5,39.332,0.04,,,,,,,
39.339,188.9427,39.339,0.62,39.339,0,39.339,5,39.339,0.04,,,,,,,
39.346,188.9301,39.346,0.62,39.346,0,39.346,5,39.346,0.04,,,,,,,
39.353,188.9134,39.353,0.62,39.353,0,39.353,5,39.353,0.04,,,,,,,
39.36,188.8966,39.36,0.62,39.36,0,39.36,5,39.36,0.04,,,,,,,
39.367,188.8849,39.367,0.62,39.367,0,39.367,5,39.367,0.04,,,,,,,
39.374,188.8766,39.374,0.62,39.374,0,39.374,5,39.374,0.04,,,,,,,
39.381,188.87,39.381,0.6218295,39.381,0,39.381,5,39.381,0.04,,,,,,,
39.388,188.87,39.388,0.6302551,39.388,0,39.388,5,39.388,0.04,,,,,,,
39.395,188.87,39.395,0.6386808,39.395,0,39.395,5,39.395,0.04,,,,,,,
39.402,188.8629,39.402,0.64,39.402,0,39.402,5,39.402,0.04,,,,,,,
39.409,188.8546,39.409,0.64,39.409,0,39.409,5,39.409,0.04,,,,,,,
39.416,188.8386,39.416,0.64,39.416,0,39.416,5,39.416,0.04,,,,,,,
39.423,188.8134,39.423,0.64,39.423,0,39.423,5,39.423,0.04,,,,,,,
39.43,188.79,39.43,0.64,39.43,0,39.43,5,39.43,0.04,,,,,,,
39.437,188.79,39.437,0.64,39.437,0,39.437,5,39.437,0.04,,,,,,,
39.444,188.79,39.444,0.64,39.444,0,39.444,5,39.444,0.04,,,,,,,
39.451,188.79,39.451,0.6458154,39.451,0,39.451,5,39.451,0.04,,,,,,,
39.458,188.79,39.458,0.6541892,39.458,0,39.458,5,39.458,0.04,,,,,,,
39.465,188.7849,39.465,0.6625628,39.465,0,39.465,5,39.465,0.04128141,,,,,,,
39.472,188.7681,39.472,0.6709411,39.472,0,39.472,5,39.472,0.04547054,,,,,,,
39.479,188.7514,39.479,0.6793148,39.479,0,39.479,5,39.479,0.04965738,,,,,,,
39.486,188.7345,39.486,0.68,39.486,0,39.486,5,39.486,0.05,,,,,,,
39.493,188.7177,39.493,0.68,39.493,0,39.493,5,39.493,0.05,,,,,,,
39.5,188.71,39.5,0.68,39.5,0,39.5,5,39.5,0.05,,,,,,,
39.507,188.71,39.507,0.68,39.507,0,39.507,5,39.507,0.05,,,,,,,
39.514,188.71,39.514,0.68,39.514,0,39.514,5,39.514,0.05,,,,,,,
39.521,188.71,39.521,0.68,39.521,0,39.521,5,39.521,0.05,,,,,,,
39.528,188.71,39.528,0.68,39.528,0,39.528,5,39.528,0.05,,,,,,,
39.535,188.7003,39.535,0.6864752,39.535,0,39.535,5,39.535,0.05,,,,,,,
39.542,188.6877,39.542,0.6948989,39.542,0,39.542,5,39.542,0.05,,,,,,,
39.549,188.6734,39.549,0.7,39.549,0,39.549,5,39.549,0.04834628,,,,,,,
39.556,188.6566,39.556,0.7,39.556,0,39.556,5,39.556,0.04415943,,,,,,,
39.563,188.64,39.563,0.7,39.563,0,39.563,5,39.563,0.04,,,,,,,
39.57,188.64,39.57,0.7,39.57,0,39.57,5,39.57,0.04,,,,,,,
39.577,188.64,39.577,0.7,39.577,0,39.577,5,39.577,0.04,,,,,,,
39.584,188.64,39.584,0.705216,39.584,0,39.584,5,39.584,0.04,,,,,,,
39.591,188.64,39.591,0.7136443,39.591,0,39.591,5,39.591,0.04,,,,,,,
39.598,188.6338,39.598,0.72,39.598,0,39.598,5,39.598,0.04,,,,,,,
39.605,188.6087,39.605,0.72,39.605,0,39.605,5,39.605,0.04,,,,,,,
39.612,188.5836,39.612,0.72,39.612,0,39.612,5,39.612,0.04,,,,,,,
39.619,188.5692,39.619,0.72,39.619,0,39.619,5,39.619,0.04,,,,,,,
39.626,188.5567,39.626,0.72,39.626,0,39.626,5,39.626,0.04,,,,,,,
39.633,188.55,39.633,0.72,39.633,0,39.633,5,39.633,0.04,,,,,,,
39.64,188.55,39.64,0.72,39.64,0,39.64,5,39.64,0.04,,,,,,,
39.647,188.55,39.647,0.7212061,39.647,0,39.647,5,39.647,0.04,,,,,,,
39.654,188.55,39.654,0.7337666,39.654,0,39.654,5,39.654,0.04,,,,,,,
39.661,188.55,39.661,0.7463271,39.661,0,39.661,5,39.661,0.04,,,,,,,
39.668,188.4344,39.668,1.08206,39.668,0,39.668,5,39.668,0.0281407,,,,,,,
39.675,188.2711,39.675,1.550987,39.675,0,39.675,5,39.675,0.01139333,,,,,,,
39.682,188.16,39.682,1.87,39.682,0,39.682,5,39.682,0,,,,,,,
39.689,188.16,39.689,1.87,39.689,0,39.689,5,39.689,0,,,,,,,
39.696,188.16,39.696,1.87,39.696,0,39.696,5,39.696,0,,,,,,,
39.703,188.16,39.703,1.87,39.703,0,39.703,5,39.703,0,,,,,,,
39.71,188.16,39.71,1.87,39.71,0,39.71,5,39.71,0,,,,,,,
39.717,188.1623,39.717,1.87,39.717,0,39.717,5,39.717,0.002338968,,,,,,,
39.724,188.1665,39.724,1.87,39.724,0,39.724,5,39.724,0.006525811,,,,,,,
39.731,188.1707,39.731,1.87,39.731,0,39.731,5,39.731,0.01,,,,,,,
39.738,188.1749,39.738,1.87,39.738,0,39.738,5,39.738,0.01,,,,,,,
39.745,188.1791,39.745,1.87,39.745,0,39.745,5,39.745,0.01,,,,,,,
39.752,188.18,39.752,1.87,39.752,0,39.752,5,39.752,0.01,,,,,,,
39.759,188.18,39.759,1.87,39.759,0,39.759,5,39.759,0.01,,,,,,,
39.766,188.18,39.766,1.87,39.766,0,39.766,5,39.766,0.01,,,,,,,
39.773,188.18,39.773,1.87,39.773,0,39.773,5,39.773,0.01,,,,,,,
39.78,188.18,39.78,1.87,39.78,0,39.78,5,39.78,0.01,,,,,,,
39.787,188.18,39.787,1.87,39.787,0,39.787,5,39.787,0.01,,,,,,,
39.794,188.18,39.794,1.87,39.794,0,39.794,5,39.794,0.01,,,,,,,
39.801,188.1854,39.801,1.87,39.801,0,39.801,5,39.801,0.01,,,,,,,
39.808,188.1938,39.808,1.87,39.808,0,39.808,5,39.808,0.01,,,,,,,
39.815,188.2,39.815,1.87,39.815,0,39.815,5,39.815,0.01,,,,,,,
39.822,188.2,39.822,1.87,39.822,0,39.822,5,39.822,0.01,,,,,,,
39.829,188.2,39.829,1.87,39.829,0,39.829,5,39.829,0.01,,,,,,,
39.836,188.2,39.836,1.873672,39.836,0,39.836,5,39.836,0.01,,,,,,,
39.843,188.2,39.843,1.877884,39.843,0,39.843,5,39.843,0.01,,,,,,,
39.85,188.2,39.85,1.88,39.85,0,39.85,5,39.85,0.01,,,,,,,
39.857,188.2,39.857,1.88,39.857,0,39.857,5,39.857,0.01,,,,,,,
39.864,188.2,39.864,1.88,39.864,0,39.864,5,39.864,0.01,,,,,,,
39.871,188.2,39.871,1.88,39.871,0,39.871,5,39.871,0.01,,,,,,,
39.878,188.2,39.878,1.88,39.878,0,39.878,5,39.878,0.01,,,,,,,
39.885,188.2,39.885,1.88,39.885,0,39.885,5,39.885,0.01,,,,,,,
39.892,188.2,39.892,1.88,39.892,0,39.892,5,39.892,0.01,,,,,,,
39.899,188.2,39.899,1.88,39.899,0,39.899,5,39.899,0.01,,,,,,,
39.906,188.2,39.906,1.88,39.906,0,39.906,5,39.906,0.01,,,,,,,
39.913,188.2,39.913,1.88,39.913,0,39.913,5,39.913,0.01,,,,,,,
39.92,188.2,39.92,1.88,39.92,0,39.92,5,39.92,0.01,,,,,,,
39.927,188.2,39.927,1.88,39.927,0,39.927,5,39.927,0.01,,,,,,,
39.934,188.2,39.934,1.88,39.934,0,39.934,5,39.934,0.01,,,,,,,
39.941,188.2,39.941,1.88,39.941,0,39.941,5,39.941,0.01,,,,,,,
39.948,188.2,39.948,1.88,39.948,0,39.948,5,39.948,0.01,,,,,,,
39.955,188.2,39.955,1.88,39.955,0,39.955,5,39.955,0.01,,,,,,,
39.962,188.2,39.962,1.88,39.962,0,39.962,5,39.962,0.01,,,,,,,
39.969,188.2,39.969,1.88,39.969,0,39.969,5,39.969,0.01678849,,,,,,,
39.976,188.2,39.976,1.88,39.976,0,39.976,5,39.976,0.02516674,,,,,,,
39.983,188.2018,39.983,1.88,39.983,0,39.983,5,39.983,0.03,,,,,,,
39.99,188.206,39.99,1.88,39.99,0,39.99,5,39.99,0.03,,,,,,,
39.997,188.21,39.997,1.88,39.997,0,39.997,5,39.997,0.03,,,,,,,
40.004,188.21,40.004,1.88,40.004,0,40.004,5,40.004,0.03,,,,,,,
40.011,188.21,40.011,1.88,40.011,0,40.011,5,40.011,0.03,,,,,,,
40.018,188.21,40.018,1.88,40.018,0,40.018,5,40.018,0.03,,,,,,,
40.025,188.21,40.025,1.88,40.025,0,40.025,5,40.025,0.03,,,,,,,
40.032,188.2112,40.032,1.881151,40.032,0,40.032,5,40.032,0.03,,,,,,,
40.039,188.2154,40.039,1.885363,40.039,0,40.039,5,40.039,0.03,,,,,,,
40.046,188.2196,40.046,1.889577,40.046,0,40.046,5,40.046,0.03,,,,,,,
40.053,188.2238,40.053,1.89,40.053,0,40.053,5,40.053,0.03,,,,,,,
40.06,188.228,40.06,1.89,40.06,0,40.06,5,40.06,0.03,,,,,,,
40.067,188.23,40.067,1.89,40.067,0,40.067,5,40.067,0.03,,,,,,,
40.074,188.23,40.074,1.89,40.074,0,40.074,5,40.074,0.03,,,,,,,
40.081,188.23,40.081,1.89,40.081,0,40.081,5,40.081,0.03,,,,,,,
40.088,188.23,40.088,1.89,40.088,0,40.088,5,40.088,0.03,,,,,,,
40.095,188.23,40.095,1.89,40.095,0,40.095,5,40.095,0.03,,,,,,,
40.102,188.2331,40.102,1.89,40.102,0,40.102,5,40.102,0.03,,,,,,,
40.109,188.2373,40.109,1.89,40.109,0,40.109,5,40.109,0.03,,,,,,,
40.116,188.2415,40.116,1.89,40.116,0,40.116,5,40.116,0.03,,,,,,,
40.123,188.2457,40.123,1.89,40.123,0,40.123,5,40.123,0.03,,,,,,,
40.13,188.2499,40.13,1.89,40.13,0,40.13,5,40.13,0.03,,,,,,,
40.137,188.25,40.137,1.89,40.137,0,40.137,5,40.137,0.0341025,,,,,,,
40.144,188.25,40.144,1.89,40.144,0,40.144,5,40.144,0.03831763,,,,,,,
40.151,188.25,40.151,1.89,40.151,0,40.151,5,40.151,0.04,,,,,,,
40.158,188.25,40.158,1.89,40.158,0,40.158,5,40.158,0.04,,,,,,,
40.165,188.2509,40.165,1.89,40.165,0,40.165,5,40.165,0.04,,,,,,,
40.171,188.2551,40.171,1.89,40.171,0,40.171,5,40.171,0.04,,,,,,,
40.178,188.2593,40.178,1.89,40.178,0,40.178,5,40.178,0.04,,,,,,,
40.185,188.2635,40.185,1.89,40.185,0,40.185,5,40.185,0.04,,,,,,,
40.192,188.2677,40.192,1.89,40.192,0,40.192,5,40.192,0.04,,,,,,,
40.199,188.27,40.199,1.89,40.199,0,40.199,5,40.199,0.04,,,,,,,
40.206,188.27,40.206,1.89,40.206,0,40.206,5,40.206,0.04,,,,,,,
40.213,188.27,40.213,1.890265,40.213,0,40.213,5,40.213,0.04,,,,,,,
40.22,188.27,40.22,1.894452,40.22,0,40.22,5,40.22,0.04,,,,,,,
40.227,188.27,40.227,1.898639,40.227,0,40.227,5,40.227,0.04,,,,,,,
40.234,188.2757,40.234,1.9,40.234,0,40.234,5,40.234,0.04,,,,,,,
40.241,188.2841,40.241,1.9,40.241,0,40.241,5,40.241,0.04,,,,,,,
40.248,188.2913,40.248,1.9,40.248,0,40.248,5,40.248,0.04,,,,,,,
40.255,188.2954,40.255,1.9,40.255,0,40.255,5,40.255,0.04,,,,,,,
40.262,188.2996,40.262,1.9,40.262,0,40.262,5,40.262,0.04,,,,,,,
40.269,188.3,40.269,1.9,40.269,0,40.269,5,40.269,0.04,,,,,,,
40.276,188.3,40.276,1.9,40.276,0,40.276,5,40.276,0.04,,,,,,,
40.283,188.3,40.283,1.9,40.283,0,40.283,5,40.283,0.04,,,,,,,
40.29,188.3,40.29,1.9,40.29,0,40.29,5,40.29,0.04,,,,,,,
40.297,188.3013,40.297,1.900635,40.297,0,40.297,5,40.297,0.04,,,,,,,
40.304,188.3096,40.304,1.904822,40.304,0,40.304,5,40.304,0.04,,,,,,,
40.311,188.318,40.311,1.909011,40.311,0,40.311,5,40.311,0.04,,,,,,,
40.318,188.32,40.318,1.91,40.318,0,40.318,5,40.318,0.04,,,,,,,
40.325,188.32,40.325,1.91,40.325,0,40.325,5,40.325,0.04,,,,,,,
40.332,188.32,40.332,1.91,40.332,0,40.332,5,40.332,0.04,,,,,,,
40.339,188.32,40.339,1.91,40.339,0,40.339,5,40.339,0.04,,,,,,,
40.346,188.32,40.346,1.91,40.346,0,40.346,5,40.346,0.04,,,,,,,
40.353,188.32,40.353,1.91,40.353,0,40.353,5,40.353,0.04,,,,,,,
40.36,188.32,40.36,1.91,40.36,0,40.36,5,40.36,0.04,,,,,,,
40.367,188.3226,40.367,1.91,40.367,0,40.367,5,40.367,0.04,,,,,,,
40.374,188.3268,40.374,1.91,40.374,0,40.374,5,40.374,0.04,,,,,,,
40.381,188.33,40.381,1.91,40.381,0,40.381,5,40.381,0.04,,,,,,,
40.388,188.33,40.388,1.91,40.388,0,40.388,5,40.388,0.04,,,,,,,
40.395,188.33,40.395,1.91,40.395,0,40.395,5,40.395,0.04,,,,,,,
40.402,188.33,40.402,1.91,40.402,0,40.402,5,40.402,0.04,,,,,,,
40.409,188.33,40.409,1.91,40.409,0,40.409,5,40.409,0.04,,,,,,,
40.416,188.3319,40.416,1.911946,40.416,0,40.416,5,40.416,0.04,,,,,,,
40.423,188.3361,40.423,1.916133,40.423,0,40.423,5,40.423,0.04,,,,,,,
40.43,188.3403,40.43,1.92,40.43,0,40.43,5,40.43,0.04,,,,,,,
40.437,188.3445,40.437,1.92,40.437,0,40.437,5,40.437,0.04,,,,,,,
40.444,188.3488,40.444,1.92,40.444,0,40.444,5,40.444,0.04,,,,,,,
40.451,188.353,40.451,1.92,40.451,0,40.451,5,40.451,0.04,,,,,,,
40.458,188.3571,40.458,1.92,40.458,0,40.458,5,40.458,0.04,,,,,,,
40.465,188.36,40.465,1.92,40.465,0,40.465,5,40.465,0.04,,,,,,,
40.472,188.36,40.472,1.92,40.472,0,40.472,5,40.472,0.04,,,,,,,
40.479,188.36,40.479,1.92,40.479,0,40.479,5,40.479,0.04,,,,,,,
40.486,188.3639,40.486,1.92,40.486,0,40.486,5,40.486,0.04,,,,,,,
40.493,188.3681,40.493,1.92,40.493,0,40.493,5,40.493,0.04,,,,,,,
40.5,188.3746,40.5,1.92,40.5,0,40.5,5,40.5,0.04,,,,,,,
40.507,188.383,40.507,1.92,40.507,0,40.507,5,40.507,0.04,,,,,,,
40.514,188.39,40.514,1.92,40.514,0,40.514,5,40.514,0.04,,,,,,,
40.521,188.39,40.521,1.92,40.521,0,40.521,5,40.521,0.04,,,,,,,
40.528,188.39,40.528,1.92,40.528,0,40.528,5,40.528,0.04,,,,,,,
40.535,188.39,40.535,1.923277,40.535,0,40.535,5,40.535,0.04,,,,,,,
40.542,188.39,40.542,1.927488,40.542,0,40.542,5,40.542,0.04,,,,,,,
40.549,188.3917,40.549,1.93,40.549,0,40.549,5,40.549,0.04,,,,,,,
40.556,188.3959,40.556,1.93,40.556,0,40.556,5,40.556,0.04,,,,,,,
40.563,188.4,40.563,1.93,40.563,0,40.563,5,40.563,0.04,,,,,,,
40.57,188.4,40.57,1.93,40.57,0,40.57,5,40.57,0.04,,,,,,,
40.577,188.4,40.577,1.93,40.577,0,40.577,5,40.577,0.04,,,,,,,
40.584,188.4,40.584,1.93,40.584,0,40.584,5,40.584,0.04,,,,,,,
40.591,188.4,40.591,1.93,40.591,0,40.591,5,40.591,0.04,,,,,,,
40.598,188.4,40.598,1.93,40.598,0,40.598,5,40.598,0.04,,,,,,,
40.605,188.4,40.605,1.93,40.605,0,40.605,5,40.605,0.04,,,,,,,
40.612,188.4,40.612,1.93,40.612,0,40.612,5,40.612,0.04,,,,,,,
40.619,188.4036,40.619,1.93363,40.619,0,40.619,5,40.619,0.04,,,,,,,
40.626,188.4078,40.626,1.937816,40.626,0,40.626,5,40.626,0.04,,,,,,,
40.633,188.412,40.633,1.94,40.633,0,40.633,5,40.633,0.04,,,,,,,
40.64,188.4162,40.64,1.94,40.64,0,40.64,5,40.64,0.04,,,,,,,
40.647,188.42,40.647,1.94,40.647,0,40.647,5,40.647,0.04,,,,,,,
40.654,188.42,40.654,1.94,40.654,0,40.654,5,40.654,0.04,,,,,,,
40.661,188.42,40.661,1.94,40.661,0,40.661,5,40.661,0.04,,,,,,,
40.668,188.42,40.668,1.94,40.668,0,40.668,5,40.668,0.04,,,,,,,
40.675,188.42,40.675,1.94,40.675,0,40.675,5,40.675,0.04,,,,,,,
40.682,188.4228,40.682,1.94,40.682,0,40.682,5,40.682,0.04,,,,,,,
40.689,188.4312,40.689,1.94,40.689,0,40.689,5,40.689,0.04,,,,,,,
40.696,188.4396,40.696,1.94,40.696,0,40.696,5,40.696,0.04,,,,,,,
40.703,188.444,40.703,1.94,40.703,0,40.703,5,40.703,0.04,,,,,,,
40.71,188.4482,40.71,1.94,40.71,0,40.71,5,40.71,0.04,,,,,,,
40.717,188.45,40.717,1.94,40.717,0,40.717,5,40.717,0.04,,,,,,,
40.724,188.45,40.724,1.94,40.724,0,40.724,5,40.724,0.04,,,,,,,
40.731,188.45,40.731,1.940756,40.731,0,40.731,5,40.731,0.04,,,,,,,
40.738,188.45,40.738,1.944968,40.738,0,40.738,5,40.738,0.04,,,,,,,
40.745,188.45,40.745,1.949182,40.745,0,40.745,5,40.745,0.04,,,,,,,
40.752,188.4534,40.752,1.95,40.752,0,40.752,5,40.752,0.04,,,,,,,
40.759,188.4576,40.759,1.95,40.759,0,40.759,5,40.759,0.04,,,,,,,
40.766,188.4618,40.766,1.95,40.766,0,40.766,5,40.766,0.04,,,,,,,
40.773,188.4659,40.773,1.95,40.773,0,40.773,5,40.773,0.04,,,,,,,
40.78,188.47,40.78,1.95,40.78,0,40.78,5,40.78,0.04,,,,,,,
40.787,188.47,40.787,1.95,40.787,0,40.787,5,40.787,0.04,,,,,,,
40.794,188.47,40.794,1.95,40.794,0,40.794,5,40.794,0.04,,,,,,,
40.801,188.47,40.801,1.952748,40.801,0,40.801,5,40.801,0.04,,,,,,,
40.808,188.47,40.808,1.956935,40.808,0,40.808,5,40.808,0.04,,,,,,,
40.815,188.4722,40.815,1.96,40.815,0,40.815,5,40.815,0.04,,,,,,,
40.822,188.4806,40.822,1.96,40.822,0,40.822,5,40.822,0.04,,,,,,,
40.829,188.489,40.829,1.96,40.829,0,40.829,5,40.829,0.04,,,,,,,
40.836,188.49,40.836,1.96,40.836,0,40.836,5,40.836,0.04,,,,,,,
40.843,188.49,40.843,1.96,40.843,0,40.843,5,40.843,0.04,,,,,,,
40.85,188.49,40.85,1.96,40.85,0,40.85,5,40.85,0.04,,,,,,,
40.857,188.49,40.857,1.96,40.857,0,40.857,5,40.857,0.04,,,,,,,
40.864,188.4905,40.864,1.96,40.864,0,40.864,5,40.864,0.04,,,,,,,
40.871,188.4947,40.871,1.96,40.871,0,40.871,5,40.871,0.04,,,,,,,
40.878,188.4989,40.878,1.96,40.878,0,40.878,5,40.878,0.04,,,,,,,
40.885,188.5062,40.885,1.96,40.885,0,40.885,5,40.885,0.04,,,,,,,
40.892,188.5146,40.892,1.96,40.892,0,40.892,5,40.892,0.04,,,,,,,
40.899,188.52,40.899,1.96,40.899,0,40.899,5,40.899,0.04,,,,,,,
40.906,188.52,40.906,1.96,40.906,0,40.906,5,40.906,0.04,,,,,,,
40.913,188.52,40.913,1.96,40.913,0,40.913,5,40.913,0.04,,,,,,,
40.92,188.52,40.92,1.964059,40.92,0,40.92,5,40.92,0.04,,,,,,,
40.927,188.52,40.927,1.968246,40.927,0,40.927,5,40.927,0.04,,,,,,,
40.934,188.5249,40.934,1.97,40.934,0,40.934,5,40.934,0.04,,,,,,,
40.941,188.5333,40.941,1.97,40.941,0,40.941,5,40.941,0.04,,,,,,,
40.948,188.5417,40.948,1.97,40.948,0,40.948,5,40.948,0.04,,,,,,,
40.955,188.5501,40.955,1.97,40.955,0,40.955,5,40.955,0.04,,,,,,,
40.962,188.5585,40.962,1.97,40.962,0,40.962,5,40.962,0.04,,,,,,,
40.969,188.56,40.969,1.97,40.969,0,40.969,5,40.969,0.04,,,,,,,
40.976,188.56,40.976,1.97,40.976,0,40.976,5,40.976,0.04,,,,,,,
40.983,188.56,40.983,1.97,40.983,0,40.983,5,40.983,0.04,,,,,,,
40.99,188.56,40.99,1.97,40.99,0,40.99,5,40.99,0.04,,,,,,,
40.997,188.5602,40.997,1.970242,40.997,0,40.997,5,40.997,0.04,,,,,,,
41.004,188.5644,41.004,1.974432,41.004,0,41.004,5,41.004,0.04,,,,,,,
41.011,188.5686,41.011,1.97862,41.011,0,41.011,5,41.011,0.04,,,,,,,
41.018,188.5756,41.018,1.98,41.018,0,41.018,5,41.018,0.04,,,,,,,
41.025,188.584,41.025,1.98,41.025,0,41.025,5,41.025,0.04,,,,,,,
41.032,188.59,41.032,1.98,41.032,0,41.032,5,41.032,0.04,,,,,,,
41.039,188.59,41.039,1.98,41.039,0,41.039,5,41.039,0.04,,,,,,,
41.046,188.59,41.046,1.98,41.046,0,41.046,5,41.046,0.04,,,,,,,
41.053,188.59,41.053,1.983805,41.053,0,41.053,5,41.053,0.04,,,,,,,
41.06,188.59,41.06,1.987992,41.06,0,41.06,5,41.06,0.04,,,,,,,
41.067,188.5922,41.067,1.99,41.067,0,41.067,5,41.067,0.04,,,,,,,
41.074,188.5964,41.074,1.99,41.074,0,41.074,5,41.074,0.04,,,,,,,
41.081,188.6006,41.081,1.99,41.081,0,41.081,5,41.081,0.04,,,,,,,
41.087,188.6048,41.087,1.99,41.087,0,41.087,5,41.087,0.04,,,,,,,
41.094,188.609,41.094,1.99,41.094,0,41.094,5,41.094,0.04,,,,,,,
41.101,188.61,41.101,1.99,41.101,0,41.101,5,41.101,0.04,,,,,,,
41.108,188.61,41.108,1.99,41.108,0,41.108,5,41.108,0.04,,,,,,,
41.115,188.61,41.115,1.99,41.115,0,41.115,5,41.115,0.04,,,,,,,
41.122,188.61,41.122,1.99,41.122,0,41.122,5,41.122,0.04,,,,,,,
41.129,188.61,41.129,1.99,41.129,0,41.129,5,41.129,0.04,,,,,,,
41.136,188.6183,41.136,1.99,41.136,0,41.136,5,41.136,0.04,,,,,,,
41.143,188.6267,41.143,1.99,41.143,0,41.143,5,41.143,0.04,,,,,,,
41.15,188.6326,41.15,1.99,41.15,0,41.15,5,41.15,0.04,,,,,,,
41.157,188.6367,41.157,1.99,41.157,0,41.157,5,41.157,0.04,,,,,,,
41.164,188.64,41.164,1.990927,41.164,0,41.164,5,41.164,0.04,,,,,,,
41.171,188.64,41.171,1.995116,41.171,0,41.171,5,41.171,0.04,,,,,,,
41.178,188.64,41.178,1.999303,41.178,0,41.178,5,41.178,0.04,,,,,,,
41.185,188.64,41.185,2,41.185,0,41.185,5,41.185,0.04,,,,,,,
41.192,188.64,41.192,2,41.192,0,41.192,5,41.192,0.04,,,,,,,
41.199,188.64,41.199,2,41.199,0,41.199,5,41.199,0.04,,,,,,,
41.206,188.64,41.206,2,41.206,0,41.206,5,41.206,0.04,,,,,,,
41.213,188.6403,41.213,2,41.213,0,41.213,5,41.213,0.04,,,,,,,
41.22,188.6445,41.22,2,41.22,0,41.22,5,41.22,0.04,,,,,,,
41.227,188.6487,41.227,2,41.227,0,41.227,5,41.227,0.04,,,,,,,
41.234,188.65,41.234,2.002924,41.234,0,41.234,5,41.234,0.04,,,,,,,
41.241,188.65,41.241,2.007113,41.241,0,41.241,5,41.241,0.04,,,,,,,
41.248,188.65,41.248,2.0113,41.248,0,41.248,5,41.248,0.04,,,,,,,
41.255,188.65,41.255,2.015488,41.255,0,41.255,5,41.255,0.04,,,,,,,
41.262,188.65,41.262,2.019675,41.262,0,41.262,5,41.262,0.04,,,,,,,
41.269,188.6539,41.269,2.02,41.269,0,41.269,5,41.269,0.04,,,,,,,
41.276,188.6581,41.276,2.02,41.276,0,41.276,5,41.276,0.04,,,,,,,
41.283,188.6623,41.283,2.02,41.283,0,41.283,5,41.283,0.04,,,,,,,
41.29,188.6665,41.29,2.02,41.29,0,41.29,5,41.29,0.04,,,,,,,
41.297,188.67,41.297,2.02,41.297,0,41.297,5,41.297,0.04,,,,,,,
41.304,188.67,41.304,2.02,41.304,0,41.304,5,41.304,0.04,,,,,,,
41.311,188.67,41.311,2.02,41.311,0,41.311,5,41.311,0.04,,,,,,,
41.318,188.67,41.318,2.02,41.318,0,41.318,5,41.318,0.04,,,,,,,
41.325,188.67,41.325,2.02,41.325,0,41.325,5,41.325,0.04,,,,,,,
41.332,188.6717,41.332,2.02,41.332,0,41.332,5,41.332,0.04,,,,,,,
41.339,188.6759,41.339,2.02,41.339,0,41.339,5,41.339,0.04,,,,,,,
41.346,188.68,41.346,2.02,41.346,0,41.346,5,41.346,0.04,,,,,,,
41.353,188.68,41.353,2.02,41.353,0,41.353,5,41.353,0.04,,,,,,,
41.36,188.68,41.36,2.02,41.36,0,41.36,5,41.36,0.04,,,,,,,
41.367,188.68,41.367,2.02,41.367,0,41.367,5,41.367,0.04,,,,,,,
41.374,188.68,41.374,2.02,41.374,0,41.374,5,41.374,0.04,,,,,,,
41.381,188.68,41.381,2.021046,41.381,0,41.381,5,41.381,0.04,,,,,,,
41.388,188.68,41.388,2.025235,41.388,0,41.388,5,41.388,0.04,,,,,,,
41.395,188.68,41.395,2.029422,41.395,0,41.395,5,41.395,0.04,,,,,,,
41.402,188.6836,41.402,2.03,41.402,0,41.402,5,41.402,0.04,,,,,,,
41.409,188.6878,41.409,2.03,41.409,0,41.409,5,41.409,0.04,,,,,,,
41.416,188.69,41.416,2.03,41.416,0,41.416,5,41.416,0.04,,,,,,,
41.423,188.69,41.423,2.03,41.423,0,41.423,5,41.423,0.04,,,,,,,
41.43,188.69,41.43,2.030418,41.43,0,41.43,5,41.43,0.04,,,,,,,
41.437,188.69,41.437,2.034608,41.437,0,41.437,5,41.437,0.04,,,,,,,
41.444,188.69,41.444,2.038796,41.444,0,41.444,5,41.444,0.04,,,,,,,
41.451,188.696,41.451,2.04,41.451,0,41.451,5,41.451,0.04,,,,,,,
41.458,188.7043,41.458,2.04,41.458,0,41.458,5,41.458,0.04,,,,,,,
41.465,188.7114,41.465,2.04,41.465,0,41.465,5,41.465,0.04,,,,,,,
41.472,188.7156,41.472,2.04,41.472,0,41.472,5,41.472,0.04,,,,,,,
41.479,188.7198,41.479,2.04,41.479,0,41.479,5,41.479,0.04,,,,,,,
41.486,188.72,41.486,2.04,41.486,0,41.486,5,41.486,0.04,,,,,,,
41.493,188.72,41.493,2.04,41.493,0,41.493,5,41.493,0.04,,,,,,,
41.5,188.72,41.5,2.042356,41.5,0,41.5,5,41.5,0.04,,,,,,,
41.507,188.72,41.507,2.046546,41.507,0,41.507,5,41.507,0.04,,,,,,,
41.514,188.72,41.514,2.05,41.514,0,41.514,5,41.514,0.04,,,,,,,
41.521,188.72,41.521,2.05,41.521,0,41.521,5,41.521,0.04,,,,,,,
41.528,188.72,41.528,2.05,41.528,0,41.528,5,41.528,0.04,,,,,,,
41.535,188.72,41.535,2.05,41.535,0,41.535,5,41.535,0.04,,,,,,,
41.542,188.72,41.542,2.05,41.542,0,41.542,5,41.542,0.04,,,,,,,
41.549,188.72,41.549,2.05,41.549,0,41.549,5,41.549,0.04,,,,,,,
41.556,188.72,41.556,2.05,41.556,0,41.556,5,41.556,0.04,,,,,,,
41.563,188.72,41.563,2.05,41.563,0,41.563,5,41.563,0.04,,,,,,,
41.57,188.72,41.57,2.05,41.57,0,41.57,5,41.57,0.04,,,,,,,
41.577,188.72,41.577,2.05,41.577,0,41.577,5,41.577,0.04,,,,,,,
41.584,188.7227,41.584,2.05273,41.584,0,41.584,5,41.584,0.04,,,,,,,
41.591,188.7269,41.591,2.056916,41.591,0,41.591,5,41.591,0.04,,,,,,,
41.598,188.7311,41.598,2.06,41.598,0,41.598,5,41.598,0.04,,,,,,,
41.605,188.7353,41.605,2.06,41.605,0,41.605,5,41.605,0.04,,,,,,,
41.612,188.7395,41.612,2.06,41.612,0,41.612,5,41.612,0.04,,,,,,,
41.619,188.74,41.619,2.06,41.619,0,41.619,5,41.619,0.04,,,,,,,
41.626,188.74,41.626,2.06,41.626,0,41.626,5,41.626,0.04,,,,,,,
41.633,188.74,41.633,2.062104,41.633,0,41.633,5,41.633,0.04,,,,,,,
41.64,188.74,41.64,2.06629,41.64,0,41.64,5,41.64,0.04,,,,,,,
41.647,188.7405,41.647,2.07,41.647,0,41.647,5,41.647,0.04,,,,,,,
41.654,188.7447,41.654,2.07,41.654,0,41.654,5,41.654,0.04,,,,,,,
41.661,188.7489,41.661,2.07,41.661,0,41.661,5,41.661,0.04,,,,,,,
41.668,188.75,41.668,2.07,41.668,0,41.668,5,41.668,0.04,,,,,,,
41.675,188.75,41.675,2.07,41.675,0,41.675,5,41.675,0.04,,,,,,,
41.682,188.75,41.682,2.07,41.682,0,41.682,5,41.682,0.04,,,,,,,
41.689,188.75,41.689,2.07,41.689,0,41.689,5,41.689,0.04,,,,,,,
41.696,188.75,41.696,2.07,41.696,0,41.696,5,41.696,0.04,,,,,,,
41.703,188.754,41.703,2.074041,41.703,0,41.703,5,41.703,0.04,,,,,,,
41.71,188.7582,41.71,2.078228,41.71,0,41.71,5,41.71,0.04,,,,,,,
41.717,188.7624,41.717,2.08,41.717,0,41.717,5,41.717,0.04,,,,,,,
41.724,188.7666,41.724,2.08,41.724,0,41.724,5,41.724,0.04,,,,,,,
41.731,188.77,41.731,2.08,41.731,0,41.731,5,41.731,0.04,,,,,,,
41.738,188.77,41.738,2.08,41.738,0,41.738,5,41.738,0.04,,,,,,,
41.745,188.77,41.745,2.08,41.745,0,41.745,5,41.745,0.04,,,,,,,
41.752,188.77,41.752,2.083413,41.752,0,41.752,5,41.752,0.04,,,,,,,
41.759,188.77,41.759,2.087601,41.759,0,41.759,5,41.759,0.04,,,,,,,
41.766,188.7718,41.766,2.09,41.766,0,41.766,5,41.766,0.04,,,,,,,
41.773,188.776,41.773,2.09,41.773,0,41.773,5,41.773,0.04,,,,,,,
41.78,188.7804,41.78,2.09,41.78,0,41.78,5,41.78,0.04,,,,,,,
41.787,188.7888,41.787,2.09,41.787,0,41.787,5,41.787,0.04,,,,,,,
41.794,188.7972,41.794,2.09,41.794,0,41.794,5,41.794,0.04,,,,,,,
41.801,188.8,41.801,2.09,41.801,0,41.801,5,41.801,0.04,,,,,,,
41.808,188.8,41.808,2.09,41.808,0,41.808,5,41.808,0.04,,,,,,,
41.815,188.8,41.815,2.09,41.815,0,41.815,5,41.815,0.04,,,,,,,
41.822,188.8,41.822,2.09,41.822,0,41.822,5,41.822,0.04,,,,,,,
41.829,188.8,41.829,2.09,41.829,0,41.829,5,41.829,0.04,,,,,,,
41.836,188.8038,41.836,2.09,41.836,0,41.836,5,41.836,0.04,,,,,,,
41.843,188.808,41.843,2.09,41.843,0,41.843,5,41.843,0.04,,,,,,,
41.85,188.81,41.85,2.09,41.85,0,41.85,5,41.85,0.04,,,,,,,
41.857,188.81,41.857,2.09,41.857,0,41.857,5,41.857,0.04,,,,,,,
41.864,188.81,41.864,2.09,41.864,0,41.864,5,41.864,0.04,,,,,,,
41.871,188.81,41.871,2.09,41.871,0,41.871,5,41.871,0.04,,,,,,,
41.878,188.81,41.878,2.09,41.878,0,41.878,5,41.878,0.04,,,,,,,
41.885,188.81,41.885,2.093159,41.885,0,41.885,5,41.885,0.04,,,,,,,
41.892,188.81,41.892,2.097348,41.892,0,41.892,5,41.892,0.04,,,,,,,
41.899,188.8115,41.899,2.101535,41.899,0,41.899,5,41.899,0.04,,,,,,,
41.906,188.8157,41.906,2.105722,41.906,0,41.906,5,41.906,0.04,,,,,,,
41.913,188.8199,41.913,2.109911,41.913,0,41.913,5,41.913,0.04,,,,,,,
41.92,188.8241,41.92,2.11,41.92,0,41.92,5,41.92,0.04,,,,,,,
41.927,188.8283,41.927,2.11,41.927,0,41.927,5,41.927,0.04,,,,,,,
41.934,188.83,41.934,2.11,41.934,0,41.934,5,41.934,0.04,,,,,,,
41.941,188.83,41.941,2.11,41.941,0,41.941,5,41.941,0.04,,,,,,,
41.948,188.83,41.948,2.11,41.948,0,41.948,5,41.948,0.04,,,,,,,
41.955,188.83,41.955,2.11,41.955,0,41.955,5,41.955,0.04,,,,,,,
41.962,188.83,41.962,2.11,41.962,0,41.962,5,41.962,0.04,,,,,,,
41.969,188.83,41.969,2.113492,41.969,0,41.969,5,41.969,0.04,,,,,,,
41.976,188.83,41.976,2.117704,41.976,0,41.976,5,41.976,0.04,,,,,,,
41.983,188.83,41.983,2.12,41.983,0,41.983,5,41.983,0.04,,,,,,,
41.99,188.83,41.99,2.12,41.99,0,41.99,5,41.99,0.04,,,,,,,
41.996,188.83,41.996,2.12,41.996,0,41.996,5,41.996,0.04,,,,,,,
42.003,188.83,42.003,2.12,42.003,0,42.003,5,42.003,0.04,,,,,,,
42.01,188.83,42.01,2.12,42.01,0,42.01,5,42.01,0.04,,,,,,,
42.017,188.83,42.017,2.122863,42.017,0,42.017,5,42.017,0.04,,,,,,,
42.024,188.83,42.024,2.127075,42.024,0,42.024,5,42.024,0.04,,,,,,,
42.031,188.83,42.031,2.13,42.031,0,42.031,5,42.031,0.04,,,,,,,
42.038,188.83,42.038,2.13,42.038,0,42.038,5,42.038,0.04,,,,,,,
42.045,188.83,42.045,2.13,42.045,0,42.045,5,42.045,0.04,,,,,,,
42.052,188.8338,42.052,2.13,42.052,0,42.052,5,42.052,0.04384194,,,,,,,
42.059,188.838,42.059,2.13,42.059,0,42.059,5,42.059,0.04803107,,,,,,,
42.066,188.84,42.066,2.13,42.066,0,42.066,5,42.066,0.05,,,,,,,
42.073,188.84,42.073,2.13,42.073,0,42.073,5,42.073,0.05,,,,,,,
42.08,188.84,42.08,2.130656,42.08,0,42.08,5,42.08,0.05,,,,,,,
42.087,188.84,42.087,2.134842,42.087,0,42.087,5,42.087,0.05,,,,,,,
42.094,188.84,42.094,2.139029,42.094,0,42.094,5,42.094,0.05,,,,,,,
42.101,188.8432,42.101,2.14,42.101,0,42.101,5,42.101,0.05,,,,,,,
42.108,188.8474,42.108,2.14,42.108,0,42.108,5,42.108,0.05,,,,,,,
42.115,188.85,42.115,2.14,42.115,0,42.115,5,42.115,0.05,,,,,,,
42.122,188.85,42.122,2.14,42.122,0,42.122,5,42.122,0.05,,,,,,,
42.129,188.85,42.129,2.14,42.129,0,42.129,5,42.129,0.05,,,,,,,
42.136,188.85,42.136,2.14,42.136,0,42.136,5,42.136,0.05,,,,,,,
42.143,188.85,42.143,2.14,42.143,0,42.143,5,42.143,0.05,,,,,,,
42.15,188.85,42.15,2.14,42.15,0,42.15,5,42.15,0.05,,,,,,,
42.157,188.85,42.157,2.14,42.157,0,42.157,5,42.157,0.05,,,,,,,
42.164,188.85,42.164,2.14,42.164,0,42.164,5,42.164,0.05,,,,,,,
42.171,188.85,42.171,2.14,42.171,0,42.171,5,42.171,0.05,,,,,,,
42.178,188.85,42.178,2.14,42.178,0,42.178,5,42.178,0.05,,,,,,,
42.185,188.8536,42.185,2.14,42.185,0,42.185,5,42.185,0.05,,,,,,,
42.192,188.8578,42.192,2.14,42.192,0,42.192,5,42.192,0.05,,,,,,,
42.199,188.86,42.199,2.141967,42.199,0,42.199,5,42.199,0.05,,,,,,,
42.206,188.86,42.206,2.146154,42.206,0,42.206,5,42.206,0.05,,,,,,,
42.213,188.86,42.213,2.150342,42.213,0,42.213,5,42.213,0.04965763,,,,,,,
42.22,188.86,42.22,2.154554,42.22,0,42.22,5,42.22,0.04544577,,,,,,,
42.227,188.86,42.227,2.158768,42.227,0,42.227,5,42.227,0.04123162,,,,,,,
42.234,188.86,42.234,2.16,42.234,0,42.234,5,42.234,0.04,,,,,,,
42.241,188.86,42.241,2.16,42.241,0,42.241,5,42.241,0.04,,,,,,,
42.248,188.86,42.248,2.16,42.248,0,42.248,5,42.248,0.04,,,,,,,
42.255,188.86,42.255,2.16,42.255,0,42.255,5,42.255,0.04,,,,,,,
42.262,188.86,42.262,2.16,42.262,0,42.262,5,42.262,0.04,,,,,,,
42.269,188.86,42.269,2.16,42.269,0,42.269,5,42.269,0.04,,,,,,,
42.276,188.86,42.276,2.16,42.276,0,42.276,5,42.276,0.04,,,,,,,
42.283,188.8623,42.283,2.162337,42.283,0,42.283,5,42.283,0.04,,,,,,,
42.29,188.8665,42.29,2.166524,42.29,0,42.29,5,42.29,0.04,,,,,,,
42.297,188.8707,42.297,2.17,42.297,0,42.297,5,42.297,0.04,,,,,,,
42.304,188.8749,42.304,2.17,42.304,0,42.304,5,42.304,0.04,,,,,,,
42.311,188.8791,42.311,2.17,42.311,0,42.311,5,42.311,0.04,,,,,,,
42.318,188.88,42.318,2.17,42.318,0,42.318,5,42.318,0.04,,,,,,,
42.325,188.88,42.325,2.17,42.325,0,42.325,5,42.325,0.04,,,,,,,
42.332,188.88,42.332,2.171711,42.332,0,42.332,5,42.332,0.04,,,,,,,
42.339,188.88,42.339,2.175898,42.339,0,42.339,5,42.339,0.04,,,,,,,
42.346,188.88,42.346,2.18,42.346,0,42.346,5,42.346,0.04,,,,,,,
42.353,188.88,42.353,2.18,42.353,0,42.353,5,42.353,0.04,,,,,,,
42.36,188.88,42.36,2.18,42.36,0,42.36,5,42.36,0.04,,,,,,,
42.367,188.88,42.367,2.18,42.367,0,42.367,5,42.367,0.04,,,,,,,
42.374,188.88,42.374,2.18,42.374,0,42.374,5,42.374,0.04,,,,,,,
42.381,188.88,42.381,2.18,42.381,0,42.381,5,42.381,0.04,,,,,,,
42.388,188.88,42.388,2.18,42.388,0,42.388,5,42.388,0.04,,,,,,,
42.395,188.88,42.395,2.18,42.395,0,42.395,5,42.395,0.04,,,,,,,
42.402,188.88,42.402,2.183648,42.402,0,42.402,5,42.402,0.04,,,,,,,
42.409,188.88,42.409,2.187835,42.409,0,42.409,5,42.409,0.04,,,,,,,
42.416,188.88,42.416,2.19,42.416,0,42.416,5,42.416,0.04,,,,,,,
42.423,188.88,42.423,2.19,42.423,0,42.423,5,42.423,0.04,,,,,,,
42.43,188.88,42.43,2.19,42.43,0,42.43,5,42.43,0.04,,,,,,,
42.437,188.88,42.437,2.19,42.437,0,42.437,5,42.437,0.04,,,,,,,
42.444,188.88,42.444,2.19,42.444,0,42.444,5,42.444,0.04,,,,,,,
42.451,188.88,42.451,2.193022,42.451,0,42.451,5,42.451,0.04,,,,,,,
42.458,188.88,42.458,2.197209,42.458,0,42.458,5,42.458,0.04,,,,,,,
42.465,188.88,42.465,2.2,42.465,0,42.465,5,42.465,0.04,,,,,,,
42.472,188.88,42.472,2.2,42.472,0,42.472,5,42.472,0.04,,,,,,,
42.479,188.88,42.479,2.2,42.479,0,42.479,5,42.479,0.04,,,,,,,
42.486,188.884,42.486,2.2,42.486,0,42.486,5,42.486,0.04,,,,,,,
42.493,188.8882,42.493,2.2,42.493,0,42.493,5,42.493,0.04,,,,,,,
42.5,188.89,42.5,2.2,42.5,0,42.5,5,42.5,0.04,,,,,,,
42.507,188.89,42.507,2.2,42.507,0,42.507,5,42.507,0.04,,,,,,,
42.514,188.89,42.514,2.2,42.514,0,42.514,5,42.514,0.04,,,,,,,
42.521,188.89,42.521,2.2,42.521,0,42.521,5,42.521,0.04,,,,,,,
42.528,188.89,42.528,2.2,42.528,0,42.528,5,42.528,0.04,,,,,,,
42.535,188.89,42.535,2.203394,42.535,0,42.535,5,42.535,0.04,,,,,,,
42.542,188.89,42.542,2.207581,42.542,0,42.542,5,42.542,0.04,,,,,,,
42.549,188.89,42.549,2.21,42.549,0,42.549,5,42.549,0.04,,,,,,,
42.556,188.89,42.556,2.21,42.556,0,42.556,5,42.556,0.04,,,,,,,
42.563,188.89,42.563,2.21,42.563,0,42.563,5,42.563,0.04,,,,,,,
42.57,188.89,42.57,2.21,42.57,0,42.57,5,42.57,0.04,,,,,,,
42.577,188.89,42.577,2.21,42.577,0,42.577,5,42.577,0.04,,,,,,,
42.584,188.89,42.584,2.21,42.584,0,42.584,5,42.584,0.04,,,,,,,
42.591,188.89,42.591,2.21,42.591,0,42.591,5,42.591,0.04,,,,,,,
42.598,188.89,42.598,2.211142,42.598,0,42.598,5,42.598,0.04,,,,,,,
42.605,188.89,42.605,2.215331,42.605,0,42.605,5,42.605,0.04,,,,,,,
42.612,188.89,42.612,2.219518,42.612,0,42.612,5,42.612,0.04,,,,,,,
42.619,188.8937,42.619,2.22,42.619,0,42.619,5,42.619,0.04,,,,,,,
42.626,188.8979,42.626,2.22,42.626,0,42.626,5,42.626,0.04,,,,,,,
42.633,188.9,42.633,2.22,42.633,0,42.633,5,42.633,0.04,,,,,,,
42.64,188.9,42.64,2.22,42.64,0,42.64,5,42.64,0.04,,,,,,,
42.647,188.9,42.647,2.22,42.647,0,42.647,5,42.647,0.04,,,,,,,
42.654,188.9,42.654,2.22,42.654,0,42.654,5,42.654,0.04,,,,,,,
42.661,188.9,42.661,2.22,42.661,0,42.661,5,42.661,0.04,,,,,,,
42.668,188.8969,42.668,2.223098,42.668,0,42.668,5,42.668,0.04,,,,,,,
42.675,188.8927,42.675,2.227309,42.675,0,42.675,5,42.675,0.04,,,,,,,
42.682,188.8915,42.682,2.23,42.682,0,42.682,5,42.682,0.04,,,,,,,
42.689,188.8957,42.689,2.23,42.689,0,42.689,5,42.689,0.04,,,,,,,
42.696,188.8999,42.696,2.23,42.696,0,42.696,5,42.696,0.04,,,,,,,
42.703,188.9,42.703,2.23,42.703,0,42.703,5,42.703,0.04,,,,,,,
42.71,188.9,42.71,2.23,42.71,0,42.71,5,42.71,0.04,,,,,,,
42.717,188.9,42.717,2.232468,42.717,0,42.717,5,42.717,0.04,,,,,,,
42.724,188.9,42.724,2.236682,42.724,0,42.724,5,42.724,0.04,,,,,,,
42.731,188.9,42.731,2.24,42.731,0,42.731,5,42.731,0.04,,,,,,,
42.738,188.9,42.738,2.24,42.738,0,42.738,5,42.738,0.04,,,,,,,
42.745,188.9,42.745,2.24,42.745,0,42.745,5,42.745,0.04,,,,,,,
42.752,188.8965,42.752,2.24,42.752,0,42.752,5,42.752,0.04,,,,,,,
42.759,188.8924,42.759,2.24,42.759,0,42.759,5,42.759,0.04,,,,,,,
42.766,188.89,42.766,2.24,42.766,0,42.766,5,42.766,0.04,,,,,,,
42.773,188.89,42.773,2.24,42.773,0,42.773,5,42.773,0.04,,,,,,,
42.78,188.89,42.78,2.240263,42.78,0,42.78,5,42.78,0.04,,,,,,,
42.787,188.89,42.787,2.24445,42.787,0,42.787,5,42.787,0.04,,,,,,,
42.794,188.89,42.794,2.248636,42.794,0,42.794,5,42.794,0.04,,,,,,,
42.801,188.8872,42.801,2.25,42.801,0,42.801,5,42.801,0.04,,,,,,,
42.808,188.883,42.808,2.25,42.808,0,42.808,5,42.808,0.04,,,,,,,
42.815,188.88,42.815,2.25,42.815,0,42.815,5,42.815,0.04,,,,,,,
42.822,188.88,42.822,2.25,42.822,0,42.822,5,42.822,0.04,,,,,,,
42.829,188.88,42.829,2.25,42.829,0,42.829,5,42.829,0.04,,,,,,,
42.836,188.88,42.836,2.253824,42.836,0,42.836,5,42.836,0.04,,,,,,,
42.843,188.88,42.843,2.25801,42.843,0,42.843,5,42.843,0.04,,,,,,,
42.85,188.88,42.85,2.26,42.85,0,42.85,5,42.85,0.04,,,,,,,
42.857,188.88,42.857,2.26,42.857,0,42.857,5,42.857,0.04,,,,,,,
42.864,188.88,42.864,2.260577,42.864,0,42.864,5,42.864,0.04,,,,,,,
42.871,188.88,42.871,2.264792,42.871,0,42.871,5,42.871,0.04,,,,,,,
42.878,188.88,42.878,2.269005,42.878,0,42.878,5,42.878,0.04,,,,,,,
42.885,188.8768,42.885,2.27,42.885,0,42.885,5,42.885,0.04,,,,,,,
42.892,188.8726,42.892,2.27,42.892,0,42.892,5,42.892,0.04,,,,,,,
42.899,188.87,42.899,2.27,42.899,0,42.899,5,42.899,0.04,,,,,,,
42.906,188.87,42.906,2.27,42.906,0,42.906,5,42.906,0.04,,,,,,,
42.912,188.87,42.912,2.27,42.912,0,42.912,5,42.912,0.04,,,,,,,
42.919,188.87,42.919,2.274161,42.919,0,42.919,5,42.919,0.04,,,,,,,
42.926,188.87,42.926,2.278373,42.926,0,42.926,5,42.926,0.04,,,,,,,
42.933,188.8726,42.933,2.28,42.933,0,42.933,5,42.933,0.04,,,,,,,
42.94,188.8768,42.94,2.28,42.94,0,42.94,5,42.94,0.04,,,,,,,
42.947,188.8791,42.947,2.28,42.947,0,42.947,5,42.947,0.04,,,,,,,
42.954,188.8749,42.954,2.28,42.954,0,42.954,5,42.954,0.04,,,,,,,
42.961,188.8707,42.961,2.28,42.961,0,42.961,5,42.961,0.04,,,,,,,
42.968,188.87,42.968,2.28,42.968,0,42.968,5,42.968,0.04,,,,,,,
42.975,188.87,42.975,2.28,42.975,0,42.975,5,42.975,0.04,,,,,,,
42.982,188.8719,42.982,2.281944,42.982,0,42.982,5,42.982,0.04,,,,,,,
42.989,188.8761,42.989,2.286133,42.989,0,42.989,5,42.989,0.04,,,,,,,
42.996,188.8797,42.996,2.29,42.996,0,42.996,5,42.996,0.04,,,,,,,
43.003,188.8755,43.003,2.29,43.003,0,43.003,5,43.003,0.04,,,,,,,
43.01,188.8713,43.01,2.29,43.01,0,43.01,5,43.01,0.04,,,,,,,
43.017,188.87,43.017,2.29,43.017,0,43.017,5,43.017,0.04,,,,,,,
43.024,188.87,43.024,2.29,43.024,0,43.024,5,43.024,0.04,,,,,,,
43.031,188.87,43.031,2.29,43.031,0,43.031,5,43.031,0.04,,,,,,,
43.038,188.87,43.038,2.29,43.038,0,43.038,5,43.038,0.04,,,,,,,
43.045,188.87,43.045,2.29,43.045,0,43.045,5,43.045,0.04,,,,,,,
43.052,188.8661,43.052,2.29,43.052,0,43.052,5,43.052,0.04,,,,,,,
43.059,188.8619,43.059,2.29,43.059,0,43.059,5,43.059,0.04,,,,,,,
43.066,188.86,43.066,2.29,43.066,0,43.066,5,43.066,0.04,,,,,,,
43.073,188.86,43.073,2.29,43.073,0,43.073,5,43.073,0.04,,,,,,,
43.08,188.86,43.08,2.29,43.08,0,43.08,5,43.08,0.04,,,,,,,
43.087,188.86,43.087,2.29,43.087,0,43.087,5,43.087,0.04,,,,,,,
43.094,188.86,43.094,2.29,43.094,0,43.094,5,43.094,0.04,,,,,,,
43.101,188.86,43.101,2.293255,43.101,0,43.101,5,43.101,0.04,,,,,,,
43.108,188.86,43.108,2.297444,43.108,0,43.108,5,43.108,0.04,,,,,,,
43.115,188.8616,43.115,2.3,43.115,0,43.115,5,43.115,0.04,,,,,,,
43.122,188.8658,43.122,2.3,43.122,0,43.122,5,43.122,0.04,,,,,,,
43.129,188.87,43.129,2.3,43.129,0,43.129,5,43.129,0.04,,,,,,,
43.136,188.87,43.136,2.3,43.136,0,43.136,5,43.136,0.04,,,,,,,
43.143,188.87,43.143,2.3,43.143,0,43.143,5,43.143,0.04,,,,,,,
43.15,188.87,43.15,2.3,43.15,0,43.15,5,43.15,0.04,,,,,,,
43.157,188.87,43.157,2.3,43.157,0,43.157,5,43.157,0.04,,,,,,,
43.164,188.87,43.164,2.301011,43.164,0,43.164,5,43.164,0.04,,,,,,,
43.171,188.87,43.171,2.305223,43.171,0,43.171,5,43.171,0.04,,,,,,,
43.178,188.87,43.178,2.309437,43.178,0,43.178,5,43.178,0.04,,,,,,,
43.185,188.8664,43.185,2.313628,43.185,0,43.185,5,43.185,0.04,,,,,,,
43.192,188.8622,43.192,2.317816,43.192,0,43.192,5,43.192,0.04,,,,,,,
43.199,188.86,43.199,2.32,43.199,0,43.199,5,43.199,0.04,,,,,,,
43.206,188.86,43.206,2.32,43.206,0,43.206,5,43.206,0.04,,,,,,,
43.213,188.86,43.213,2.32,43.213,0,43.213,5,43.213,0.04,,,,,,,
43.22,188.86,43.22,2.32,43.22,0,43.22,5,43.22,0.04,,,,,,,
43.227,188.86,43.227,2.32,43.227,0,43.227,5,43.227,0.04,,,,,,,
43.234,188.86,43.234,2.32,43.234,0,43.234,5,43.234,0.04,,,,,,,
43.241,188.86,43.241,2.32,43.241,0,43.241,5,43.241,0.04,,,,,,,
43.248,188.8586,43.248,2.321375,43.248,0,43.248,5,43.248,0.04,,,,,,,
43.255,188.8544,43.255,2.325565,43.255,0,43.255,5,43.255,0.04,,,,,,,
43.262,188.8503,43.262,2.329753,43.262,0,43.262,5,43.262,0.04,,,,,,,
43.269,188.85,43.269,2.33,43.269,0,43.269,5,43.269,0.04,,,,,,,
43.276,188.85,43.276,2.33,43.276,0,43.276,5,43.276,0.04,,,,,,,
43.283,188.85,43.283,2.33,43.283,0,43.283,5,43.283,0.04,,,,,,,
43.29,188.85,43.29,2.33,43.29,0,43.29,5,43.29,0.04,,,,,,,
43.297,188.85,43.297,2.330749,43.297,0,43.297,5,43.297,0.04,,,,,,,
43.304,188.85,43.304,2.334938,43.304,0,43.304,5,43.304,0.04,,,,,,,
43.311,188.85,43.311,2.339125,43.311,0,43.311,5,43.311,0.04,,,,,,,
43.318,188.8467,43.318,2.34,43.318,0,43.318,5,43.318,0.04,,,,,,,
43.325,188.8425,43.325,2.34,43.325,0,43.325,5,43.325,0.04,,,,,,,
43.332,188.84,43.332,2.34,43.332,0,43.332,5,43.332,0.04,,,,,,,
43.339,188.84,43.339,2.34,43.339,0,43.339,5,43.339,0.04,,,,,,,
43.346,188.84,43.346,2.34,43.346,0,43.346,5,43.346,0.04,,,,,,,
43.353,188.84,43.353,2.34,43.353,0,43.353,5,43.353,0.04,,,,,,,
43.36,188.84,43.36,2.34,43.36,0,43.36,5,43.36,0.04,,,,,,,
43.367,188.84,43.367,2.34,43.367,0,43.367,5,43.367,0.04,,,,,,,
43.374,188.84,43.374,2.34,43.374,0,43.374,5,43.374,0.04,,,,,,,
43.381,188.84,43.381,2.34,43.381,0,43.381,5,43.381,0.04,,,,,,,
43.388,188.84,43.388,2.34,43.388,0,43.388,5,43.388,0.04,,,,,,,
43.395,188.84,43.395,2.34,43.395,0,43.395,5,43.395,0.04,,,,,,,
43.402,188.84,43.402,2.34,43.402,0,43.402,5,43.402,0.04,,,,,,,
43.409,188.84,43.409,2.34,43.409,0,43.409,5,43.409,0.04,,,,,,,
43.416,188.84,43.416,2.34212,43.416,0,43.416,5,43.416,0.04,,,,,,,
43.423,188.84,43.423,2.346309,43.423,0,43.423,5,43.423,0.04,,,,,,,
43.43,188.84,43.43,2.35,43.43,0,43.43,5,43.43,0.04,,,,,,,
43.437,188.84,43.437,2.35,43.437,0,43.437,5,43.437,0.04,,,,,,,
43.444,188.84,43.444,2.35,43.444,0,43.444,5,43.444,0.04,,,,,,,
43.451,188.8431,43.451,2.35,43.451,0,43.451,5,43.451,0.04,,,,,,,
43.458,188.8473,43.458,2.35,43.458,0,43.458,5,43.458,0.04,,,,,,,
43.465,188.85,43.465,2.35,43.465,0,43.465,5,43.465,0.04,,,,,,,
43.472,188.85,43.472,2.35,43.472,0,43.472,5,43.472,0.04,,,,,,,
43.479,188.85,43.479,2.35,43.479,0,43.479,5,43.479,0.04,,,,,,,
43.486,188.85,43.486,2.354057,43.486,0,43.486,5,43.486,0.04,,,,,,,
43.493,188.85,43.493,2.358246,43.493,0,43.493,5,43.493,0.04,,,,,,,
43.5,188.85,43.5,2.362448,43.5,0,43.5,5,43.5,0.04,,,,,,,
43.507,188.85,43.507,2.36666,43.507,0,43.507,5,43.507,0.04,,,,,,,
43.514,188.85,43.514,2.37,43.514,0,43.514,5,43.514,0.04,,,,,,,
43.521,188.85,43.521,2.37,43.521,0,43.521,5,43.521,0.04,,,,,,,
43.528,188.85,43.528,2.37,43.528,0,43.528,5,43.528,0.04,,,,,,,
43.535,188.85,43.535,2.37,43.535,0,43.535,5,43.535,0.04,,,,,,,
43.542,188.85,43.542,2.37,43.542,0,43.542,5,43.542,0.04,,,,,,,
43.549,188.85,43.549,2.37,43.549,0,43.549,5,43.549,0.04,,,,,,,
43.556,188.85,43.556,2.37,43.556,0,43.556,5,43.556,0.04,,,,,,,
43.563,188.8498,43.563,2.37,43.563,0,43.563,5,43.563,0.04,,,,,,,
43.57,188.8456,43.57,2.37,43.57,0,43.57,5,43.57,0.04,,,,,,,
43.577,188.8414,43.577,2.37,43.577,0,43.577,5,43.577,0.04,,,,,,,
43.584,188.84,43.584,2.37,43.584,0,43.584,5,43.584,0.04,,,,,,,
43.591,188.84,43.591,2.37,43.591,0,43.591,5,43.591,0.04,,,,,,,
43.598,188.84,43.598,2.37,43.598,0,43.598,5,43.598,0.04,,,,,,,
43.605,188.84,43.605,2.37,43.605,0,43.605,5,43.605,0.04,,,,,,,
43.612,188.84,43.612,2.37,43.612,0,43.612,5,43.612,0.04,,,,,,,
43.619,188.84,43.619,2.373804,43.619,0,43.619,5,43.619,0.04,,,,,,,
43.626,188.84,43.626,2.377992,43.626,0,43.626,5,43.626,0.04,,,,,,,
43.633,188.84,43.633,2.38,43.633,0,43.633,5,43.633,0.04,,,,,,,
43.64,188.84,43.64,2.38,43.64,0,43.64,5,43.64,0.04,,,,,,,
43.647,188.8394,43.647,2.38,43.647,0,43.647,5,43.647,0.04,,,,,,,
43.654,188.8352,43.654,2.38,43.654,0,43.654,5,43.654,0.04,,,,,,,
43.661,188.831,43.661,2.38,43.661,0,43.661,5,43.661,0.04,,,,,,,
43.668,188.83,43.668,2.38,43.668,0,43.668,5,43.668,0.04,,,,,,,
43.675,188.83,43.675,2.38,43.675,0,43.675,5,43.675,0.04,,,,,,,
43.682,188.83,43.682,2.38,43.682,0,43.682,5,43.682,0.04,,,,,,,
43.689,188.83,43.689,2.38,43.689,0,43.689,5,43.689,0.04,,,,,,,
43.696,188.83,43.696,2.38,43.696,0,43.696,5,43.696,0.04,,,,,,,
43.703,188.83,43.703,2.38,43.703,0,43.703,5,43.703,0.04,,,,,,,
43.71,188.83,43.71,2.38,43.71,0,43.71,5,43.71,0.04,,,,,,,
43.717,188.8326,43.717,2.38,43.717,0,43.717,5,43.717,0.04,,,,,,,
43.724,188.8367,43.724,2.38,43.724,0,43.724,5,43.724,0.04,,,,,,,
43.731,188.84,43.731,2.380928,43.731,0,43.731,5,43.731,0.04,,,,,,,
43.738,188.84,43.738,2.385114,43.738,0,43.738,5,43.738,0.04,,,,,,,
43.745,188.84,43.745,2.389301,43.745,0,43.745,5,43.745,0.04,,,,,,,
43.752,188.84,43.752,2.39,43.752,0,43.752,5,43.752,0.04,,,,,,,
43.759,188.84,43.759,2.39,43.759,0,43.759,5,43.759,0.04,,,,,,,
43.766,188.8381,43.766,2.39,43.766,0,43.766,5,43.766,0.04,,,,,,,
43.773,188.8339,43.773,2.39,43.773,0,43.773,5,43.773,0.04,,,,,,,
43.78,188.8303,43.78,2.39,43.78,0,43.78,5,43.78,0.04,,,,,,,
43.787,188.8345,43.787,2.39,43.787,0,43.787,5,43.787,0.04,,,,,,,
43.794,188.8387,43.794,2.39,43.794,0,43.794,5,43.794,0.04,,,,,,,
43.801,188.84,43.801,2.39,43.801,0,43.801,5,43.801,0.04,,,,,,,
43.808,188.84,43.808,2.39,43.808,0,43.808,5,43.808,0.04,,,,,,,
43.815,188.84,43.815,2.3913,43.815,0,43.815,5,43.815,0.04,,,,,,,
43.821,188.84,43.821,2.395487,43.821,0,43.821,5,43.821,0.04,,,,,,,
43.828,188.84,43.828,2.399676,43.828,0,43.828,5,43.828,0.04,,,,,,,
43.835,188.84,43.835,2.4,43.835,0,43.835,5,43.835,0.04,,,,,,,
43.842,188.84,43.842,2.4,43.842,0,43.842,5,43.842,0.04,,,,,,,
43.849,188.8423,43.849,2.4,43.849,0,43.849,5,43.849,0.04,,,,,,,
43.856,188.8465,43.856,2.4,43.856,0,43.856,5,43.856,0.04,,,,,,,
43.863,188.85,43.863,2.4,43.863,0,43.863,5,43.863,0.04,,,,,,,
43.87,188.85,43.87,2.4,43.87,0,43.87,5,43.87,0.04,,,,,,,
43.877,188.85,43.877,2.4,43.877,0,43.877,5,43.877,0.04,,,,,,,
43.884,188.85,43.884,2.4,43.884,0,43.884,5,43.884,0.04,,,,,,,
43.891,188.85,43.891,2.4,43.891,0,43.891,5,43.891,0.04,,,,,,,
43.898,188.85,43.898,2.4,43.898,0,43.898,5,43.898,0.04,,,,,,,
43.905,188.85,43.905,2.4,43.905,0,43.905,5,43.905,0.04,,,,,,,
43.912,188.85,43.912,2.4,43.912,0,43.912,5,43.912,0.04,,,,,,,
43.919,188.85,43.919,2.4,43.919,0,43.919,5,43.919,0.04,,,,,,,
43.926,188.85,43.926,2.4,43.926,0,43.926,5,43.926,0.04,,,,,,,
43.933,188.85,43.933,2.4,43.933,0,43.933,5,43.933,0.04,,,,,,,
43.94,188.85,43.94,2.4,43.94,0,43.94,5,43.94,0.04,,,,,,,
43.947,188.85,43.947,2.400993,43.947,0,43.947,5,43.947,0.04,,,,,,,
43.954,188.85,43.954,2.405205,43.954,0,43.954,5,43.954,0.04,,,,,,,
43.961,188.85,43.961,2.409416,43.961,0,43.961,5,43.961,0.04,,,,,,,
43.968,188.85,43.968,2.41,43.968,0,43.968,5,43.968,0.04,,,,,,,
43.975,188.85,43.975,2.41,43.975,0,43.975,5,43.975,0.04,,,,,,,
43.982,188.85,43.982,2.41,43.982,0,43.982,5,43.982,0.04,,,,,,,
43.989,188.85,43.989,2.41,43.989,0,43.989,5,43.989,0.04,,,,,,,
43.996,188.85,43.996,2.41,43.996,0,43.996,5,43.996,0.04,,,,,,,
44.003,188.85,44.003,2.41,44.003,0,44.003,5,44.003,0.04,,,,,,,
44.01,188.85,44.01,2.41,44.01,0,44.01,5,44.01,0.04,,,,,,,
44.017,188.85,44.017,2.41,44.017,0,44.017,5,44.017,0.04,,,,,,,
44.024,188.85,44.024,2.41,44.024,0,44.024,5,44.024,0.04,,,,,,,
44.031,188.85,44.031,2.41,44.031,0,44.031,5,44.031,0.04,,,,,,,
44.038,188.85,44.038,2.41,44.038,0,44.038,5,44.038,0.04,,,,,,,
44.045,188.85,44.045,2.41,44.045,0,44.045,5,44.045,0.04,,,,,,,
44.052,188.85,44.052,2.41,44.052,0,44.052,5,44.052,0.04,,,,,,,
44.059,188.85,44.059,2.41,44.059,0,44.059,5,44.059,0.04,,,,,,,
44.066,188.85,44.066,2.412357,44.066,0,44.066,5,44.066,0.04,,,,,,,
44.073,188.85,44.073,2.416544,44.073,0,44.073,5,44.073,0.04,,,,,,,
44.08,188.8507,44.08,2.42,44.08,0,44.08,5,44.08,0.04,,,,,,,
44.087,188.8549,44.087,2.42,44.087,0,44.087,5,44.087,0.04,,,,,,,
44.094,188.8591,44.094,2.42,44.094,0,44.094,5,44.094,0.04,,,,,,,
44.101,188.86,44.101,2.42,44.101,0,44.101,5,44.101,0.04,,,,,,,
44.108,188.86,44.108,2.42,44.108,0,44.108,5,44.108,0.04,,,,,,,
44.115,188.86,44.115,2.42,44.115,0,44.115,5,44.115,0.04,,,,,,,
44.122,188.86,44.122,2.42,44.122,0,44.122,5,44.122,0.04,,,,,,,
44.129,188.86,44.129,2.42,44.129,0,44.129,5,44.129,0.04,,,,,,,
44.136,188.86,44.136,2.42,44.136,0,44.136,5,44.136,0.04,,,,,,,
44.143,188.86,44.143,2.42,44.143,0,44.143,5,44.143,0.04,,,,,,,
44.15,188.8573,44.15,2.42,44.15,0,44.15,5,44.15,0.04,,,,,,,
44.157,188.8531,44.157,2.42,44.157,0,44.157,5,44.157,0.04,,,,,,,
44.164,188.85,44.164,2.42,44.164,0,44.164,5,44.164,0.04,,,,,,,
44.171,188.85,44.171,2.42,44.171,0,44.171,5,44.171,0.04,,,,,,,
44.178,188.85,44.178,2.42,44.178,0,44.178,5,44.178,0.04,,,,,,,
44.185,188.85,44.185,2.42,44.185,0,44.185,5,44.185,0.04,,,,,,,
44.192,188.85,44.192,2.42,44.192,0,44.192,5,44.192,0.04,,,,,,,
44.199,188.85,44.199,2.422054,44.199,0,44.199,5,44.199,0.04,,,,,,,
44.206,188.85,44.206,2.426268,44.206,0,44.206,5,44.206,0.04,,,,,,,
44.213,188.8495,44.213,2.43,44.213,0,44.213,5,44.213,0.04,,,,,,,
44.22,188.8453,44.22,2.43,44.22,0,44.22,5,44.22,0.04,,,,,,,
44.227,188.8411,44.227,2.43,44.227,0,44.227,5,44.227,0.04,,,,,,,
44.234,188.84,44.234,2.43,44.234,0,44.234,5,44.234,0.04,,,,,,,
44.241,188.84,44.241,2.43,44.241,0,44.241,5,44.241,0.04,,,,,,,
44.248,188.84,44.248,2.43,44.248,0,44.248,5,44.248,0.04,,,,,,,
44.255,188.84,44.255,2.43,44.255,0,44.255,5,44.255,0.04,,,,,,,
44.262,188.84,44.262,2.43,44.262,0,44.262,5,44.262,0.04,,,,,,,
44.269,188.84,44.269,2.43,44.269,0,44.269,5,44.269,0.04,,,,,,,
44.276,188.84,44.276,2.43,44.276,0,44.276,5,44.276,0.04,,,,,,,
44.283,188.8376,44.283,2.43,44.283,0,44.283,5,44.283,0.04,,,,,,,
44.29,188.8334,44.29,2.43,44.29,0,44.29,5,44.29,0.04,,,,,,,
44.297,188.83,44.297,2.43,44.297,0,44.297,5,44.297,0.04,,,,,,,
44.304,188.83,44.304,2.43,44.304,0,44.304,5,44.304,0.04,,,,,,,
44.311,188.83,44.311,2.43,44.311,0,44.311,5,44.311,0.04,,,,,,,
44.318,188.83,44.318,2.43,44.318,0,44.318,5,44.318,0.04,,,,,,,
44.325,188.83,44.325,2.43,44.325,0,44.325,5,44.325,0.04,,,,,,,
44.332,188.83,44.332,2.43,44.332,0,44.332,5,44.332,0.04,,,,,,,
44.339,188.83,44.339,2.43,44.339,0,44.339,5,44.339,0.04,,,,,,,
44.346,188.83,44.346,2.43,44.346,0,44.346,5,44.346,0.04,,,,,,,
44.353,188.83,44.353,2.43,44.353,0,44.353,5,44.353,0.04,,,,,,,
44.36,188.83,44.36,2.43,44.36,0,44.36,5,44.36,0.04,,,,,,,
44.367,188.8272,44.367,2.43,44.367,0,44.367,5,44.367,0.04,,,,,,,
44.374,188.823,44.374,2.43,44.374,0,44.374,5,44.374,0.04,,,,,,,
44.381,188.82,44.381,2.431163,44.381,0,44.381,5,44.381,0.04,,,,,,,
44.388,188.82,44.388,2.435349,44.388,0,44.388,5,44.388,0.04,,,,,,,
44.395,188.82,44.395,2.439536,44.395,0,44.395,5,44.395,0.04,,,,,,,
44.402,188.82,44.402,2.44,44.402,0,44.402,5,44.402,0.04,,,,,,,
44.409,188.82,44.409,2.44,44.409,0,44.409,5,44.409,0.04,,,,,,,
44.416,188.82,44.416,2.44,44.416,0,44.416,5,44.416,0.04,,,,,,,
44.423,188.82,44.423,2.44,44.423,0,44.423,5,44.423,0.04,,,,,,,
44.43,188.82,44.43,2.44,44.43,0,44.43,5,44.43,0.04,,,,,,,
44.437,188.82,44.437,2.44,44.437,0,44.437,5,44.437,0.04,,,,,,,
44.444,188.82,44.444,2.44,44.444,0,44.444,5,44.444,0.04,,,,,,,
44.451,188.82,44.451,2.44,44.451,0,44.451,5,44.451,0.04,,,,,,,
44.458,188.82,44.458,2.44,44.458,0,44.458,5,44.458,0.04,,,,,,,
44.465,188.82,44.465,2.44,44.465,0,44.465,5,44.465,0.04,,,,,,,
44.472,188.82,44.472,2.44,44.472,0,44.472,5,44.472,0.04,,,,,,,
44.479,188.82,44.479,2.44,44.479,0,44.479,5,44.479,0.04,,,,,,,
44.486,188.82,44.486,2.44,44.486,0,44.486,5,44.486,0.04,,,,,,,
44.493,188.82,44.493,2.44,44.493,0,44.493,5,44.493,0.04,,,,,,,
44.5,188.82,44.5,2.44,44.5,0,44.5,5,44.5,0.04,,,,,,,
44.507,188.82,44.507,2.44,44.507,0,44.507,5,44.507,0.04,,,,,,,
44.514,188.82,44.514,2.44,44.514,0,44.514,5,44.514,0.04,,,,,,,
44.521,188.82,44.521,2.44,44.521,0,44.521,5,44.521,0.04,,,,,,,
44.528,188.82,44.528,2.44,44.528,0,44.528,5,44.528,0.04,,,,,,,
44.535,188.82,44.535,2.44,44.535,0,44.535,5,44.535,0.04,,,,,,,
44.542,188.82,44.542,2.44,44.542,0,44.542,5,44.542,0.04,,,,,,,
44.549,188.82,44.549,2.44,44.549,0,44.549,5,44.549,0.04,,,,,,,
44.556,188.82,44.556,2.44,44.556,0,44.556,5,44.556,0.04,,,,,,,
44.563,188.82,44.563,2.44,44.563,0,44.563,5,44.563,0.04,,,,,,,
44.57,188.82,44.57,2.44,44.57,0,44.57,5,44.57,0.04,,,,,,,
44.577,188.82,44.577,2.44,44.577,0,44.577,5,44.577,0.04,,,,,,,
44.584,188.82,44.584,2.442844,44.584,0,44.584,5,44.584,0.04,,,,,,,
44.591,188.82,44.591,2.447033,44.591,0,44.591,5,44.591,0.04,,,,,,,
44.598,188.8188,44.598,2.45,44.598,0,44.598,5,44.598,0.04,,,,,,,
44.605,188.8146,44.605,2.45,44.605,0,44.605,5,44.605,0.04,,,,,,,
44.612,188.8103,44.612,2.45,44.612,0,44.612,5,44.612,0.04,,,,,,,
44.619,188.8138,44.619,2.45,44.619,0,44.619,5,44.619,0.04,,,,,,,
44.626,188.818,44.626,2.45,44.626,0,44.626,5,44.626,0.04,,,,,,,
44.633,188.82,44.633,2.45,44.633,0,44.633,5,44.633,0.04,,,,,,,
44.64,188.82,44.64,2.45,44.64,0,44.64,5,44.64,0.04,,,,,,,
44.647,188.82,44.647,2.45,44.647,0,44.647,5,44.647,0.04,,,,,,,
44.654,188.82,44.654,2.45,44.654,0,44.654,5,44.654,0.04,,,,,,,
44.661,188.82,44.661,2.45,44.661,0,44.661,5,44.661,0.04,,,,,,,
44.668,188.82,44.668,2.45,44.668,0,44.668,5,44.668,0.04,,,,,,,
44.675,188.82,44.675,2.45,44.675,0,44.675,5,44.675,0.04,,,,,,,
44.682,188.82,44.682,2.45,44.682,0,44.682,5,44.682,0.04,,,,,,,
44.689,188.82,44.689,2.45,44.689,0,44.689,5,44.689,0.04,,,,,,,
44.696,188.82,44.696,2.45,44.696,0,44.696,5,44.696,0.04,,,,,,,
44.703,188.82,44.703,2.45,44.703,0,44.703,5,44.703,0.04,,,,,,,
44.71,188.82,44.71,2.45,44.71,0,44.71,5,44.71,0.04,,,,,,,
44.717,188.82,44.717,2.45,44.717,0,44.717,5,44.717,0.04,,,,,,,
44.724,188.82,44.724,2.45,44.724,0,44.724,5,44.724,0.04,,,,,,,
44.731,188.821,44.731,2.45,44.731,0,44.731,5,44.731,0.04,,,,,,,
44.737,188.8252,44.737,2.45,44.737,0,44.737,5,44.737,0.04,,,,,,,
44.744,188.8293,44.744,2.45,44.744,0,44.744,5,44.744,0.04,,,,,,,
44.751,188.83,44.751,2.45,44.751,0,44.751,5,44.751,0.04,,,,,,,
44.758,188.83,44.758,2.45,44.758,0,44.758,5,44.758,0.04,,,,,,,
44.765,188.83,44.765,2.45,44.765,0,44.765,5,44.765,0.04,,,,,,,
44.772,188.83,44.772,2.45,44.772,0,44.772,5,44.772,0.04,,,,,,,
44.779,188.83,44.779,2.450338,44.779,0,44.779,5,44.779,0.04,,,,,,,
44.786,188.83,44.786,2.454527,44.786,0,44.786,5,44.786,0.04,,,,,,,
44.793,188.83,44.793,2.458714,44.793,0,44.793,5,44.793,0.04,,,,,,,
44.8,188.83,44.8,2.46,44.8,0,44.8,5,44.8,0.04,,,,,,,
44.807,188.83,44.807,2.46,44.807,0,44.807,5,44.807,0.04,,,,,,,
44.814,188.83,44.814,2.46,44.814,0,44.814,5,44.814,0.04,,,,,,,
44.821,188.83,44.821,2.46,44.821,0,44.821,5,44.821,0.04,,,,,,,
44.828,188.83,44.828,2.46,44.828,0,44.828,5,44.828,0.04,,,,,,,
44.835,188.83,44.835,2.46,44.835,0,44.835,5,44.835,0.04,,,,,,,
44.842,188.83,44.842,2.46,44.842,0,44.842,5,44.842,0.04,,,,,,,
44.849,188.83,44.849,2.46,44.849,0,44.849,5,44.849,0.04,,,,,,,
44.856,188.83,44.856,2.46,44.856,0,44.856,5,44.856,0.04,,,,,,,
44.863,188.8293,44.863,2.46,44.863,0,44.863,5,44.863,0.04,,,,,,,
44.87,188.8251,44.87,2.46,44.87,0,44.87,5,44.87,0.04,,,,,,,
44.877,188.8209,44.877,2.46,44.877,0,44.877,5,44.877,0.04,,,,,,,
44.884,188.82,44.884,2.46,44.884,0,44.884,5,44.884,0.04,,,,,,,
44.891,188.82,44.891,2.46,44.891,0,44.891,5,44.891,0.04,,,,,,,
44.898,188.82,44.898,2.46,44.898,0,44.898,5,44.898,0.04,,,,,,,
44.905,188.82,44.905,2.46,44.905,0,44.905,5,44.905,0.04,,,,,,,
44.912,188.82,44.912,2.46,44.912,0,44.912,5,44.912,0.04,,,,,,,
44.919,188.82,44.919,2.46,44.919,0,44.919,5,44.919,0.04,,,,,,,
44.926,188.82,44.926,2.46,44.926,0,44.926,5,44.926,0.04,,,,,,,
44.933,188.82,44.933,2.46,44.933,0,44.933,5,44.933,0.04,,,,,,,
44.94,188.82,44.94,2.46,44.94,0,44.94,5,44.94,0.04,,,,,,,
44.947,188.82,44.947,2.46,44.947,0,44.947,5,44.947,0.04,,,,,,,
44.954,188.82,44.954,2.46,44.954,0,44.954,5,44.954,0.04,,,,,,,
44.961,188.82,44.961,2.46,44.961,0,44.961,5,44.961,0.04,,,,,,,
44.968,188.82,44.968,2.46,44.968,0,44.968,5,44.968,0.04,,,,,,,
44.975,188.82,44.975,2.46,44.975,0,44.975,5,44.975,0.04,,,,,,,
44.982,188.82,44.982,2.46,44.982,0,44.982,5,44.982,0.04,,,,,,,
44.989,188.82,44.989,2.46,44.989,0,44.989,5,44.989,0.04,,,,,,,
44.996,188.82,44.996,2.46,44.996,0,44.996,5,44.996,0.04,,,,,,,
45.003,188.82,45.003,2.46,45.003,0,45.003,5,45.003,0.04,,,,,,,
45.01,188.82,45.01,2.46,45.01,0,45.01,5,45.01,0.04,,,,,,,
45.017,188.82,45.017,2.46,45.017,0,45.017,5,45.017,0.04,,,,,,,
45.024,188.82,45.024,2.46,45.024,0,45.024,5,45.024,0.04,,,,,,,
45.031,188.82,45.031,2.46,45.031,0,45.031,5,45.031,0.04,,,,,,,
45.038,188.82,45.038,2.46,45.038,0,45.038,5,45.038,0.04,,,,,,,
45.045,188.82,45.045,2.46,45.045,0,45.045,5,45.045,0.04,,,,,,,
45.052,188.82,45.052,2.46,45.052,0,45.052,5,45.052,0.04,,,,,,,
45.059,188.82,45.059,2.46,45.059,0,45.059,5,45.059,0.04,,,,,,,
45.066,188.82,45.066,2.46,45.066,0,45.066,5,45.066,0.04,,,,,,,
45.073,188.82,45.073,2.46,45.073,0,45.073,5,45.073,0.04,,,,,,,
45.08,188.82,45.08,2.46077,45.08,0,45.08,5,45.08,0.04,,,,,,,
45.087,188.82,45.087,2.464957,45.087,0,45.087,5,45.087,0.04,,,,,,,
45.094,188.82,45.094,2.469146,45.094,0,45.094,5,45.094,0.04,,,,,,,
45.101,188.82,45.101,2.47,45.101,0,45.101,5,45.101,0.04,,,,,,,
45.108,188.82,45.108,2.47,45.108,0,45.108,5,45.108,0.04,,,,,,,
45.115,188.8218,45.115,2.47,45.115,0,45.115,5,45.115,0.04,,,,,,,
45.122,188.826,45.122,2.47,45.122,0,45.122,5,45.122,0.04,,,,,,,
45.129,188.83,45.129,2.47,45.129,0,45.129,5,45.129,0.04,,,,,,,
45.136,188.83,45.136,2.47,45.136,0,45.136,5,45.136,0.04,,,,,,,
45.143,188.83,45.143,2.47,45.143,0,45.143,5,45.143,0.04,,,,,,,
45.15,188.83,45.15,2.47,45.15,0,45.15,5,45.15,0.04,,,,,,,
45.157,188.83,45.157,2.47,45.157,0,45.157,5,45.157,0.04,,,,,,,
45.164,188.83,45.164,2.47,45.164,0,45.164,5,45.164,0.04,,,,,,,
45.171,188.83,45.171,2.47,45.171,0,45.171,5,45.171,0.04,,,,,,,
45.178,188.83,45.178,2.47,45.178,0,45.178,5,45.178,0.04,,,,,,,
45.185,188.8337,45.185,2.47,45.185,0,45.185,5,45.185,0.04,,,,,,,
45.192,188.8379,45.192,2.47,45.192,0,45.192,5,45.192,0.04,,,,,,,
45.199,188.84,45.199,2.47,45.199,0,45.199,5,45.199,0.04,,,,,,,
45.206,188.84,45.206,2.47,45.206,0,45.206,5,45.206,0.04,,,,,,,
45.213,188.84,45.213,2.47,45.213,0,45.213,5,45.213,0.04,,,,,,,
45.22,188.84,45.22,2.47,45.22,0,45.22,5,45.22,0.04,,,,,,,
45.227,188.84,45.227,2.47,45.227,0,45.227,5,45.227,0.04,,,,,,,
45.234,188.8431,45.234,2.47,45.234,0,45.234,5,45.234,0.04,,,,,,,
45.241,188.8473,45.241,2.47,45.241,0,45.241,5,45.241,0.04,,,,,,,
45.248,188.8515,45.248,2.47,45.248,0,45.248,5,45.248,0.04,,,,,,,
45.255,188.8557,45.255,2.47,45.255,0,45.255,5,45.255,0.04,,,,,,,
45.262,188.8599,45.262,2.47,45.262,0,45.262,5,45.262,0.04,,,,,,,
45.269,188.86,45.269,2.47,45.269,0,45.269,5,45.269,0.04,,,,,,,
45.276,188.86,45.276,2.47,45.276,0,45.276,5,45.276,0.04,,,,,,,
45.283,188.86,45.283,2.47,45.283,0,45.283,5,45.283,0.04,,,,,,,
45.29,188.86,45.29,2.47,45.29,0,45.29,5,45.29,0.04,,,,,,,
45.297,188.86,45.297,2.47,45.297,0,45.297,5,45.297,0.04,,,,,,,
45.304,188.86,45.304,2.47,45.304,0,45.304,5,45.304,0.04,,,,,,,
45.311,188.86,45.311,2.47,45.311,0,45.311,5,45.311,0.04,,,,,,,
45.318,188.8634,45.318,2.47,45.318,0,45.318,5,45.318,0.04,,,,,,,
45.325,188.8676,45.325,2.47,45.325,0,45.325,5,45.325,0.04,,,,,,,
45.332,188.87,45.332,2.47,45.332,0,45.332,5,45.332,0.04,,,,,,,
45.339,188.87,45.339,2.47,45.339,0,45.339,5,45.339,0.04,,,,,,,
45.346,188.87,45.346,2.47,45.346,0,45.346,5,45.346,0.04,,,,,,,
45.353,188.87,45.353,2.47,45.353,0,45.353,5,45.353,0.04,,,,,,,
45.36,188.87,45.36,2.47,45.36,0,45.36,5,45.36,0.04,,,,,,,
45.367,188.8728,45.367,2.47,45.367,0,45.367,5,45.367,0.04,,,,,,,
45.374,188.877,45.374,2.47,45.374,0,45.374,5,45.374,0.04,,,,,,,
45.381,188.8812,45.381,2.47,45.381,0,45.381,5,45.381,0.04,,,,,,,
45.388,188.8854,45.388,2.47,45.388,0,45.388,5,45.388,0.04,,,,,,,
45.395,188.8896,45.395,2.47,45.395,0,45.395,5,45.395,0.04,,,,,,,
45.402,188.89,45.402,2.47,45.402,0,45.402,5,45.402,0.04,,,,,,,
45.409,188.89,45.409,2.47,45.409,0,45.409,5,45.409,0.04,,,,,,,
45.416,188.89,45.416,2.47,45.416,0,45.416,5,45.416,0.04,,,,,,,
45.423,188.89,45.423,2.47,45.423,0,45.423,5,45.423,0.04,,,,,,,
45.43,188.89,45.43,2.47,45.43,0,45.43,5,45.43,0.04,,,,,,,
45.437,188.89,45.437,2.47,45.437,0,45.437,5,45.437,0.04,,,,,,,
45.444,188.89,45.444,2.47,45.444,0,45.444,5,45.444,0.04,,,,,,,
45.451,188.8932,45.451,2.47,45.451,0,45.451,5,45.451,0.04,,,,,,,
45.458,188.8974,45.458,2.47,45.458,0,45.458,5,45.458,0.04,,,,,,,
45.465,188.9,45.465,2.47,45.465,0,45.465,5,45.465,0.04,,,,,,,
45.472,188.9,45.472,2.47,45.472,0,45.472,5,45.472,0.04,,,,,,,
45.479,188.9,45.479,2.47,45.479,0,45.479,5,45.479,0.04,,,,,,,
45.486,188.9,45.486,2.47416,45.486,0,45.486,5,45.486,0.04,,,,,,,
45.493,188.9,45.493,2.478373,45.493,0,45.493,5,45.493,0.04,,,,,,,
45.5,188.6865,45.5,2.48,45.5,0,45.5,5,45.5,0.0297122,,,,,,,
45.507,188.339,45.507,2.48,45.507,0,45.507,5,45.507,0.01296482,,,,,,,
45.514,188.07,45.514,2.48,45.514,0,45.514,5,45.514,0,,,,,,,
45.521,188.07,45.521,2.48,45.521,0,45.521,5,45.521,0,,,,,,,
45.528,188.07,45.528,2.48,45.528,0,45.528,5,45.528,0,,,,,,,
45.535,188.07,45.535,2.48,45.535,0,45.535,5,45.535,0,,,,,,,
45.542,188.07,45.542,2.48,45.542,0,45.542,5,45.542,0,,,,,,,
45.549,188.0719,45.549,2.48,45.549,0,45.549,5,45.549,0,,,,,,,
45.556,188.0761,45.556,2.48,45.556,0,45.556,5,45.556,0,,,,,,,
45.563,188.0797,45.563,2.48,45.563,0,45.563,5,45.563,0,,,,,,,
45.57,188.0755,45.57,2.48,45.57,0,45.57,5,45.57,0,,,,,,,
45.577,188.0713,45.577,2.48,45.577,0,45.577,5,45.577,0,,,,,,,
45.584,188.07,45.584,2.48,45.584,0,45.584,5,45.584,0,,,,,,,
45.591,188.07,45.591,2.48,45.591,0,45.591,5,45.591,0,,,,,,,
45.598,188.07,45.598,2.48,45.598,0,45.598,5,45.598,0,,,,,,,
45.605,188.07,45.605,2.48,45.605,0,45.605,5,45.605,0,,,,,,,
45.612,188.07,45.612,2.48,45.612,0,45.612,5,45.612,0,,,,,,,
45.619,188.07,45.619,2.48,45.619,0,45.619,5,45.619,0,,,,,,,
45.626,188.07,45.626,2.48,45.626,0,45.626,5,45.626,0,,,,,,,
45.633,188.07,45.633,2.48,45.633,0,45.633,5,45.633,0.002270221,,,,,,,
45.64,188.07,45.64,2.48,45.64,0,45.64,5,45.64,0.006482077,,,,,,,
45.646,188.07,45.646,2.48,45.646,0,45.646,5,45.646,0.01,,,,,,,
45.653,188.07,45.653,2.48,45.653,0,45.653,5,45.653,0.01,,,,,,,
45.66,188.07,45.66,2.48,45.66,0,45.66,5,45.66,0.01,,,,,,,
45.667,188.07,45.667,2.48,45.667,0,45.667,5,45.667,0.01,,,,,,,
45.674,188.07,45.674,2.48,45.674,0,45.674,5,45.674,0.01,,,,,,,
45.681,188.07,45.681,2.48,45.681,0,45.681,1.70289,45.681,0.01,,,,,,,
45.688,188.07,45.688,2.48,45.688,0,45.688,1,45.688,0.01,,,,,,,
45.695,188.08,45.695,2.48,45.695,0,45.695,1,45.695,0.01,,,,,,,
45.702,188.0812,45.702,2.48,45.702,0,45.702,1,45.702,0.01,,,,,,,
45.709,188.1,45.709,2.48,45.709,0,45.709,1,45.709,0.01,,,,,,,
45.716,188.103,45.716,2.48,45.716,0,45.716,1,45.716,0.01,,,,,,,
45.723,188.11,45.723,2.48,45.723,0,45.723,1,45.723,0.01,,,,,,,
45.73,188.1151,45.73,2.48,45.73,0,45.73,1,45.73,0.01,,,,,,,
45.737,188.13,45.737,2.48,45.737,0,45.737,1,45.737,0.01,,,,,,,
45.744,188.1439,45.744,2.48,45.744,0,45.744,1,45.744,0.01,,,,,,,
45.751,188.15,45.751,2.48,45.751,0,45.751,1,45.751,0.01,,,,,,,
45.758,188.1589,45.758,2.48,45.758,0,45.758,1,45.758,0.01,,,,,,,
45.765,188.17,45.765,2.48,45.765,0,45.765,1,45.765,0.01,,,,,,,
45.772,188.2,45.772,2.48,45.772,0,45.772,1,45.772,0,,,,,,,
45.779,188.2019,45.779,2.48,45.779,0,45.779,1,45.779,0,,,,,,,
45.786,188.23,45.786,2.48,45.786,0,45.786,1,45.786,0.002809248,,,,,,,
45.793,188.2377,45.793,2.48,45.793,0,45.793,1,45.793,0.01,,,,,,,
45.8,188.27,45.8,2.48,45.8,0,45.8,1,45.8,0.01,,,,,,,
45.807,188.2815,45.807,2.48,45.807,0,45.807,1,45.807,0.01,,,,,,,
45.814,188.32,45.814,2.48,45.814,0,45.814,1,45.814,0.01,,,,,,,
45.821,188.3436,45.821,2.48,45.821,0,45.821,1,45.821,0.002150289,,,,,,,
45.828,188.36,45.828,2.48,45.828,0,45.828,1,45.828,0,,,,,,,
45.835,188.3986,45.835,2.48,45.835,0,45.835,1,45.835,0,,,,,,,
45.842,188.4208,45.842,2.48,45.842,0,45.842,1,45.842,0,,,,,,,
45.849,188.4617,45.849,2.48,45.849,0,45.849,1,45.849,0,,,,,,,
45.856,188.4752,45.856,2.48,45.856,0,45.856,1,45.856,0.01,,,,,,,
45.863,188.5235,45.863,2.48,45.863,0,45.863,1,45.863,0.01,,,,,,,
45.87,188.5391,45.87,2.48,45.87,0,45.87,1,45.87,0.005454545,,,,,,,
45.877,188.58,45.877,2.48,45.877,0,45.877,1,45.877,0,,,,,,,
45.884,188.5994,45.884,2.48,45.884,0,45.884,1,45.884,0,,,,,,,
45.891,188.65,45.891,2.48,45.891,0,45.891,1,45.891,0,,,,,,,
45.898,188.6756,45.898,2.48,45.898,0,45.898,1,45.898,0,,,,,,,
45.905,188.71,45.905,2.48,45.905,0,45.905,1,45.905,0,,,,,,,
45.912,188.7506,45.912,2.48,45.912,0,45.912,1,45.912,0,,,,,,,
45.919,188.77,45.919,2.48,45.919,0,45.919,1,45.919,0,,,,,,,
45.926,188.8124,45.926,2.48,45.926,0,45.926,1,45.926,0,,,,,,,
45.933,188.8233,45.933,2.48,45.933,0,45.933,1,45.933,0,,,,,,,
45.94,188.8643,45.94,2.48,45.94,0,45.94,1,45.94,0,,,,,,,
45.947,188.8807,45.947,2.48,45.947,0,45.947,1,45.947,0,,,,,,,
45.954,188.9163,45.954,2.48,45.954,0,45.954,1,45.954,-0.006265896,,,,,,,
45.961,188.9272,45.961,2.48,45.961,0,45.961,1,45.961,-0.01,,,,,,,
45.968,188.96,45.968,2.48,45.968,0,45.968,1,45.968,-0.01,,,,,,,
45.975,188.9785,45.975,2.48,45.975,0,45.975,1,45.975,-0.01,,,,,,,
45.982,189,45.982,2.48,45.982,0,45.982,1,45.982,-0.01,,,,,,,
45.989,189.0126,45.989,2.48,45.989,0,45.989,1,45.989,-0.01,,,,,,,
45.996,188.8,45.996,2.48,45.996,0,45.996,1,45.996,0,,,,,,,
46.003,188.8,46.003,2.48,46.003,0,46.003,1,46.003,0.003098266,,,,,,,
46.01,188.8,46.01,2.48,46.01,0,46.01,1,46.01,0.01,,,,,,,
46.017,188.8,46.017,2.48,46.017,0,46.017,1,46.017,0.01,,,,,,,
46.024,188.81,46.024,2.48,46.024,0,46.024,1,46.024,0.01,,,,,,,
46.031,188.81,46.031,2.48,46.031,0,46.031,1,46.031,0.01,,,,,,,
46.038,188.81,46.038,2.48,46.038,0,46.038,1,46.038,0.002096412,,,,,,,
46.045,188.81,46.045,2.48,46.045,0,46.045,1,46.045,0,,,,,,,
46.052,188.81,46.052,2.48,46.052,0,46.052,1,46.052,0,,,,,,,
46.059,188.82,46.059,2.48,46.059,0,46.059,1,46.059,0.01,,,,,,,
46.066,188.8219,46.066,2.48,46.066,0,46.066,1,46.066,0.01,,,,,,,
46.073,188.83,46.073,2.48,46.073,0,46.073,1,46.073,0,,,,,,,
46.08,188.83,46.08,2.48,46.08,0,46.08,1,46.08,0,,,,,,,
46.087,188.84,46.087,2.48,46.087,0,46.087,1,46.087,0,,,,,,,
46.094,188.8459,46.094,2.48,46.094,0,46.094,1,46.094,0,,,,,,,
46.101,188.86,46.101,2.48,46.101,0,46.101,1,46.101,0,,,,,,,
46.108,188.8677,46.108,2.48,46.108,0,46.108,1,46.108,0,,,,,,,
46.115,188.87,46.115,2.48,46.115,0,46.115,1,46.115,0,,,,,,,
46.122,188.87,46.122,2.48,46.122,0,46.122,1,46.122,0,,,,,,,
46.129,188.87,46.129,2.48,46.129,0,46.129,1,46.129,0,,,,,,,
46.136,188.89,46.136,2.48,46.136,0,46.136,1,46.136,0,,,,,,,
46.143,188.8927,46.143,2.48,46.143,0,46.143,1,46.143,0,,,,,,,
46.15,188.9036,46.15,2.48,46.15,0,46.15,1,46.15,0,,,,,,,
46.157,188.91,46.157,2.48,46.157,0,46.157,1,46.157,-0.01,,,,,,,
46.164,188.92,46.164,2.48,46.164,0,46.164,1,46.164,-0.01,,,,,,,
46.171,188.92,46.171,2.48,46.171,0,46.171,1,46.171,-0.003441108,,,,,,,
46.178,188.93,46.178,2.48,46.178,0,46.178,1,46.178,0,,,,,,,
46.185,188.9384,46.185,2.48,46.185,0,46.185,1,46.185,0,,,,,,,
46.192,188.95,46.192,2.48,46.192,0,46.192,1,46.192,0,,,,,,,
46.199,188.9604,46.199,2.48,46.199,0,46.199,1,46.199,0,,,,,,,
46.206,188.97,46.206,2.48,46.206,0,46.206,1,46.206,0,,,,,,,
46.213,188.98,46.213,2.48,46.213,0,46.213,1,46.213,0,,,,,,,
46.22,188.98,46.22,2.48,46.22,0,46.22,1,46.22,0,,,,,,,
46.227,188.9943,46.227,2.48,46.227,0,46.227,1,46.227,0,,,,,,,
46.234,189,46.234,2.48,46.234,0,46.234,1,46.234,0,,,,,,,
46.241,189.0164,46.241,2.48,46.241,0,46.241,1,46.241,0,,,,,,,
46.248,189.0273,46.248,2.48,46.248,0,46.248,1,46.248,0,,,,,,,
46.255,189.04,46.255,2.48,46.255,0,46.255,1,46.255,0,,,,,,,
46.262,189.0493,46.262,2.48,46.262,0,46.262,1,46.262,0,,,,,,,
46.269,189.06,46.269,2.48,46.269,0,46.269,1,46.269,0,,,,,,,
46.276,189.0622,46.276,2.48,46.276,0,46.276,1,46.276,0,,,,,,,
46.283,189.08,46.283,2.48,46.283,0,46.283,1,46.283,0,,,,,,,
46.29,189.0832,46.29,2.48,46.29,0,46.29,1,46.29,0,,,,,,,
46.297,189.09,46.297,2.48,46.297,0,46.297,1,46.297,0,,,,,,,
46.304,189.1,46.304,2.48,46.304,0,46.304,1,46.304,0,,,,,,,
46.311,189.1,46.311,2.48,46.311,0,46.311,1,46.311,0,,,,,,,
46.318,189.11,46.318,2.48,46.318,0,46.318,1,46.318,0,,,,,,,
46.325,189.11,46.325,2.48,46.325,0,46.325,1,46.325,0,,,,,,,
46.332,189.12,46.332,2.48,46.332,0,46.332,1,46.332,0,,,,,,,
46.339,189.12,46.339,2.48,46.339,0,46.339,1,46.339,0,,,,,,,
46.346,189.13,46.346,2.48,46.346,0,46.346,1,46.346,0,,,,,,,
46.353,189.1318,46.353,2.48,46.353,0,46.353,1,46.353,0,,,,,,,
46.36,189.14,46.36,2.48,46.36,0,46.36,1,46.36,0,,,,,,,
46.367,189.1439,46.367,2.48,46.367,0,46.367,1,46.367,0,,,,,,,
46.374,189.15,46.374,2.48,46.374,0,46.374,1,46.374,0,,,,,,,
46.381,189.1558,46.381,2.48,46.381,0,46.381,1,46.381,0,,,,,,,
46.388,189.16,46.388,2.48,46.388,0,46.388,1,46.388,0,,,,,,,
46.395,189.1677,46.395,2.48,46.395,0,46.395,1,46.395,0,,,,,,,
46.402,189.17,46.402,2.48,46.402,0,46.402,1,46.402,0,,,,,,,
46.409,189.17,46.409,2.48,46.409,0,46.409,1,46.409,0,,,,,,,
46.416,189.1807,46.416,2.48,46.416,0,46.416,1,46.416,0,,,,,,,
46.423,189.19,46.423,2.48,46.423,0,46.423,1,46.423,0,,,,,,,
46.43,189.19,46.43,2.48,46.43,0,46.43,1,46.43,0,,,,,,,
46.437,189.2,46.437,2.48,46.437,0,46.437,1,46.437,0,,,,,,,
46.444,189.2,46.444,2.48,46.444,0,46.444,1,46.444,0,,,,,,,
46.451,189.2,46.451,2.48,46.451,0,46.451,1,46.451,0,,,,,,,
46.458,189.1933,46.458,2.48,46.458,0,46.458,1,46.458,0,,,,,,,
46.465,189.19,46.465,2.48,46.465,0,46.465,1,46.465,0,,,,,,,
46.472,189.19,46.472,2.48,46.472,0,46.472,1,46.472,0,,,,,,,
46.479,189.19,46.479,2.48,46.479,0,46.479,1,46.479,0,,,,,,,
46.486,189.19,46.486,2.48,46.486,0,46.486,1,46.486,0,,,,,,,
46.493,189.1886,46.493,2.48,46.493,0,46.493,1,46.493,0,,,,,,,
46.5,189.19,46.5,2.48,46.5,0,46.5,1,46.5,0,,,,,,,
46.507,189.19,46.507,2.48,46.507,0,46.507,1,46.507,0,,,,,,,
46.514,189.19,46.514,2.48,46.514,0,46.514,1,46.514,0,,,,,,,
46.521,189.19,46.521,2.48,46.521,0,46.521,1,46.521,0,,,,,,,
46.528,189.19,46.528,2.48,46.528,0,46.528,1,46.528,0,,,,,,,
46.535,189.19,46.535,2.48,46.535,0,46.535,1,46.535,0,,,,,,,
46.542,189.19,46.542,2.48,46.542,0,46.542,1,46.542,0,,,,,,,
46.549,189.18,46.549,2.48,46.549,0,46.549,1,46.549,0,,,,,,,
46.556,189.18,46.556,2.48,46.556,0,46.556,1,46.556,0,,,,,,,
46.562,189.17,46.562,2.48,46.562,0,46.562,1,46.562,0,,,,,,,
46.569,189.17,46.569,2.48,46.569,0,46.569,1,46.569,0.002092486,,,,,,,
46.576,189.16,46.576,2.48,46.576,0,46.576,1,46.576,0.01,,,,,,,
46.583,189.16,46.583,2.48,46.583,0,46.583,1,46.583,0.01,,,,,,,
46.59,189.16,46.59,2.48,46.59,0,46.59,1,46.59,0.01,,,,,,,
46.597,189.15,46.597,2.48,46.597,0,46.597,1,46.597,0.01,,,,,,,
46.604,189.15,46.604,2.48,46.604,0,46.604,1,46.604,0.002855491,,,,,,,
46.611,189.14,46.611,2.48,46.611,0,46.611,1,46.611,0,,,,,,,
46.618,189.14,46.618,2.48,46.618,0,46.618,1,46.618,0,,,,,,,
46.625,189.13,46.625,2.49,46.625,0,46.625,1,46.625,0,,,,,,,
46.632,189.129,46.632,2.49,46.632,0,46.632,1,46.632,0,,,,,,,
46.639,189.11,46.639,2.49,46.639,0,46.639,1,46.639,0,,,,,,,
46.646,189.1128,46.646,2.49,46.646,0,46.646,1,46.646,0,,,,,,,
46.653,189.11,46.653,2.49,46.653,0,46.653,1,46.653,0,,,,,,,
46.66,189.11,46.66,2.49,46.66,0,46.66,1,46.66,0,,,,,,,
46.667,189.11,46.667,2.49,46.667,0,46.667,1,46.667,0,,,,,,,
46.674,189.1,46.674,2.49,46.674,0,46.674,1,46.674,0,,,,,,,
46.681,189.1,46.681,2.49,46.681,0,46.681,1,46.681,0,,,,,,,
46.688,189.09,46.688,2.49,46.688,0,46.688,1,46.688,0,,,,,,,
46.695,189.09,46.695,2.49,46.695,0,46.695,1,46.695,0,,,,,,,
46.702,189.08,46.702,2.49,46.702,0,46.702,1,46.702,0,,,,,,,
46.709,189.0783,46.709,2.49,46.709,0,46.709,1,46.709,0,,,,,,,
46.716,189.06,46.716,2.49,46.716,0,46.716,1,46.716,0,,,,,,,
46.723,189.06,46.723,2.49,46.723,0,46.723,1,46.723,0,,,,,,,
46.73,189.05,46.73,2.49,46.73,0,46.73,1,46.73,0,,,,,,,
46.737,189.0444,46.737,2.49,46.737,0,46.737,1,46.737,0,,,,,,,
46.744,189.03,46.744,2.49,46.744,0,46.744,1,46.744,0,,,,,,,
46.751,189.03,46.751,2.49,46.751,0,46.751,1,46.751,0,,,,,,,
46.758,189.02,46.758,2.49,46.758,0,46.758,1,46.758,0.01,,,,,,,
46.765,189.02,46.765,2.49,46.765,0,46.765,1,46.765,0.01,,,,,,,
46.772,189.0194,46.772,2.49,46.772,0,46.772,1,46.772,0.01,,,,,,,
46.779,189.01,46.779,2.49,46.779,0,46.779,1,46.779,0.01,,,,,,,
46.786,189.01,46.786,2.49,46.786,0,46.786,1,46.786,0.01,,,,,,,
46.793,189,46.793,2.49,46.793,0,46.793,1,46.793,0.01,,,,,,,
46.8,189,46.8,2.49,46.8,0,46.8,1,46.8,0.01,,,,,,,
46.807,189,46.807,2.49,46.807,0,46.807,1,46.807,0.01,,,,,,,
46.814,189,46.814,2.49,46.814,0,46.814,1,46.814,0.01,,,,,,,
46.821,188.99,46.821,2.49,46.821,0,46.821,1,46.821,0.01,,,,,,,
46.828,188.99,46.828,2.49,46.828,0,46.828,1,46.828,0.01,,,,,,,
46.835,188.99,46.835,2.49,46.835,0,46.835,1,46.835,0.01,,,,,,,
46.842,188.99,46.842,2.49,46.842,0,46.842,1,46.842,0.01,,,,,,,
46.849,188.99,46.849,2.49,46.849,0,46.849,1,46.849,0.01,,,,,,,
46.856,188.98,46.856,2.49,46.856,0,46.856,1,46.856,0.01,,,,,,,
46.863,188.9769,46.863,2.49,46.863,0,46.863,1,46.863,0.01,,,,,,,
46.87,188.97,46.87,2.49,46.87,0,46.87,1,46.87,0.01,,,,,,,
46.877,188.97,46.877,2.49,46.877,0,46.877,1,46.877,0.01,,,,,,,
46.884,188.97,46.884,2.49,46.884,0,46.884,1,46.884,0.01,,,,,,,
46.891,188.97,46.891,2.49,46.891,0,46.891,1,46.891,0.01,,,,,,,
46.898,188.97,46.898,2.49,46.898,0,46.898,1,46.898,0.01,,,,,,,
46.905,188.961,46.905,2.49,46.905,0,46.905,1,46.905,0.01,,,,,,,
46.912,188.96,46.912,2.49,46.912,0,46.912,1,46.912,0.01,,,,,,,
46.919,188.96,46.919,2.49,46.919,0,46.919,1,46.919,0.01,,,,,,,
46.926,188.96,46.926,2.49,46.926,0,46.926,1,46.926,0.01,,,,,,,
46.933,188.96,46.933,2.49,46.933,0,46.933,1,46.933,0.01,,,,,,,
46.94,188.9638,46.94,2.49,46.94,0,46.94,1,46.94,0.01,,,,,,,
46.947,188.97,46.947,2.49,46.947,0,46.947,1,46.947,0.01,,,,,,,
46.954,188.97,46.954,2.49,46.954,0,46.954,1,46.954,0.01,,,,,,,
46.961,188.97,46.961,2.49,46.961,0,46.961,1,46.961,0.01,,,,,,,
46.968,188.9777,46.968,2.49,46.968,0,46.968,1,46.968,0.01,,,,,,,
46.975,188.98,46.975,2.49,46.975,0,46.975,1,46.975,0.01,,,,,,,
46.982,188.98,46.982,2.49,46.982,0,46.982,1,46.982,0.01,,,,,,,
46.989,188.98,46.989,2.49,46.989,0,46.989,1,46.989,0.01,,,,,,,
46.996,188.99,46.996,2.49,46.996,0,46.996,1,46.996,0.01,,,,,,,
47.003,188.99,47.003,2.49,47.003,0,47.003,1,47.003,0.01,,,,,,,
47.01,188.99,47.01,2.49,47.01,0,47.01,1,47.01,0.01,,,,,,,
47.017,188.99,47.017,2.49,47.017,0,47.017,1,47.017,0.01,,,,,,,
47.024,189,47.024,2.49,47.024,0,47.024,1,47.024,0.01,,,,,,,
47.031,189,47.031,2.49,47.031,0,47.031,1,47.031,0.01,,,,,,,
47.038,189.01,47.038,2.49,47.038,0,47.038,1,47.038,0.01,,,,,,,
47.045,189.01,47.045,2.49,47.045,0,47.045,1,47.045,0.01,,,,,,,
47.052,189.01,47.052,2.49,47.052,0,47.052,1,47.052,0.01,,,,,,,
47.059,189.0204,47.059,2.49,47.059,0,47.059,1,47.059,0.01,,,,,,,
47.066,189.03,47.066,2.49,47.066,0,47.066,1,47.066,0.01,,,,,,,
47.073,189.0325,47.073,2.49,47.073,0,47.073,1,47.073,0.01,,,,,,,
47.08,189.04,47.08,2.49,47.08,0,47.08,1,47.08,0.01,,,,,,,
47.087,189.05,47.087,2.49,47.087,0,47.087,1,47.087,0.01,,,,,,,
47.094,189.05,47.094,2.49,47.094,0,47.094,1,47.094,0.01,,,,,,,
47.101,189.0663,47.101,2.49,47.101,0,47.101,1,47.101,0.01,,,,,,,
47.108,189.07,47.108,2.49,47.108,0,47.108,1,47.108,0.01,,,,,,,
47.115,189.08,47.115,2.49,47.115,0,47.115,1,47.115,0.01,,,,,,,
47.122,189.0893,47.122,2.49,47.122,0,47.122,1,47.122,0.01,,,,,,,
47.129,189.11,47.129,2.49,47.129,0,47.129,1,47.129,0.01,,,,,,,
47.136,189.1122,47.136,2.49,47.136,0,47.136,1,47.136,0.008903002,,,,,,,
47.143,189.13,47.143,2.49,47.143,0,47.143,1,47.143,0,,,,,,,
47.15,189.14,47.15,2.49,47.15,0,47.15,1,47.15,0,,,,,,,
47.157,189.14,47.157,2.49,47.157,0,47.157,1,47.157,0,,,,,,,
47.164,189.1451,47.164,2.49,47.164,0,47.164,1,47.164,0,,,,,,,
47.171,189.15,47.171,2.49,47.171,0,47.171,1,47.171,0,,,,,,,
47.178,189.17,47.178,2.49,47.178,0,47.178,1,47.178,0,,,,,,,
47.185,189.17,47.185,2.49,47.185,0,47.185,1,47.185,0,,,,,,,
47.192,189.1991,47.192,2.49,47.192,0,47.192,1,47.192,0,,,,,,,
47.199,189.2,47.199,2.49,47.199,0,47.199,1,47.199,0,,,,,,,
47.206,189.22,47.206,2.49,47.206,0,47.206,1,47.206,0,,,,,,,
47.213,189.222,47.213,2.49,47.213,0,47.213,1,47.213,0,,,,,,,
47.22,189.24,47.22,2.49,47.22,0,47.22,1,47.22,0,,,,,,,
47.227,189.2439,47.227,2.49,47.227,0,47.227,1,47.227,0,,,,,,,
47.234,189.25,47.234,2.49,47.234,0,47.234,1,47.234,0,,,,,,,
47.241,189.2758,47.241,2.49,47.241,0,47.241,1,47.241,0,,,,,,,
47.248,189.28,47.248,2.49,47.248,0,47.248,1,47.248,0,,,,,,,
47.255,189.2977,47.255,2.49,47.255,0,47.255,1,47.255,0,,,,,,,
47.262,189.3,47.262,2.49,47.262,0,47.262,1,47.262,0,,,,,,,
47.269,189.3198,47.269,2.49,47.269,0,47.269,1,47.269,0,,,,,,,
47.276,189.32,47.276,2.49,47.276,0,47.276,1,47.276,0,,,,,,,
47.283,189.32,47.283,2.49,47.283,0,47.283,1,47.283,0,,,,,,,
47.29,189.33,47.29,2.49,47.29,0,47.29,1,47.29,0,,,,,,,
47.297,189.33,47.297,2.49,47.297,0,47.297,1,47.297,0,,,,,,,
47.304,189.3345,47.304,2.49,47.304,0,47.304,1,47.304,0,,,,,,,
47.311,189.34,47.311,2.49,47.311,0,47.311,1,47.311,0,,,,,,,
47.318,189.34,47.318,2.49,47.318,0,47.318,1,47.318,0,,,,,,,
47.325,189.34,47.325,2.49,47.325,0,47.325,1,47.325,0,,,,,,,
47.332,189.35,47.332,2.49,47.332,0,47.332,1,47.332,0,,,,,,,
47.339,189.35,47.339,2.49,47.339,0,47.339,1,47.339,0.009606936,,,,,,,
47.346,189.35,47.346,2.49,47.346,0,47.346,1,47.346,0.01,,,,,,,
47.353,189.3514,47.353,2.49,47.353,0,47.353,1,47.353,0.01,,,,,,,
47.36,189.35,47.36,2.49,47.36,0,47.36,1,47.36,0.01,,,,,,,
47.367,189.35,47.367,2.49,47.367,0,47.367,1,47.367,0.01,,,,,,,
47.374,189.35,47.374,2.49,47.374,0,47.374,1,47.374,0.01,,,,,,,
47.381,189.35,47.381,2.49,47.381,0,47.381,1,47.381,0.01,,,,,,,
47.388,189.35,47.388,2.49,47.388,0,47.388,1,47.388,0.01,,,,,,,
47.395,189.3427,47.395,2.49,47.395,0,47.395,1,47.395,0.01,,,,,,,
47.402,189.34,47.402,2.49,47.402,0,47.402,1,47.402,0.01,,,,,,,
47.409,189.33,47.409,2.49,47.409,0,47.409,1,47.409,0.01,,,,,,,
47.416,189.33,47.416,2.49,47.416,0,47.416,1,47.416,0.01,,,,,,,
47.423,189.32,47.423,2.49,47.423,0,47.423,1,47.423,0.01,,,,,,,
47.43,189.32,47.43,2.49,47.43,0,47.43,1,47.43,0.01,,,,,,,
47.437,189.32,47.437,2.49,47.437,0,47.437,1,47.437,0.01,,,,,,,
47.444,189.32,47.444,2.49,47.444,0,47.444,1,47.444,0.01,,,,,,,
47.451,189.31,47.451,2.49,47.451,0,47.451,1,47.451,0.01,,,,,,,
47.458,189.2979,47.458,2.49,47.458,0,47.458,1,47.458,0.01,,,,,,,
47.465,189.29,47.465,2.49,47.465,0,47.465,1,47.465,0.01,,,,,,,
47.472,189.28,47.472,2.49,47.472,0,47.472,1,47.472,0.01,,,,,,,
47.478,189.28,47.478,2.49,47.478,0,47.478,1,47.478,0.01,,,,,,,
47.485,189.26,47.485,2.49,47.485,0,47.485,1,47.485,0.01,,,,,,,
47.492,189.26,47.492,2.49,47.492,0,47.492,1,47.492,0.01,,,,,,,
47.499,189.26,47.499,2.49,47.499,0,47.499,1,47.499,0.01,,,,,,,
47.506,189.257,47.506,2.49,47.506,0,47.506,1,47.506,0.01,,,,,,,
47.513,189.25,47.513,2.49,47.513,0,47.513,1,47.513,0.01,,,,,,,
47.52,189.2451,47.52,2.49,47.52,0,47.52,1,47.52,0.01,,,,,,,
47.527,189.24,47.527,2.49,47.527,0,47.527,1,47.527,0.01,,,,,,,
47.534,189.2469,47.534,2.49,47.534,0,47.534,1,47.534,0.01,,,,,,,
47.541,189.24,47.541,2.49,47.541,0,47.541,1,47.541,0.01,,,,,,,
47.548,189.2213,47.548,2.49,47.548,0,47.548,1,47.548,0.01,,,,,,,
47.555,189.22,47.555,2.49,47.555,0,47.555,1,47.555,0.01,,,,,,,
47.562,189.22,47.562,2.49,47.562,0,47.562,1,47.562,0.01,,,,,,,
47.569,189.22,47.569,2.49,47.569,0,47.569,1,47.569,0.01,,,,,,,
47.576,189.22,47.576,2.49,47.576,0,47.576,1,47.576,0.01,,,,,,,
47.583,189.2163,47.583,2.49,47.583,0,47.583,1,47.583,0.01,,,,,,,
47.59,189.21,47.59,2.49,47.59,0,47.59,1,47.59,0.01,,,,,,,
47.597,189.21,47.597,2.49,47.597,0,47.597,1,47.597,0.01,,,,,,,
47.604,189.2,47.604,2.49,47.604,0,47.604,1,47.604,0.01,,,,,,,
47.611,189.2,47.611,2.49,47.611,0,47.611,1,47.611,0.01,,,,,,,
47.618,189.2,47.618,2.49,47.618,0,47.618,1,47.618,0.01,,,,,,,
47.625,189.2,47.625,2.49,47.625,0,47.625,1,47.625,0.01,,,,,,,
47.632,189.2,47.632,2.49,47.632,0,47.632,1,47.632,0.01,,,,,,,
47.639,189.2,47.639,2.49,47.639,0,47.639,1,47.639,0.01,,,,,,,
47.646,189.1976,47.646,2.49,47.646,0,47.646,1,47.646,0.01,,,,,,,
47.653,189.2,47.653,2.49,47.653,0,47.653,1,47.653,0.01,,,,,,,
47.66,189.2,47.66,2.49,47.66,0,47.66,1,47.66,0.01,,,,,,,
47.667,189.2,47.667,2.49,47.667,0,47.667,1,47.667,0.01,,,,,,,
47.674,189.1936,47.674,2.49,47.674,0,47.674,1,47.674,0.01,,,,,,,
47.681,189.19,47.681,2.49,47.681,0,47.681,1,47.681,0.01,,,,,,,
47.688,189.19,47.688,2.49,47.688,0,47.688,1,47.688,0.01,,,,,,,
47.695,189.19,47.695,2.49,47.695,0,47.695,1,47.695,0.01,,,,,,,
47.702,189.18,47.702,2.49,47.702,0,47.702,1,47.702,0.01,,,,,,,
47.709,189.18,47.709,2.49,47.709,0,47.709,1,47.709,0.01,,,,,,,
47.716,189.18,47.716,2.49,47.716,0,47.716,1,47.716,0.01,,,,,,,
47.723,189.18,47.723,2.49,47.723,0,47.723,1,47.723,0.01,,,,,,,
47.73,189.18,47.73,2.49,47.73,0,47.73,1,47.73,0.01,,,,,,,
47.737,189.18,47.737,2.49,47.737,0,47.737,1,47.737,0.01,,,,,,,
47.744,189.18,47.744,2.49,47.744,0,47.744,1,47.744,0.01,,,,,,,
47.751,189.173,47.751,2.49,47.751,0,47.751,1,47.751,0.01,,,,,,,
47.758,189.18,47.758,2.49,47.758,0,47.758,1,47.758,0.01,,,,,,,
47.765,189.171,47.765,2.49,47.765,0,47.765,1,47.765,0.01,,,,,,,
47.772,189.16,47.772,2.49,47.772,0,47.772,1,47.772,0.01,,,,,,,
47.779,189.16,47.779,2.49,47.779,0,47.779,1,47.779,0.01,,,,,,,
47.786,189.16,47.786,2.49,47.786,0,47.786,1,47.786,0.01,,,,,,,
47.793,189.16,47.793,2.49,47.793,0,47.793,1,47.793,0.01,,,,,,,
47.8,189.16,47.8,2.49,47.8,0,47.8,1,47.8,0.01,,,,,,,
47.807,189.15,47.807,2.49,47.807,0,47.807,1,47.807,0.01,,,,,,,
47.814,189.15,47.814,2.49,47.814,0,47.814,1,47.814,0.01,,,,,,,
47.821,189.15,47.821,2.49,47.821,0,47.821,1,47.821,0.01,,,,,,,
47.828,189.15,47.828,2.49,47.828,0,47.828,1,47.828,0.01,,,,,,,
47.835,189.14,47.835,2.49,47.835,0,47.835,1,47.835,0.01,,,,,,,
47.842,189.1303,47.842,2.49,47.842,0,47.842,1,47.842,0.01,,,,,,,
47.849,189.12,47.849,2.49,47.849,0,47.849,1,47.849,0.01,,,,,,,
47.856,189.11,47.856,2.49,47.856,0,47.856,1,47.856,0.01,,,,,,,
47.863,189.11,47.863,2.49,47.863,0,47.863,1,47.863,0.01,,,,,,,
47.87,189.0963,47.87,2.49,47.87,0,47.87,1,47.87,0.01,,,,,,,
47.877,189.09,47.877,2.49,47.877,0,47.877,1,47.877,0.01,,,,,,,
47.884,189.0744,47.884,2.49,47.884,0,47.884,1,47.884,0.01,,,,,,,
47.891,189.07,47.891,2.49,47.891,0,47.891,1,47.891,0.01,,,,,,,
47.898,189.07,47.898,2.49,47.898,0,47.898,1,47.898,0.01,,,,,,,
47.905,189.07,47.905,2.49,47.905,0,47.905,1,47.905,0.01,,,,,,,
47.912,189.06,47.912,2.49,47.912,0,47.912,1,47.912,0.01,,,,,,,
47.919,189.0496,47.919,2.49,47.919,0,47.919,1,47.919,0.01,,,,,,,
47.926,189.04,47.926,2.49,47.926,0,47.926,1,47.926,0.01,,,,,,,
47.933,189.0275,47.933,2.49,47.933,0,47.933,1,47.933,0.01,,,,,,,
47.94,189.02,47.94,2.49,47.94,0,47.94,1,47.94,0.01,,,,,,,
47.947,189.0056,47.947,2.49,47.947,0,47.947,1,47.947,0.01,,,,,,,
47.954,189,47.954,2.49,47.954,0,47.954,1,47.954,0.01,,,,,,,
47.961,188.98,47.961,2.49,47.961,0,47.961,1,47.961,0.01,,,,,,,
47.968,188.98,47.968,2.49,47.968,0,47.968,1,47.968,0.01,,,,,,,
47.975,188.9716,47.975,2.49,47.975,0,47.975,1,47.975,0.01,,,,,,,
47.982,188.97,47.982,2.49,47.982,0,47.982,1,47.982,0.01,,,,,,,
47.989,188.97,47.989,2.49,47.989,0,47.989,1,47.989,0.01,,,,,,,
47.996,188.9573,47.996,2.49,47.996,0,47.996,1,47.996,0.01,,,,,,,
48.003,188.94,48.003,2.49,48.003,0,48.003,1,48.003,0.01,,,,,,,
48.01,188.9268,48.01,2.49,48.01,0,48.01,1,48.01,0.01,,,,,,,
48.017,188.92,48.017,2.49,48.017,0,48.017,1,48.017,0.01,,,,,,,
48.024,188.9049,48.024,2.49,48.024,0,48.024,1,48.024,0.01,,,,,,,
48.031,188.9,48.031,2.49,48.031,0,48.031,1,48.031,0.01,,,,,,,
48.038,188.883,48.038,2.49,48.038,0,48.038,1,48.038,0.01,,,,,,,
48.045,188.88,48.045,2.49,48.045,0,48.045,1,48.045,0.01,,,,,,,
48.052,188.88,48.052,2.49,48.052,0,48.052,1,48.052,0.01,,,,,,,
48.059,188.88,48.059,2.49,48.059,0,48.059,1,48.059,0.01,,,,,,,
48.066,188.87,48.066,2.49,48.066,0,48.066,1,48.066,0.01,,,,,,,
48.073,188.87,48.073,2.49,48.073,0,48.073,1,48.073,0.01,,,,,,,
48.08,188.87,48.08,2.49,48.08,0,48.08,1,48.08,0.01,,,,,,,
48.087,188.8661,48.087,2.49,48.087,0,48.087,1,48.087,0.01,,,,,,,
48.094,188.86,48.094,2.49,48.094,0,48.094,1,48.094,0.01,,,,,,,
48.101,188.86,48.101,2.49,48.101,0,48.101,1,48.101,0.01,,,,,,,
48.108,188.86,48.108,2.49,48.108,0,48.108,1,48.108,0.01,,,,,,,
48.115,188.85,48.115,2.49,48.115,0,48.115,1,48.115,0.01,,,,,,,
48.122,188.85,48.122,2.49,48.122,0,48.122,1,48.122,0.01,,,,,,,
48.129,188.8402,48.129,2.49,48.129,0,48.129,1,48.129,0.01,,,,,,,
48.136,188.84,48.136,2.49,48.136,0,48.136,1,48.136,0.01,,,,,,,
48.143,188.84,48.143,2.49,48.143,0,48.143,1,48.143,0.01,,,,,,,
48.15,188.85,48.15,2.49,48.15,0,48.15,1,48.15,0.01,,,,,,,
48.157,188.85,48.157,2.49,48.157,0,48.157,1,48.157,0.01,,,,,,,
48.164,188.86,48.164,2.49,48.164,0,48.164,1,48.164,0.01,,,,,,,
48.171,188.87,48.171,2.49,48.171,0,48.171,1,48.171,0.01,,,,,,,
48.178,188.8932,48.178,2.49,48.178,0,48.178,1,48.178,0.01,,,,,,,
48.185,188.9,48.185,2.49,48.185,0,48.185,1,48.185,0.01,,,,,,,
48.192,188.9454,48.192,2.49,48.192,0,48.192,1,48.192,0.01,,,,,,,
48.199,188.95,48.199,2.49,48.199,0,48.199,1,48.199,0.01,,,,,,,
48.206,189.02,48.206,2.49,48.206,0,48.206,1,48.206,0.01,,,,,,,
48.213,189.031,48.213,2.49,48.213,0,48.213,1,48.213,0.01,,,,,,,
48.22,189.15,48.22,2.49,48.22,0,48.22,1,48.22,0.01,,,,,,,
48.227,189.1915,48.227,2.49,48.227,0,48.227,1,48.227,0.01,,,,,,,
48.234,189.34,48.234,2.49,48.234,0,48.234,1,48.234,0.01,,,,,,,
48.241,189.4767,48.241,2.49,48.241,0,48.241,1,48.241,0.01,,,,,,,
48.248,189.61,48.248,2.49,48.248,0,48.248,1,48.248,0.01,,,,,,,
48.255,189.8664,48.255,2.49,48.255,0,48.255,1,48.255,0.02463584,,,,,,,
48.262,189.99,48.262,2.49,48.262,0,48.262,1,48.262,0.03,,,,,,,
48.269,190.4973,48.269,2.49,48.269,0,48.269,1,48.269,0.03,,,,,,,
48.276,190.529,48.276,2.49,48.276,0,48.276,1,48.276,0.01,,,,,,,
48.283,191.2,48.283,2.49,48.283,0,48.283,1,48.283,0.01,,,,,,,
48.29,191.2984,48.29,2.49,48.29,0,48.29,1,48.29,0.01,,,,,,,
48.297,192.14,48.297,2.49,48.297,0,48.297,1,48.297,0.01,,,,,,,
48.304,192.472,48.304,2.49,48.304,0,48.304,1,48.304,0.01,,,,,,,
48.311,193.39,48.311,2.49,48.311,0,48.311,1,48.311,0.01,,,,,,,
48.318,194.1151,48.318,2.49,48.318,0,48.318,1,48.318,0.01,,,,,,,
48.325,194.98,48.325,2.49,48.325,0,48.325,1,48.325,0.01,,,,,,,
48.332,196.334,48.332,2.49,48.332,0,48.332,1,48.332,0.01,,,,,,,
48.339,196.96,48.339,2.49,48.339,0,48.339,1,48.339,0.01,,,,,,,
48.346,199.47,48.346,2.49,48.346,0,48.346,1,48.346,0.01,,,,,,,
48.353,199.5652,48.353,2.49,48.353,0,48.353,1,48.353,0.01,,,,,,,
48.36,202.57,48.36,2.49,48.36,0,48.36,1,48.36,0.01,,,,,,,
48.367,203.0885,48.367,2.49,48.367,0,48.367,1,48.367,0.01,,,,,,,
48.374,206.25,48.374,2.49,48.374,0,48.374,1,48.374,0.01,,,,,,,
48.381,207.2696,48.381,2.49,48.381,0,48.381,1,48.381,0.01,,,,,,,
48.387,210.68,48.387,2.49,48.387,0,48.387,1,48.387,0.02169473,,,,,,,
48.394,213.0552,48.394,2.49,48.394,0,48.394,1,48.394,0.03,,,,,,,
48.401,215.95,48.401,2.49,48.401,0,48.401,1,48.401,0.03,,,,,,,
48.408,219.5295,48.408,2.49,48.408,0,48.408,1,48.408,0.03,,,,,,,
48.415,222.04,48.415,2.49,48.415,0,48.415,1,48.415,0.03,,,,,,,
48.422,227.9568,48.422,2.49,48.422,0,48.422,1,48.422,0.01,,,,,,,
48.429,229.5395,48.429,2.49,48.429,0,48.429,1,48.429,0.01,,,,,,,
48.436,237.22,48.436,2.49,48.436,0,48.436,1,48.436,0.01,,,,,,,
48.443,238.8938,48.443,2.49,48.443,0,48.443,1,48.443,0.01,,,,,,,
48.45,246.42,48.45,2.49,48.45,0,48.45,1,48.45,0.01,,,,,,,
48.457,249.2539,48.457,2.49,48.457,0,48.457,1,48.457,0.01,,,,,,,
48.464,256.74,48.464,2.49,48.464,0,48.464,1,48.464,0.01,,,,,,,
48.471,262.4756,48.471,2.49,48.471,0,48.471,1,48.471,0.01,,,,,,,
48.478,268.25,48.478,2.49,48.478,0,48.478,1,48.478,0.01,,,,,,,
48.485,276.3394,48.485,2.49,48.485,0,48.485,1,48.485,0.01,,,,,,,
48.492,281.1195,48.492,2.49,48.492,0,48.492,1,48.492,0.01,,,,,,,
48.499,292.9038,48.499,2.49,48.499,0,48.499,1,48.499,0.01,,,,,,,
48.506,296.2274,48.506,2.49,48.506,0,48.506,1,48.506,0.01,,,,,,,
48.513,308.3958,48.513,2.49,48.513,0,48.513,1,48.513,0.01,,,,,,,
48.52,312.4528,48.52,2.49,48.52,0,48.52,1,48.52,0.01,,,,,,,
48.527,326.43,48.527,2.49,48.527,0,48.527,1,48.527,0.01,,,,,,,
48.534,331.874,48.534,2.49,48.534,0,48.534,1,48.534,0.01,,,,,,,
48.541,343.95,48.541,2.49,48.541,0,48.541,1,48.541,0.01,,,,,,,
48.548,351.5616,48.548,2.49,48.548,0,48.548,1,48.548,0.01,,,,,,,
48.555,362.53,48.555,2.49,48.555,0,48.555,1,48.555,0.01,,,,,,,
48.562,375.6641,48.562,2.49,48.562,0,48.562,1,48.562,0.01,,,,,,,
48.569,382.01,48.569,2.49,48.569,0,48.569,1,48.569,0.01,,,,,,,
48.576,397.0043,48.576,2.49,48.576,0,48.576,1,48.576,0.01,,,,,,,
48.583,403.5692,48.583,2.49,48.583,0,48.583,1,48.583,0.01,,,,,,,
48.59,421.6389,48.59,2.49,48.59,0,48.59,1,48.59,0.01,,,,,,,
48.597,427.4008,48.597,2.49,48.597,0,48.597,1,48.597,0.01,,,,,,,
48.604,444.0744,48.604,2.49,48.604,0,48.604,1,48.604,0.01,,,,,,,
48.611,450.7922,48.611,2.482786,48.611,0,48.611,1,48.611,0.01,,,,,,,
48.618,467.77,48.618,2.48,48.618,0,48.618,1,48.618,0.01,,,,,,,
48.625,478.0003,48.625,2.48,48.625,0,48.625,1,48.625,0.01,,,,,,,
48.632,490.53,48.632,2.48,48.632,0,48.632,1,48.632,0.01,,,,,,,
48.639,503.2111,48.639,2.48,48.639,0,48.639,1,48.639,0.01,,,,,,,
48.646,513.43,48.646,2.48,48.646,0,48.646,1,48.646,0.01,,,,,,,
48.653,531.0062,48.653,2.48,48.653,0,48.653,1,48.653,0.01,,,,,,,
48.66,536.3,48.66,2.48,48.66,0,48.66,1,48.66,0.01,,,,,,,
48.667,555.2966,48.667,2.48,48.667,0,48.667,1,48.667,0.01,,,,,,,
48.674,561.3539,48.674,2.48,48.674,0,48.674,1,48.674,0.01,,,,,,,
48.681,580.5511,48.681,2.48,48.681,0,48.681,1,48.681,0.01,,,,,,,
48.688,587.5995,48.688,2.48,48.688,0,48.688,1,48.688,0.01,,,,,,,
48.695,603.83,48.695,2.48,48.695,0,48.695,1,48.695,0.01,,,,,,,
48.702,610.8328,48.702,2.48,48.702,0,48.702,1,48.702,0.01,,,,,,,
48.709,625.39,48.709,2.48,48.709,0,48.709,1,48.709,0.01,,,,,,,
48.716,637.7957,48.716,2.48,48.716,0,48.716,1,48.716,0.01,,,,,,,
48.723,646.36,48.723,2.48,48.723,0,48.723,1,48.723,0.01,,,,,,,
48.73,660.2487,48.73,2.48,48.73,0,48.73,1,48.73,0.01,,,,,,,
48.737,666.48,48.737,2.48,48.737,0,48.737,1,48.737,0.01,,,,,,,
48.744,682.9609,48.744,2.48,48.744,0,48.744,1,48.744,0.01,,,,,,,
48.751,687.8026,48.751,2.48,48.751,0,48.751,1,48.751,0.01,,,,,,,
48.758,702.6966,48.758,2.48,48.758,0,48.758,1,48.758,0.01,,,,,,,
48.765,709.1207,48.765,2.48,48.765,0,48.765,1,48.765,0.01,,,,,,,
48.772,721.2381,48.772,2.48,48.772,0,48.772,1,48.772,0.01,,,,,,,
48.779,727.6071,48.779,2.48,48.779,0,48.779,1,48.779,0.01,,,,,,,
48.786,737.59,48.786,2.48,48.786,0,48.786,1,48.786,0.01,,,,,,,
48.793,747.0787,48.793,2.48,48.793,0,48.793,1,48.793,0.01,,,,,,,
48.8,752.65,48.8,2.48,48.8,0,48.8,1,48.8,0.01,,,,,,,
48.807,762.8507,48.807,2.48,48.807,0,48.807,1,48.807,0.01,,,,,,,
48.814,766.58,48.814,2.48,48.814,0,48.814,1,48.814,0.01,,,,,,,
48.821,777.8106,48.821,2.48,48.821,0,48.821,1,48.821,0.01,,,,,,,
48.828,779.33,48.828,2.48,48.828,0,48.828,1,48.828,0.01,,,,,,,
48.835,790.2086,48.835,2.48,48.835,0,48.835,1,48.835,0.01,,,,,,,
48.842,792.4617,48.842,2.48,48.842,0,48.842,1,48.842,0.03,,,,,,,
48.849,801.05,48.849,2.48,48.849,0,48.849,1,48.849,0.03,,,,,,,
48.856,804.7806,48.856,2.48,48.856,0,48.856,1,48.856,0.01,,,,,,,
48.863,810.07,48.863,2.48,48.863,0,48.863,1,48.863,0.01,,,,,,,
48.87,814.3586,48.87,2.48,48.87,0,48.87,1,48.87,0.01,,,,,,,
48.877,817.8,48.877,2.48,48.877,0,48.877,1,48.877,0.01,,,,,,,
48.884,822.7942,48.884,2.48,48.884,0,48.884,1,48.884,0.01,,,,,,,
48.891,824.26,48.891,2.48,48.891,0,48.891,1,48.891,0.01,,,,,,,
48.898,828.7407,48.898,2.48,48.898,0,48.898,1,48.898,0.01,,,,,,,
48.905,829.45,48.905,2.48,48.905,0,48.905,1,48.905,0.01,,,,,,,
48.912,833.2631,48.912,2.48,48.912,0,48.912,1,48.912,0.01,,,,,,,
48.919,833.37,48.919,2.48,48.919,0,48.919,1,48.919,0.01,,,,,,,
48.926,835.96,48.926,2.478867,48.926,0,48.926,1,48.926,0.01,,,,,,,
48.933,836.4511,48.933,2.47,48.933,0,48.933,1,48.933,0.01,,,,,,,
48.94,837.28,48.94,2.47,48.94,0,48.94,1,48.94,0.01,,,,,,,
48.947,837.4279,48.947,2.47,48.947,0,48.947,1,48.947,0.01,,,,,,,
48.954,837.33,48.954,2.47,48.954,0,48.954,1,48.954,0.01,,,,,,,
48.961,836.4528,48.961,2.47,48.961,0,48.961,1,48.961,0.01,,,,,,,
48.968,836.04,48.968,2.47,48.968,0,48.968,1,48.968,0.01,,,,,,,
48.975,833.8372,48.975,2.47,48.975,0,48.975,1,48.975,0.01,,,,,,,
48.982,833.52,48.982,2.47,48.982,0,48.982,1,48.982,0.01,,,,,,,
48.989,829.8464,48.989,2.47,48.989,0,48.989,1,48.989,0.01,,,,,,,
48.996,829.5888,48.996,2.47,48.996,0,48.996,1,48.996,0.01,,,,,,,
49.003,824.89,49.003,2.47,49.003,0,49.003,1,49.003,0.01,,,,,,,
49.01,823.816,49.01,2.47,49.01,0,49.01,1,49.01,0.01,,,,,,,
49.017,818.82,49.017,2.47,49.017,0,49.017,1,49.017,0.01,,,,,,,
49.024,815.4769,49.024,2.47,49.024,0,49.024,1,49.024,0.01,,,,,,,
49.031,811.69,49.031,2.47,49.031,0,49.031,1,49.031,0.01,,,,,,,
49.038,805.463,49.038,2.47,49.038,0,49.038,1,49.038,0.01,,,,,,,
49.045,803.6,49.045,2.47,49.045,0,49.045,1,49.045,0.01,,,,,,,
49.052,795.3583,49.052,2.47,49.052,0,49.052,1,49.052,0.01,,,,,,,
49.059,794.55,49.059,2.47,49.059,0,49.059,1,49.059,0.01,,,,,,,
49.066,784.66,49.066,2.47,49.066,0,49.066,1,49.066,0.01,,,,,,,
49.073,783.8189,49.073,2.47,49.073,0,49.073,1,49.073,0.01,,,,,,,
49.08,774.08,49.08,2.47,49.08,0,49.08,1,49.08,0.01,,,,,,,
49.087,771.5099,49.087,2.47,49.087,0,49.087,1,49.087,0.01,,,,,,,
49.094,762.78,49.094,2.47,49.094,0,49.094,1,49.094,0.01,,,,,,,
49.101,757.5599,49.101,2.47,49.101,0,49.101,1,49.101,0.01,,,,,,,
49.108,750.89,49.108,2.47,49.108,0,49.108,1,49.108,0.01,,,,,,,
49.115,742.3057,49.115,2.47,49.115,0,49.115,1,49.115,0.01,,,,,,,
49.122,738.63,49.122,2.47,49.122,0,49.122,1,49.122,0.01,,,,,,,
49.129,726.4994,49.129,2.47,49.129,0,49.129,1,49.129,0.01,,,,,,,
49.136,725.7907,49.136,2.47,49.136,0,49.136,1,49.136,0.01,,,,,,,
49.143,712.97,49.143,2.47,49.143,0,49.143,1,49.143,0.01,,,,,,,
49.15,711.4777,49.15,2.47,49.15,0,49.15,1,49.15,0.01,,,,,,,
49.157,699.85,49.157,2.47,49.157,0,49.157,1,49.157,0.01,,,,,,,
49.164,696.2181,49.164,2.47,49.164,0,49.164,1,49.164,0.01,,,,,,,
49.171,686.63,49.171,2.47,49.171,0,49.171,1,49.171,0.02032548,,,,,,,
49.178,681.1172,49.178,2.47,49.178,0,49.178,1,49.178,0.03,,,,,,,
49.185,673.29,49.185,2.47,49.185,0,49.185,1,49.185,0.03,,,,,,,
49.192,663.9402,49.192,2.47,49.192,0,49.192,1,49.192,0.03,,,,,,,
49.199,660,49.199,2.47,49.199,0,49.199,1,49.199,0.03,,,,,,,
49.206,648.9922,49.206,2.47,49.206,0,49.206,1,49.206,0.03,,,,,,,
49.213,646.3897,49.213,2.47,49.213,0,49.213,1,49.213,0.03,,,,,,,
49.22,633.67,49.22,2.47,49.22,0,49.22,1,49.22,0.02582492,,,,,,,
49.227,631.6876,49.227,2.47,49.227,0,49.227,1,49.227,0.01,,,,,,,
49.234,620.68,49.234,2.47,49.234,0,49.234,1,49.234,0.01,,,,,,,
49.241,617.493,49.241,2.47,49.241,0,49.241,1,49.241,0.01,,,,,,,
49.248,607.9,49.248,2.47,49.248,0,49.248,1,49.248,0.01,,,,,,,
49.255,602.075,49.255,2.47,49.255,0,49.255,1,49.255,0.01,,,,,,,
49.262,595.28,49.262,2.47,49.262,0,49.262,1,49.262,0.01,,,,,,,
49.269,588.0419,49.269,2.47,49.269,0,49.269,1,49.269,0.01,,,,,,,
49.276,582.87,49.276,2.47,49.276,0,49.276,1,49.276,0.01,,,,,,,
49.283,572.5666,49.283,2.47,49.283,0,49.283,1,49.283,0.01,,,,,,,
49.29,570.0488,49.29,2.47,49.29,0,49.29,1,49.29,0.01,,,,,,,
49.297,560.2067,49.297,2.47,49.297,0,49.297,1,49.297,0.01,,,,,,,
49.303,557.32,49.303,2.47,49.303,0,49.303,1,49.303,0.01,,,,,,,
49.31,547.11,49.31,2.47,49.31,0,49.31,1,49.31,0.01,,,,,,,
49.317,543.8732,49.317,2.47,49.317,0,49.317,1,49.317,0.01,,,,,,,
49.324,535.69,49.324,2.47,49.324,0,49.324,1,49.324,0.01,,,,,,,
49.331,531.4138,49.331,2.47,49.331,0,49.331,1,49.331,0.01,,,,,,,
49.338,524.5,49.338,2.47,49.338,0,49.338,1,49.338,0.01,,,,,,,
49.345,517.4445,49.345,2.47,49.345,0,49.345,1,49.345,0.01,,,,,,,
49.352,513.6,49.352,2.47,49.352,0,49.352,1,49.352,0.01,,,,,,,
49.359,505.9758,49.359,2.47,49.359,0,49.359,1,49.359,0.01,,,,,,,
49.366,502.5107,49.366,2.47,49.366,0,49.366,1,49.366,0.01,,,,,,,
49.373,493.6551,49.373,2.47,49.373,0,49.373,1,49.373,0.03,,,,,,,
49.38,491.0401,49.38,2.47,49.38,0,49.38,1,49.38,0.03,,,,,,,
49.387,483.1855,49.387,2.47,49.387,0,49.387,1,49.387,0.03,,,,,,,
49.394,480.2859,49.394,2.47,49.394,0,49.394,1,49.394,0.03,,,,,,,
49.401,472.61,49.401,2.47,49.401,0,49.401,1,49.401,0.03,,,,,,,
49.408,468.5823,49.408,2.47,49.408,0,49.408,1,49.408,0.01,,,,,,,
49.415,463.02,49.415,2.47,49.415,0,49.415,1,49.415,0.01,,,,,,,
49.422,458.1598,49.422,2.47,49.422,0,49.422,1,49.422,0.01,,,,,,,
49.429,453.73,49.429,2.47,49.429,0,49.429,1,49.429,0.01,,,,,,,
49.436,447.019,49.436,2.47,49.436,0,49.436,1,49.436,0.01,,,,,,,
49.443,444.2849,49.443,2.47,49.443,0,49.443,1,49.443,0.01,,,,,,,
49.45,437.7014,49.45,2.47,49.45,0,49.45,1,49.45,0.01,,,,,,,
49.457,434.5786,49.457,2.47,49.457,0,49.457,1,49.457,0.01,,,,,,,
49.464,428.1198,49.464,2.47,49.464,0,49.464,1,49.464,0.01,,,,,,,
49.471,425.6066,49.471,2.47,49.471,0,49.471,1,49.471,0.01,,,,,,,
49.478,419.45,49.478,2.47,49.478,0,49.478,1,49.478,0.01,,,,,,,
49.485,415.8856,49.485,2.47,49.485,0,49.485,1,49.485,0.01,,,,,,,
49.492,411.58,49.492,2.47,49.492,0,49.492,1,49.492,0.01,,,,,,,
49.499,407.3284,49.499,2.47,49.499,0,49.499,1,49.499,0.01,,,,,,,
49.506,403.95,49.506,2.47,49.506,0,49.506,1,49.506,0.01,,,,,,,
49.513,398.3231,49.513,2.47,49.513,0,49.513,1,49.513,0.01,,,,,,,
49.52,396.66,49.52,2.47,49.52,0,49.52,1,49.52,0.01,,,,,,,
49.527,390.8052,49.527,2.47,49.527,0,49.527,1,49.527,0.01,,,,,,,
49.534,388.9385,49.534,2.47,49.534,0,49.534,1,49.534,0.01,,,,,,,
49.541,383.1524,49.541,2.47,49.541,0,49.541,1,49.541,0.01,,,,,,,
49.548,381.0775,49.548,2.47,49.548,0,49.548,1,49.548,0.01,,,,,,,
49.555,376.4173,49.555,2.47,49.555,0,49.555,1,49.555,0.01,,,,,,,
49.562,374.1774,49.562,2.47,49.562,0,49.562,1,49.562,0.01,,,,,,,
49.569,370.01,49.569,2.47,49.569,0,49.569,1,49.569,0.01171098,,,,,,,
49.576,366.4281,49.576,2.47,49.576,0,49.576,1,49.576,0.03,,,,,,,
49.583,363.96,49.583,2.47,49.583,0,49.583,1,49.583,0.03,,,,,,,
49.59,359.9284,49.59,2.47,49.59,0,49.59,1,49.59,0.03,,,,,,,
49.597,358.16,49.597,2.47,49.597,0,49.597,1,49.597,0.03,,,,,,,
49.604,353.3939,49.604,2.47,49.604,0,49.604,1,49.604,0.03,,,,,,,
49.611,352.59,49.611,2.47,49.611,0,49.611,1,49.611,0.03,,,,,,,
49.618,347.6393,49.618,2.47,49.618,0,49.618,1,49.618,0.03,,,,,,,
49.625,346.4751,49.625,2.47,49.625,0,49.625,1,49.625,0.03,,,,,,,
49.632,342.1139,49.632,2.47,49.632,0,49.632,1,49.632,0.03,,,,,,,
49.639,340.242,49.639,2.47,49.639,0,49.639,1,49.639,0.03,,,,,,,
49.646,337.12,49.646,2.47,49.646,0,49.646,1,49.646,0.03,,,,,,,
49.653,334.7492,49.653,2.47,49.653,0,49.653,1,49.653,0.02512139,,,,,,,
49.66,332.36,49.66,2.47,49.66,0,49.66,1,49.66,0.01,,,,,,,
49.667,329.0084,49.667,2.47,49.667,0,49.667,1,49.667,0.01,,,,,,,
49.674,327.77,49.674,2.47,49.674,0,49.674,1,49.674,0.03,,,,,,,
49.681,324.1481,49.681,2.47,49.681,0,49.681,1,49.681,0.03,,,,,,,
49.688,323.36,49.688,2.47,49.688,0,49.688,1,49.688,0.01501734,,,,,,,
49.695,319.3466,49.695,2.47,49.695,0,49.695,1,49.695,0.01,,,,,,,
49.702,319.12,49.702,2.48,49.702,0,49.702,1,49.702,0.01,,,,,,,
49.709,315.01,49.709,2.48,49.709,0,49.709,1,49.709,0.01,,,,,,,
49.716,313.9929,49.716,2.48,49.716,0,49.716,1,49.716,0.01,,,,,,,
49.723,311.06,49.723,2.48,49.723,0,49.723,1,49.723,0.01,,,,,,,
49.73,309.1355,49.73,2.48,49.73,0,49.73,1,49.73,0.01,,,,,,,
49.737,307.23,49.737,2.48,49.737,0,49.737,1,49.737,0.01,,,,,,,
49.744,304.7126,49.744,2.48,49.744,0,49.744,1,49.744,0.01,,,,,,,
49.751,303.54,49.751,2.48,49.751,0,49.751,1,49.751,0.01,,,,,,,
49.758,300.4865,49.758,2.48,49.758,0,49.758,1,49.758,0.01,,,,,,,
49.765,299.97,49.765,2.48,49.765,0,49.765,1,49.765,0.01,,,,,,,
49.772,296.6992,49.772,2.48,49.772,0,49.772,1,49.772,0.01,,,,,,,
49.779,296.54,49.779,2.48,49.779,0,49.779,1,49.779,0.01,,,,,,,
49.786,293.22,49.786,2.48,49.786,0,49.786,1,49.786,0.01,,,,,,,
49.793,292.3409,49.793,2.48,49.793,0,49.793,1,49.793,0.01,,,,,,,
49.8,289.99,49.8,2.48,49.8,0,49.8,1,49.8,0.01,,,,,,,
49.807,288.3149,49.807,2.48,49.807,0,49.807,1,49.807,0.01,,,,,,,
49.814,286.87,49.814,2.48,49.814,0,49.814,1,49.814,0.01,,,,,,,
49.821,284.6749,49.821,2.48,49.821,0,49.821,1,49.821,0.01,,,,,,,
49.828,283.85,49.828,2.48,49.828,0,49.828,1,49.828,0.01,,,,,,,
49.835,281.2037,49.835,2.48,49.835,0,49.835,1,49.835,0.01,,,,,,,
49.842,280.91,49.842,2.48,49.842,0,49.842,1,49.842,0.01,,,,,,,
49.849,278.0935,49.849,2.48,49.849,0,49.849,1,49.849,0.01,,,,,,,
49.856,277.8878,49.856,2.48,49.856,0,49.856,1,49.856,0.01,,,,,,,
49.863,275.3,49.863,2.48,49.863,0,49.863,1,49.863,0.01,,,,,,,
49.87,274.8116,49.87,2.48,49.87,0,49.87,1,49.87,0.01,,,,,,,
49.877,272.62,49.877,2.48,49.877,0,49.877,1,49.877,0.01,,,,,,,
49.884,271.5492,49.884,2.48,49.884,0,49.884,1,49.884,0.01,,,,,,,
49.891,270.01,49.891,2.48,49.891,0,49.891,1,49.891,0.01,,,,,,,
49.898,268.3172,49.898,2.48,49.898,0,49.898,1,49.898,0.01,,,,,,,
49.905,267.48,49.905,2.48,49.905,0,49.905,1,49.905,0.01,,,,,,,
49.912,265.264,49.912,2.48,49.912,0,49.912,1,49.912,0.01,,,,,,,
49.919,265.05,49.919,2.48,49.919,0,49.919,1,49.919,0.01,,,,,,,
49.926,262.68,49.926,2.48,49.926,0,49.926,1,49.926,0.01,,,,,,,
49.933,262.4951,49.933,2.48,49.933,0,49.933,1,49.933,0.01,,,,,,,
49.94,260.39,49.94,2.48,49.94,0,49.94,1,49.94,0.01,,,,,,,
49.947,259.8784,49.947,2.48,49.947,0,49.947,1,49.947,0.01,,,,,,,
49.954,258.17,49.954,2.48,49.954,0,49.954,1,49.954,0.01,,,,,,,
49.961,257.3721,49.961,2.48,49.961,0,49.961,1,49.961,0.01,,,,,,,
49.968,256.01,49.968,2.48,49.968,0,49.968,1,49.968,0.01,,,,,,,
49.975,254.6362,49.975,2.48,49.975,0,49.975,1,49.975,0.01,,,,,,,
49.982,253.92,49.982,2.48,49.982,0,49.982,1,49.982,0.01,,,,,,,
49.989,252.2849,49.989,2.48,49.989,0,49.989,1,49.989,0.01,,,,,,,
49.996,251.8732,49.996,2.48,49.996,0,49.996,1,49.996,0.01,,,,,,,
50.003,249.94,50.003,2.48,50.003,0,50.003,1,50.003,0.01,,,,,,,
50.01,249.7182,50.01,2.48,50.01,0,50.01,1,50.01,0.01,,,,,,,
50.017,248.06,50.017,2.48,50.017,0,50.017,1,50.017,0.01,,,,,,,
50.024,247.6613,50.024,2.48,50.024,0,50.024,1,50.024,0.01,,,,,,,
50.031,246.23,50.031,2.48,50.031,0,50.031,1,50.031,0.01,,,,,,,
50.038,245.4988,50.038,2.48,50.038,0,50.038,1,50.038,0.02239306,,,,,,,
50.045,244.48,50.045,2.48,50.045,0,50.045,1,50.045,0.03,,,,,,,
50.052,243.5639,50.052,2.48,50.052,0,50.052,1,50.052,0.03,,,,,,,
50.059,242.78,50.059,2.48,50.059,0,50.059,1,50.059,0.03,,,,,,,
50.066,241.4088,50.066,2.48,50.066,0,50.066,1,50.066,0.03,,,,,,,
50.073,241.0898,50.073,2.48,50.073,0,50.073,1,50.073,0.01,,,,,,,
50.08,239.766,50.08,2.48,50.08,0,50.08,1,50.08,0.01,,,,,,,
50.087,239.4061,50.087,2.48,50.087,0,50.087,1,50.087,0.01,,,,,,,
50.094,238.04,50.094,2.48,50.094,0,50.094,1,50.094,0.01,,,,,,,
50.101,237.6729,50.101,2.48,50.101,0,50.101,1,50.101,0.01,,,,,,,
50.108,236.58,50.108,2.48,50.108,0,50.108,1,50.108,0.01,,,,,,,
50.115,236.0839,50.115,2.48,50.115,0,50.115,1,50.115,0.01,,,,,,,
50.122,235.15,50.122,2.48,50.122,0,50.122,1,50.122,0.01,,,,,,,
50.129,234.3426,50.129,2.48,50.129,0,50.129,1,50.129,0.01,,,,,,,
50.136,233.8,50.136,2.48,50.136,0,50.136,1,50.136,0.01,,,,,,,
50.143,232.8877,50.143,2.48,50.143,0,50.143,1,50.143,0.01,,,,,,,
50.15,232.409,50.15,2.48,50.15,0,50.15,1,50.15,0.01,,,,,,,
50.157,231.3708,50.157,2.48,50.157,0,50.157,1,50.157,0.01,,,,,,,
50.164,231.0674,50.164,2.48,50.164,0,50.164,1,50.164,0.01,,,,,,,
50.171,230,50.171,2.48,50.171,0,50.171,1,50.171,0.01,,,,,,,
50.178,229.7683,50.178,2.48,50.178,0,50.178,1,50.178,0.01,,,,,,,
50.185,228.82,50.185,2.48,50.185,0,50.185,1,50.185,0.01,,,,,,,
50.192,228.3761,50.192,2.48,50.192,0,50.192,1,50.192,0.01,,,,,,,
50.199,227.68,50.199,2.48,50.199,0,50.199,1,50.199,0.01,,,,,,,
50.206,227.1587,50.206,2.48,50.206,0,50.206,1,50.206,0.01,,,,,,,
50.212,226.6,50.212,2.48,50.212,0,50.212,1,50.212,0.01,,,,,,,
50.219,225.8513,50.219,2.48,50.219,0,50.219,1,50.219,0.01,,,,,,,
50.226,225.5141,50.226,2.48,50.226,0,50.226,1,50.226,0.01,,,,,,,
50.233,224.7501,50.233,2.48,50.233,0,50.233,1,50.233,0.01,,,,,,,
50.24,224.3844,50.24,2.48,50.24,0,50.24,1,50.24,0.01,,,,,,,
50.247,223.6131,50.247,2.48,50.247,0,50.247,1,50.247,0.01,,,,,,,
50.254,223.3325,50.254,2.48,50.254,0,50.254,1,50.254,0.01,,,,,,,
50.261,222.61,50.261,2.48,50.261,0,50.261,1,50.261,0.01,,,,,,,
50.268,222.2274,50.268,2.48,50.268,0,50.268,1,50.268,0.01,,,,,,,
50.275,221.7,50.275,2.48,50.275,0,50.275,1,50.275,0.01,,,,,,,
50.282,221.2342,50.282,2.48,50.282,0,50.282,1,50.282,0.01,,,,,,,
50.289,220.81,50.289,2.48,50.289,0,50.289,1,50.289,0.01,,,,,,,
50.296,220.1764,50.296,2.48,50.296,0,50.296,1,50.296,0.01,,,,,,,
50.303,219.97,50.303,2.48,50.303,0,50.303,1,50.303,0.01,,,,,,,
50.31,219.3064,50.31,2.48,50.31,0,50.31,1,50.31,0.01,,,,,,,
50.317,219.0766,50.317,2.48,50.317,0,50.317,1,50.317,0.01,,,,,,,
50.324,218.3882,50.324,2.48,50.324,0,50.324,1,50.324,0.01,,,,,,,
50.331,218.153,50.331,2.48,50.331,0,50.331,1,50.331,0.01,,,,,,,
50.338,217.5944,50.338,2.48,50.338,0,50.338,1,50.338,0.01,,,,,,,
50.345,217.3385,50.345,2.48,50.345,0,50.345,1,50.345,0.01,,,,,,,
50.352,216.82,50.352,2.48,50.352,0,50.352,1,50.352,0.00984971,,,,,,,
50.359,216.4225,50.359,2.48,50.359,0,50.359,1,50.359,0,,,,,,,
50.366,216.1,50.366,2.48,50.366,0,50.366,1,50.366,0,,,,,,,
50.373,215.6308,50.373,2.48,50.373,0,50.373,1,50.373,0.01,,,,,,,
50.38,215.39,50.38,2.48,50.38,0,50.38,1,50.38,0.01,,,,,,,
50.387,214.8422,50.387,2.48,50.387,0,50.387,1,50.387,0.01,,,,,,,
50.394,214.73,50.394,2.48,50.394,0,50.394,1,50.394,0.01,,,,,,,
50.401,214.1533,50.401,2.48,50.401,0,50.401,1,50.401,0.01,,,,,,,
50.408,214.0034,50.408,2.48,50.408,0,50.408,1,50.408,0.01,,,,,,,
50.415,213.4632,50.415,2.48,50.415,0,50.415,1,50.415,0.01,,,,,,,
50.422,213.241,50.422,2.489954,50.422,0,50.422,1,50.422,0.01,,,,,,,
50.429,212.83,50.429,2.49,50.429,0,50.429,1,50.429,0.01,,,,,,,
50.436,212.5606,50.436,2.49,50.436,0,50.436,1,50.436,0.01,,,,,,,
50.443,212.23,50.443,2.49,50.443,0,50.443,1,50.443,0.01,,,,,,,
50.45,211.8294,50.45,2.49,50.45,0,50.45,1,50.45,0.01,,,,,,,
50.457,211.65,50.457,2.49,50.457,0,50.457,1,50.457,0.01,,,,,,,
50.464,211.2155,50.464,2.49,50.464,0,50.464,1,50.464,0.01,,,,,,,
50.471,211.1,50.471,2.49,50.471,0,50.471,1,50.471,0.01,,,,,,,
50.478,210.5918,50.478,2.49,50.478,0,50.478,1,50.478,0.01,,,,,,,
50.485,210.4725,50.485,2.49,50.485,0,50.485,1,50.485,0.01,,,,,,,
50.492,210.0343,50.492,2.49,50.492,0,50.492,1,50.492,0.01,,,,,,,
50.499,209.928,50.499,2.49,50.499,0,50.499,1,50.499,0.01,,,,,,,
50.506,209.53,50.506,2.49,50.506,0,50.506,1,50.506,0.01,,,,,,,
50.513,209.2753,50.513,2.49,50.513,0,50.513,1,50.513,0.01,,,,,,,
50.52,209.04,50.52,2.49,50.52,0,50.52,1,50.52,0.01,,,,,,,
50.527,208.7402,50.527,2.49,50.527,0,50.527,1,50.527,0.01,,,,,,,
50.534,208.57,50.534,2.49,50.534,0,50.534,1,50.534,0.01,,,,,,,
50.541,208.1931,50.541,2.49,50.541,0,50.541,1,50.541,0.01,,,,,,,
50.548,208.11,50.548,2.49,50.548,0,50.548,1,50.548,0.01,,,,,,,
50.555,207.6975,50.555,2.49,50.555,0,50.555,1,50.555,0.01,,,,,,,
50.562,207.66,50.562,2.49,50.562,0,50.562,1,50.562,0.01,,,,,,,
50.569,207.25,50.569,2.49,50.569,0,50.569,1,50.569,0.01,,,,,,,
50.576,207.1532,50.576,2.49,50.576,0,50.576,1,50.576,0.01,,,,,,,
50.583,206.84,50.583,2.49,50.583,0,50.583,1,50.583,0.01,,,,,,,
50.59,206.6305,50.59,2.49,50.59,0,50.59,1,50.59,0.03,,,,,,,
50.597,206.43,50.597,2.49,50.597,0,50.597,1,50.597,0.03,,,,,,,
50.604,206.165,50.604,2.49,50.604,0,50.604,1,50.604,0.0196185,,,,,,,
50.611,206.04,50.611,2.49,50.611,0,50.611,1,50.611,0.01,,,,,,,
50.618,205.7116,50.618,2.49,50.618,0,50.618,1,50.618,0.01,,,,,,,
50.625,205.66,50.625,2.49,50.625,0,50.625,1,50.625,0.03,,,,,,,
50.632,205.3256,50.632,2.49,50.632,0,50.632,1,50.632,0.03,,,,,,,
50.639,205.3046,50.639,2.49,50.639,0,50.639,1,50.639,0.03,,,,,,,
50.646,204.96,50.646,2.49,50.646,0,50.646,1,50.646,0.03,,,,,,,
50.653,204.9135,50.653,2.49,50.653,0,50.653,1,50.653,0.02595376,,,,,,,
50.66,204.62,50.66,2.49,50.66,0,50.66,1,50.66,0.01,,,,,,,
50.667,204.4836,50.667,2.49,50.667,0,50.667,1,50.667,0.01,,,,,,,
50.674,204.3,50.674,2.49,50.674,0,50.674,1,50.674,0.01,,,,,,,
50.681,204.0879,50.681,2.49,50.681,0,50.681,1,50.681,0.01,,,,,,,
50.688,203.97,50.688,2.49,50.688,0,50.688,1,50.688,0.01,,,,,,,
50.695,203.7027,50.695,2.49,50.695,0,50.695,1,50.695,0.01,,,,,,,
50.702,203.66,50.702,2.49,50.702,0,50.702,1,50.702,0.01,,,,,,,
50.709,203.3637,50.709,2.49,50.709,0,50.709,1,50.709,0.01,,,,,,,
50.716,203.3471,50.716,2.49,50.716,0,50.716,1,50.716,0.01,,,,,,,
50.723,203.08,50.723,2.491827,50.723,0,50.723,1,50.723,0.01,,,,,,,
50.73,203.0257,50.73,2.5,50.73,0,50.73,1,50.73,0.01,,,,,,,
50.737,202.78,50.737,2.5,50.737,0,50.737,1,50.737,0.01,,,,,,,
50.744,202.6936,50.744,2.5,50.744,0,50.744,1,50.744,0.01,,,,,,,
50.751,202.51,50.751,2.5,50.751,0,50.751,1,50.751,0.01,,,,,,,
50.758,202.3566,50.758,2.5,50.758,0,50.758,1,50.758,0.01,,,,,,,
50.765,202.25,50.765,2.5,50.765,0,50.765,1,50.765,0.01,,,,,,,
50.772,202.0574,50.772,2.5,50.772,0,50.772,1,50.772,0.01,,,,,,,
50.779,202,50.779,2.509562,50.779,0,50.779,1,50.779,0.01,,,,,,,
50.786,201.73,50.786,2.51,50.786,0,50.786,1,50.786,0.01,,,,,,,
50.793,201.7088,50.793,2.51,50.793,0,50.793,1,50.793,0.01,,,,,,,
50.8,201.49,50.8,2.51,50.8,0,50.8,1,50.8,0.01,,,,,,,
50.807,201.4432,50.807,2.51,50.807,0,50.807,1,50.807,0.01,,,,,,,
50.814,201.23,50.814,2.51,50.814,0,50.814,1,50.814,0.01,,,,,,,
50.821,201.1421,50.821,2.52,50.821,0,50.821,1,50.821,0.01,,,,,,,
50.828,201,50.828,2.52,50.828,0,50.828,1,50.828,0.01,,,,,,,
50.835,200.8788,50.835,2.52,50.835,0,50.835,1,50.835,0.01,,,,,,,
50.842,200.76,50.842,2.528462,50.842,0,50.842,1,50.842,0.01,,,,,,,
50.849,200.5797,50.849,2.53,50.849,0,50.849,1,50.849,0.01,,,,,,,
50.856,200.5283,50.856,2.530243,50.856,0,50.856,1,50.856,0.01,,,,,,,
50.863,200.3,50.863,2.54,50.863,0,50.863,1,50.863,0.01,,,,,,,
50.87,200.2837,50.87,2.54,50.87,0,50.87,1,50.87,0.01,,,,,,,
50.877,200.09,50.877,2.54,50.877,0,50.877,1,50.877,0.01,,,,,,,
50.884,200.0472,50.884,2.55,50.884,0,50.884,1,50.884,0.01,,,,,,,
50.891,199.89,50.891,2.55,50.891,0,50.891,1,50.891,0.01,,,,,,,
50.898,199.8283,50.898,2.55,50.898,0,50.898,1,50.898,0.01,,,,,,,
50.905,199.69,50.905,2.55716,50.905,0,50.905,1,50.905,0.01,,,,,,,
50.912,199.5743,50.912,2.56,50.912,0,50.912,1,50.912,0.01,,,,,,,
50.919,199.48,50.919,2.569145,50.919,0,50.919,1,50.919,0.01,,,,,,,
50.926,199.3498,50.926,2.58,50.926,0,50.926,1,50.926,0.01,,,,,,,
50.933,199.2828,50.933,2.581201,50.933,0,50.933,1,50.933,0.01,,,,,,,
50.94,199.1336,50.94,2.59,50.94,0,50.94,1,50.94,0.01,,,,,,,
50.947,199.092,50.947,2.593006,50.947,0,50.947,1,50.947,0.01,,,,,,,
50.954,198.94,50.954,2.6,50.954,0,50.954,1,50.954,0.0181706,,,,,,,
50.961,198.8941,50.961,2.61,50.961,0,50.961,1,50.961,0.03,,,,,,,
50.968,198.77,50.968,2.61,50.968,0,50.968,1,50.968,0.03,,,,,,,
50.975,198.7073,50.975,2.62,50.975,0,50.975,1,50.975,0.01,,,,,,,
50.982,198.61,50.982,2.636139,50.982,0,50.982,1,50.982,0.01,,,,,,,
50.989,198.5116,50.989,2.648948,50.989,0,50.989,1,50.989,0.01,,,,,,,
50.996,198.45,50.996,2.65,50.996,0,50.996,1,50.996,0.01,,,,,,,
51.003,198.3463,51.003,2.67,51.003,0,51.003,1,51.003,0.01,,,,,,,
51.01,198.2963,51.01,2.671863,51.01,0,51.01,1,51.01,0.01,,,,,,,
51.017,198.1744,51.017,2.68,51.017,0,51.017,1,51.017,0.01,,,,,,,
51.024,198.1414,51.024,2.7,51.024,0,51.024,1,51.024,0.01,,,,,,,
51.031,198.0357,51.031,2.7,51.031,0,51.031,1,51.031,0.01,,,,,,,
51.038,197.9969,51.038,2.72,51.038,0,51.038,1,51.038,0.01,,,,,,,
51.045,197.9,51.045,2.72,51.045,0,51.045,1,51.045,0.01,,,,,,,
51.052,197.8542,51.052,2.755269,51.052,0,51.052,1,51.052,0.01,,,,,,,
51.059,197.78,51.059,2.76,51.059,0,51.059,1,51.059,0.01,,,,,,,
51.066,197.7125,51.066,2.788925,51.066,0,51.066,1,51.066,0.01,,,,,,,
51.073,197.66,51.073,2.791085,51.073,0,51.073,1,51.073,0.01,,,,,,,
51.08,197.5833,51.08,2.81,51.08,0,51.08,1,51.08,0.01,,,,,,,
51.087,197.55,51.087,2.817838,51.087,0,51.087,1,51.087,0.01,,,,,,,
51.094,197.4525,51.094,2.84,51.094,0,51.094,1,51.094,0.01,,,,,,,
51.101,197.4154,51.101,2.87,51.101,0,51.101,1,51.101,0.01,,,,,,,
51.108,197.3188,51.108,2.87,51.108,0,51.108,1,51.108,0.01,,,,,,,
51.115,197.2906,51.115,2.919422,51.115,0,51.115,1,51.115,0.01,,,,,,,
51.122,197.2151,51.122,2.93,51.122,0,51.122,1,51.122,0.01,,,,,,,
51.128,197.1843,51.128,2.955665,51.128,0,51.128,1,51.128,0.01,,,,,,,
51.135,197.11,51.135,2.96,51.135,0,51.135,1,51.135,0.01,,,,,,,
51.142,197.0583,51.142,3,51.142,0,51.142,1,51.142,0.01,,,,,,,
51.149,197.01,51.149,3.003676,51.149,0,51.149,1,51.149,0.01,,,,,,,
51.156,196.9383,51.156,3.03,51.156,0,51.156,1,51.156,0.01,,,,,,,
51.163,196.9,51.163,3.043225,51.163,0,51.163,1,51.163,0.01,,,,,,,
51.17,196.8174,51.17,3.07,51.17,0,51.17,1,51.17,0.01,,,,,,,
51.177,196.8,51.177,3.11,51.177,0,51.177,1,51.177,0.01,,,,,,,
51.184,196.7049,51.184,3.15,51.184,0,51.184,1,51.184,0.01,,,,,,,
51.191,196.6828,51.191,3.185838,51.191,0,51.191,1,51.191,0.01,,,,,,,
51.198,196.5938,51.198,3.2,51.198,0,51.198,1,51.198,0.01,,,,,,,
51.205,196.5623,51.205,3.246243,51.205,0,51.205,1,51.205,0.01,,,,,,,
51.212,196.49,51.212,3.250509,51.212,0,51.212,1,51.212,0.01,,,,,,,
51.219,196.4528,51.219,3.29,51.219,0,51.219,1,51.219,0.01,,,,,,,
51.226,196.39,51.226,3.300774,51.226,0,51.226,1,51.226,0.01,,,,,,,
51.233,196.3245,51.233,3.34,51.233,0,51.233,1,51.233,0.01,,,,,,,
51.24,196.29,51.24,3.4,51.24,0,51.24,1,51.24,0.01,,,,,,,
51.247,196.2098,51.247,3.45,51.247,0,51.247,1,51.247,0.01,,,,,,,
51.254,196.18,51.254,3.486485,51.254,0,51.254,1,51.254,0.01,,,,,,,
51.261,196.0922,51.261,3.51,51.261,0,51.261,1,51.261,0.01,,,,,,,
51.268,196.0641,51.268,3.557542,51.268,0,51.268,1,51.268,0.01,,,,,,,
51.275,195.9828,51.275,3.57,51.275,0,51.275,1,51.275,0.01,,,,,,,
51.282,195.9403,51.282,3.63,51.282,0,51.282,1,51.282,0.01,,,,,,,
51.289,195.87,51.289,3.634994,51.289,0,51.289,1,51.289,0.01,,,,,,,
51.296,195.8263,51.296,3.69,51.296,0,51.296,1,51.296,0.01,,,,,,,
51.303,195.77,51.303,3.710312,51.303,0,51.303,1,51.303,0.01,,,,,,,
51.31,195.7048,51.31,3.82,51.31,0,51.31,1,51.31,0.01,,,,,,,
51.317,195.68,51.317,3.82,51.317,0,51.317,1,51.317,0.01,,,,,,,
51.324,195.5915,51.324,3.89,51.324,0,51.324,1,51.324,0.01,,,,,,,
51.331,195.57,51.331,3.944104,51.331,0,51.331,1,51.331,0.01,,,,,,,
51.338,195.487,51.338,3.97,51.338,0,51.338,1,51.338,0.01,,,,,,,
51.345,195.48,51.345,4.030112,51.345,0,51.345,1,51.345,0.01,,,,,,,
51.352,195.3811,51.352,4.04,51.352,0,51.352,1,51.352,0.01,,,,,,,
51.359,195.3655,51.359,4.12,51.359,0,51.359,1,51.359,0.01,,,,,,,
51.366,195.29,51.366,4.130601,51.366,0,51.366,1,51.366,0.01,,,,,,,
51.373,195.2469,51.373,4.27,51.373,0,51.373,1,51.373,0.01,,,,,,,
51.38,195.2,51.38,4.27,51.38,0,51.38,1,51.38,0.01,,,,,,,
51.387,195.143,51.387,4.36,51.387,0,51.387,1,51.387,0.01,,,,,,,
51.394,195.11,51.394,4.404085,51.394,0,51.394,1,51.394,0.01,,,,,,,
51.401,195.0372,51.401,4.44,51.401,0,51.401,1,51.401,0.01,,,,,,,
51.408,195.02,51.408,4.507214,51.408,0,51.408,1,51.408,0.01,,,,,,,
51.415,194.9464,51.415,4.53,51.415,0,51.415,1,51.415,0.01,,,,,,,
51.422,194.94,51.422,4.615838,51.422,0,51.422,1,51.422,0.01,,,,,,,
51.429,194.86,51.429,4.623954,51.429,0,51.429,1,51.429,0.01,,,,,,,
51.436,194.8534,51.436,4.721861,51.436,0,51.436,1,51.436,0.01,,,,,,,
51.443,194.78,51.443,4.8,51.443,0,51.443,1,51.443,0.01,,,,,,,
51.45,194.753,51.45,4.89,51.45,0,51.45,1,51.45,0.01,,,,,,,
51.457,194.71,51.457,4.89,51.457,0,51.457,1,51.457,0.01,,,,,,,
51.464,194.6687,51.464,4.98,51.464,0,51.464,1,51.464,0.01,,,,,,,
51.471,194.64,51.471,5.041841,51.471,0,51.471,1,51.471,0.01,,,,,,,
51.478,194.5909,51.478,5.08,51.478,0,51.478,1,51.478,0.01,,,,,,,
51.485,194.58,51.485,5.161503,51.485,0,51.485,1,51.485,0.01,,,,,,,
51.492,194.5219,51.492,5.18,51.492,0,51.492,1,51.492,0.01,,,,,,,
51.499,194.5193,51.499,5.282242,51.499,0,51.499,1,51.499,0.01,,,,,,,
51.506,194.46,51.506,5.38,51.506,0,51.506,1,51.506,0.01,,,,,,,
51.513,194.452,51.513,5.48,51.513,0,51.513,1,51.513,0.01,,,,,,,
51.52,194.4,51.52,5.48,51.52,0,51.52,1,51.52,0.01,,,,,,,
51.527,194.3877,51.527,5.58,51.527,0,51.527,1,51.527,0.01,,,,,,,
51.534,194.35,51.534,5.58,51.534,0,51.534,1,51.534,0.01,,,,,,,
51.541,194.328,51.541,5.68,51.541,0,51.541,1,51.541,0.01,,,,,,,
51.548,194.31,51.548,5.75761,51.548,0,51.548,1,51.548,0.01,,,,,,,
51.555,194.2841,51.555,5.79,51.555,0,51.555,1,51.555,0.01,,,,,,,
51.562,194.27,51.562,5.878777,51.562,0,51.562,1,51.562,0.01,,,,,,,
51.569,194.22,51.569,6,51.569,0,51.569,1,51.569,0.01006726,,,,,,,
51.576,194.2182,51.576,6.009249,51.576,0,51.576,1,51.576,0.03,,,,,,,
51.583,194.18,51.583,6.1,51.583,0,51.583,1,51.583,0.03,,,,,,,
51.59,194.1742,51.59,6.21,51.59,0,51.59,1,51.59,0.03,,,,,,,
51.597,194.14,51.597,6.21,51.597,0,51.597,1,51.597,0.03,,,,,,,
51.604,194.1304,51.604,6.31,51.604,0,51.604,1,51.604,0.02042774,,,,,,,
51.611,194.11,51.611,6.373827,51.611,0,51.611,1,51.611,0.01,,,,,,,
51.618,194.0963,51.618,6.42,51.618,0,51.618,1,51.618,0.01,,,,,,,
51.625,194.08,51.625,6.497572,51.625,0,51.625,1,51.625,0.01,,,,,,,
51.632,194.0614,51.632,6.63,51.632,0,51.632,1,51.632,0.01,,,,,,,
51.639,194.05,51.639,6.63,51.639,0,51.639,1,51.639,0.01,,,,,,,
51.646,194.03,51.646,6.73,51.646,0,51.646,1,51.646,0.01,,,,,,,
51.653,194.0284,51.653,6.84,51.653,0,51.653,1,51.653,0.01,,,,,,,
51.66,194.01,51.66,6.84,51.66,0,51.66,1,51.66,0.01,,,,,,,
51.667,194.0064,51.667,6.94,51.667,0,51.667,1,51.667,0.01,,,,,,,
51.674,194,51.674,6.94,51.674,0,51.674,1,51.674,0.01,,,,,,,
51.681,193.9945,51.681,7.04,51.681,0,51.681,1,51.681,0.01,,,,,,,
51.688,193.98,51.688,7.104646,51.688,0,51.688,1,51.688,0.01,,,,,,,
51.695,193.9876,51.695,7.215607,51.695,0,51.695,1,51.695,0.01,,,,,,,
51.702,193.99,51.702,7.24,51.702,0,51.702,1,51.702,0.01,,,,,,,
51.709,193.9993,51.709,7.34,51.709,0,51.709,1,51.709,0.01,,,,,,,
51.716,194,51.716,7.344545,51.716,0,51.716,1,51.716,0.01,,,,,,,
51.723,194,51.723,7.43,51.723,0,51.723,1,51.723,0.01,,,,,,,
51.73,194.0023,51.73,7.52,51.73,0,51.73,1,51.73,0.01,,,,,,,
51.737,194.02,51.737,7.52,51.737,0,51.737,1,51.737,0.01,,,,,,,
51.744,194.0244,51.744,7.62,51.744,0,51.744,1,51.744,0.01,,,,,,,
51.751,194.03,51.751,7.62,51.751,0,51.751,1,51.751,0.01,,,,,,,
51.758,194.0363,51.758,7.760191,51.758,0,51.758,1,51.758,0.01,,,,,,,
51.765,194.05,51.765,7.79,51.765,0,51.765,1,51.765,0.01,,,,,,,
51.772,194.0665,51.772,7.88,51.772,0,51.772,1,51.772,0.01,,,,,,,
51.779,194.08,51.779,7.88,51.779,0,51.779,1,51.779,0.01,,,,,,,
51.786,194.11,51.786,7.96,51.786,0,51.786,1,51.786,0.01,,,,,,,
51.793,194.13,51.793,7.969507,51.793,0,51.793,1,51.793,0.01,,,,,,,
51.8,194.1721,51.8,8.04,51.8,0,51.8,1,51.8,0.01,,,,,,,
51.807,194.186,51.807,8.12,51.807,0,51.807,1,51.807,0.01,,,,,,,
51.814,194.2341,51.814,8.12,51.814,0,51.814,1,51.814,0.01,,,,,,,
51.821,194.2451,51.821,8.230601,51.821,0,51.821,1,51.821,0.01,,,,,,,
51.828,194.29,51.828,8.27,51.828,0,51.828,1,51.828,0.01,,,,,,,
51.835,194.3178,51.835,8.311684,51.835,0,51.835,1,51.835,0.01,,,,,,,
51.842,194.37,51.842,8.33,51.842,0,51.842,1,51.842,0.01,,,,,,,
51.849,194.4057,51.849,8.4,51.849,0,51.849,1,51.849,0.01,,,,,,,
51.856,194.45,51.856,8.4,51.856,0,51.856,1,51.856,0.01,,,,,,,
51.863,194.513,51.863,8.47,51.863,0,51.863,1,51.863,0.01,,,,,,,
51.87,194.54,51.87,8.53,51.87,0,51.87,1,51.87,0.01,,,,,,,
51.877,194.6184,51.877,8.53,51.877,0,51.877,1,51.877,0.01,,,,,,,
51.884,194.6439,51.884,8.603273,51.884,0,51.884,1,51.884,0.01,,,,,,,
51.891,194.7446,51.891,8.64,51.891,0,51.891,1,51.891,0.01,,,,,,,
51.898,194.7831,51.898,8.668844,51.898,0,51.898,1,51.898,0.01,,,,,,,
51.905,194.8635,51.905,8.69,51.905,0,51.905,1,51.905,0.01,,,,,,,
51.912,194.8935,51.912,8.729248,51.912,0,51.912,1,51.912,0.01,,,,,,,
51.919,194.97,51.919,8.74,51.919,0,51.919,1,51.919,0.01,,,,,,,
51.926,195.0278,51.926,8.79,51.926,0,51.926,1,51.926,0.01,,,,,,,
51.933,195.1,51.933,8.792081,51.933,0,51.933,1,51.933,0.01,,,,,,,
51.94,195.1816,51.94,8.83,51.94,0,51.94,1,51.94,0.01,,,,,,,
51.947,195.24,51.947,8.87,51.947,0,51.947,1,51.947,0.01,,,,,,,
51.954,195.3374,51.954,8.91,51.954,0,51.954,1,51.954,0.01,,,,,,,
51.961,195.3791,51.961,8.923636,51.961,0,51.961,1,51.961,0.01,,,,,,,
51.968,195.4979,51.968,8.94,51.968,0,51.968,1,51.968,0.01,,,,,,,
51.975,195.5523,51.975,8.959365,51.975,0,51.975,1,51.975,0.01,,,,,,,
51.982,195.6623,51.982,8.97,51.982,0,51.982,1,51.982,0.01,,,,,,,
51.989,195.7127,51.989,9,51.989,0,51.989,1,51.989,0.01,,,,,,,
51.996,195.82,51.996,9,51.996,0,51.996,1,51.996,0.01,,,,,,,
52.003,195.8825,52.003,9.02,52.003,0,52.003,1,52.003,0.01,,,,,,,
52.01,195.96,52.01,9.022941,52.01,0,52.01,1,52.01,0.01,,,,,,,
52.017,196.0468,52.017,9.06,52.017,0,52.017,1,52.017,0.01,,,,,,,
52.024,196.1,52.024,9.06,52.024,0,52.024,1,52.024,0.01,,,,,,,
52.031,196.2318,52.031,9.08,52.031,0,52.031,1,52.031,0.01,,,,,,,
52.037,196.26,52.037,9.085376,52.037,0,52.037,1,52.037,0.01,,,,,,,
52.044,196.3813,52.044,9.09,52.044,0,52.044,1,52.044,0.01,,,,,,,
52.051,196.4145,52.051,9.097239,52.051,0,52.051,1,52.051,0.01,,,,,,,
52.058,196.5134,52.058,9.1,52.058,0,52.058,1,52.058,0.01,,,,,,,
52.065,196.5661,52.065,9.11,52.065,0,52.065,1,52.065,0.01,,,,,,,
52.072,196.67,52.072,9.11,52.072,0,52.072,1,52.072,0.01,,,,,,,
52.079,196.7192,52.079,9.11,52.079,0,52.079,1,52.079,0.01,,,,,,,
52.086,196.8,52.086,9.11,52.086,0,52.086,1,52.086,0.01,,,,,,,
52.093,196.8885,52.093,9.11,52.093,0,52.093,1,52.093,0.01,,,,,,,
52.1,196.93,52.1,9.11,52.1,0,52.1,1,52.1,0.01,,,,,,,
52.107,196.9951,52.107,9.11,52.107,0,52.107,1,52.107,0.03,,,,,,,
52.114,197.02,52.114,9.103942,52.114,0,52.114,1,52.114,0.03,,,,,,,
52.121,197.1278,52.121,9.1,52.121,0,52.121,1,52.121,0.03,,,,,,,
52.128,197.14,52.128,9.1,52.128,0,52.128,1,52.128,0.03,,,,,,,
52.135,197.2271,52.135,9.1,52.135,0,52.135,1,52.135,0.03,,,,,,,
52.142,197.2498,52.142,9.070081,52.142,0,52.142,1,52.142,0.03,,,,,,,
52.149,197.31,52.149,9.07,52.149,0,52.149,1,52.149,0.03,,,,,,,
52.156,197.3398,52.156,9.06,52.156,0,52.156,1,52.156,0.01,,,,,,,
52.163,197.39,52.163,9.06,52.163,0,52.163,1,52.163,0.01,,,,,,,
52.17,197.4351,52.17,9.04,52.17,0,52.17,1,52.17,0.01,,,,,,,
52.177,197.46,52.177,9.030336,52.177,0,52.177,1,52.177,0.01,,,,,,,
52.184,197.5017,52.184,9.02,52.184,0,52.184,1,52.184,0.01,,,,,,,
52.191,197.51,52.191,9.006497,52.191,0,52.191,1,52.191,0.01,,,,,,,
52.198,197.5631,52.198,9,52.198,0,52.198,1,52.198,0.01,,,,,,,
52.205,197.57,52.205,8.98,52.205,0,52.205,1,52.205,0.01,,,,,,,
52.212,197.6395,52.212,8.95,52.212,0,52.212,1,52.212,0.01,,,,,,,
52.219,197.6419,52.219,8.93,52.219,0,52.219,1,52.219,0.01,,,,,,,
52.226,197.69,52.226,8.93,52.226,0,52.226,1,52.226,0.01,,,,,,,
52.233,197.6978,52.233,8.9,52.233,0,52.233,1,52.233,0.01,,,,,,,
52.24,197.73,52.24,8.889248,52.24,0,52.24,1,52.24,0.01,,,,,,,
52.247,197.7489,52.247,8.87,52.247,0,52.247,1,52.247,0.01,,,,,,,
52.254,197.77,52.254,8.853501,52.254,0,52.254,1,52.254,0.01,,,,,,,
52.261,197.8097,52.261,8.84,52.261,0,52.261,1,52.261,0.01,,,,,,,
52.268,197.82,52.268,8.817665,52.268,0,52.268,1,52.268,0.01,,,,,,,
52.275,197.8484,52.275,8.77,52.275,0,52.275,1,52.275,0.01,,,,,,,
52.282,197.85,52.282,8.77,52.282,0,52.282,1,52.282,0.01,,,,,,,
52.289,197.87,52.289,8.74,52.289,0,52.289,1,52.289,0.01,,,,,,,
52.296,197.8713,52.296,8.7,52.296,0,52.296,1,52.296,0.01,,,,,,,
52.303,197.89,52.303,8.7,52.303,0,52.303,1,52.303,0.01,,,,,,,
52.31,197.9034,52.31,8.67,52.31,0,52.31,1,52.31,0.01,,,,,,,
52.317,197.92,52.317,8.65289,52.317,0,52.317,1,52.317,0.01,,,,,,,
52.324,197.9353,52.324,8.63,52.324,0,52.324,1,52.324,0.01,,,,,,,
52.331,197.94,52.331,8.604567,52.331,0,52.331,1,52.331,0.01,,,,,,,
52.338,197.9645,52.338,8.55,52.338,0,52.338,1,52.338,0.01,,,,,,,
52.345,197.97,52.345,8.55,52.345,0,52.345,1,52.345,0.01,,,,,,,
52.352,197.9887,52.352,8.52,52.352,0,52.352,1,52.352,0.01,,,,,,,
52.359,197.9904,52.359,8.48,52.359,0,52.359,1,52.359,0.01,,,,,,,
52.366,198.01,52.366,8.48,52.366,0,52.366,1,52.366,0.01,,,,,,,
52.373,198.0145,52.373,8.44,52.373,0,52.373,1,52.373,0.01,,,,,,,
52.38,198.04,52.38,8.427251,52.38,0,52.38,1,52.38,0.01,,,,,,,
52.387,198.0522,52.387,8.4,52.387,0,52.387,1,52.387,0.01,,,,,,,
52.394,198.08,52.394,8.379528,52.394,0,52.394,1,52.394,0.01,,,,,,,
52.401,198.0962,52.401,8.32,52.401,0,52.401,1,52.401,0.01,,,,,,,
52.408,198.1,52.408,8.32,52.408,0,52.408,1,52.408,0.01,,,,,,,
52.415,198.1179,52.415,8.28,52.415,0,52.415,1,52.415,0.01,,,,,,,
52.422,198.12,52.422,8.28,52.422,0,52.422,1,52.422,0.01,,,,,,,
52.429,198.15,52.429,8.24,52.429,0,52.429,1,52.429,0.01,,,,,,,
52.436,198.15,52.436,8.21,52.436,0,52.436,1,52.436,0.01,,,,,,,
52.443,198.17,52.443,8.21,52.443,0,52.443,1,52.443,0.01,,,,,,,
52.45,198.1729,52.45,8.17,52.45,0,52.45,1,52.45,0.01,,,,,,,
52.457,198.18,52.457,8.154509,52.457,0,52.457,1,52.457,0.01,,,,,,,
52.464,198.1895,52.464,8.110902,52.464,0,52.464,1,52.464,0.01,,,,,,,
52.471,198.2,52.471,8.09,52.471,0,52.471,1,52.471,0.01,,,,,,,
52.478,198.2137,52.478,8.06,52.478,0,52.478,1,52.478,0.01,,,,,,,
52.485,198.23,52.485,8.06,52.485,0,52.485,1,52.485,0.01,,,,,,,
52.492,198.2387,52.492,8.02,52.492,0,52.492,1,52.492,0.01,,,,,,,
52.499,198.24,52.499,7.98074,52.499,0,52.499,1,52.499,0.01,,,,,,,
52.506,198.26,52.506,7.98,52.506,0,52.506,1,52.506,0.03,,,,,,,
52.513,198.2616,52.513,7.95,52.513,0,52.513,1,52.513,0.03,,,,,,,
52.52,198.27,52.52,7.95,52.52,0,52.52,1,52.52,0.03,,,,,,,
52.527,198.2737,52.527,7.898971,52.527,0,52.527,1,52.527,0.03,,,,,,,
52.534,198.29,52.534,7.88,52.534,0,52.534,1,52.534,0.03,,,,,,,
52.541,198.2956,52.541,7.857624,52.541,0,52.541,1,52.541,0.01,,,,,,,
52.548,198.31,52.548,7.84,52.548,0,52.548,1,52.548,0.01,,,,,,,
52.555,198.3251,52.555,7.81,52.555,0,52.555,1,52.555,0.01,,,,,,,
52.562,198.34,52.562,7.81,52.562,0,52.562,1,52.562,0.01,,,,,,,
52.569,198.3493,52.569,7.78,52.569,0,52.569,1,52.569,0.01,,,,,,,
52.576,198.3505,52.576,7.74,52.576,0,52.576,1,52.576,0.01,,,,,,,
52.583,198.37,52.583,7.74,52.583,0,52.583,1,52.583,0.01,,,,,,,
52.59,198.37,52.59,7.703133,52.59,0,52.59,1,52.59,0.01,,,,,,,
52.597,198.38,52.597,7.68,52.597,0,52.597,1,52.597,0.01,,,,,,,
52.604,198.3844,52.604,7.666855,52.604,0,52.604,1,52.604,0.01,,,,,,,
52.611,198.4,52.611,7.65,52.611,0,52.611,1,52.611,0.01,,,,,,,
52.618,198.4063,52.618,7.61,52.618,0,52.618,1,52.618,0.01,,,,,,,
52.625,198.41,52.625,7.61,52.625,0,52.625,1,52.625,0.01,,,,,,,
52.632,198.4182,52.632,7.58,52.632,0,52.632,1,52.632,0.01,,,,,,,
52.639,198.43,52.639,7.58,52.639,0,52.639,1,52.639,0.01,,,,,,,
52.646,198.4303,52.646,7.55,52.646,0,52.646,1,52.646,0.01,,,,,,,
52.653,198.44,52.653,7.52,52.653,0,52.653,1,52.653,0.01,,,,,,,
52.66,198.4521,52.66,7.49,52.66,0,52.66,1,52.66,0.01,,,,,,,
52.667,198.46,52.667,7.480438,52.667,0,52.667,1,52.667,0.01,,,,,,,
52.674,198.4642,52.674,7.46,52.674,0,52.674,1,52.674,0.01,,,,,,,
52.681,198.47,52.681,7.439746,52.681,0,52.681,1,52.681,0.01,,,,,,,
52.688,198.47,52.688,7.42,52.688,0,52.688,1,52.688,0.01,,,,,,,
52.695,198.4771,52.695,7.39,52.695,0,52.695,1,52.695,0.01,,,,,,,
52.702,198.5,52.702,7.39,52.702,0,52.702,1,52.702,0.01,,,,,,,
52.709,198.5179,52.709,7.36,52.709,0,52.709,1,52.709,0.01,,,,,,,
52.716,198.53,52.716,7.330572,52.716,0,52.716,1,52.716,0.01,,,,,,,
52.723,198.541,52.723,7.3,52.723,0,52.723,1,52.723,0.01,,,,,,,
52.73,198.55,52.73,7.294312,52.73,0,52.73,1,52.73,0.01,,,,,,,
52.737,198.5728,52.737,7.27,52.737,0,52.737,1,52.737,0.01,,,,,,,
52.744,198.58,52.744,7.258451,52.744,0,52.744,1,52.744,0.01,,,,,,,
52.751,198.5949,52.751,7.24,52.751,0,52.751,1,52.751,0.01,,,,,,,
52.758,198.6058,52.758,7.21,52.758,0,52.758,1,52.758,0.01,,,,,,,
52.765,198.6167,52.765,7.21,52.765,0,52.765,1,52.765,0.01,,,,,,,
52.772,198.62,52.772,7.18,52.772,0,52.772,1,52.772,0.01,,,,,,,
52.779,198.64,52.779,7.18,52.779,0,52.779,1,52.779,0.01,,,,,,,
52.786,198.6496,52.786,7.121143,52.786,0,52.786,1,52.786,0.01,,,,,,,
52.793,198.66,52.793,7.12,52.793,0,52.793,1,52.793,0.01,,,,,,,
52.8,198.6617,52.8,7.09,52.8,0,52.8,1,52.8,0.01,,,,,,,
52.807,198.67,52.807,7.082266,52.807,0,52.807,1,52.807,0.01,,,,,,,
52.814,198.68,52.814,7.06,52.814,0,52.814,1,52.814,0.01,,,,,,,
52.821,198.68,52.821,7.045989,52.821,0,52.821,1,52.821,0.01,,,,,,,
52.828,198.6856,52.828,7.03,52.828,0,52.828,1,52.828,0.01,,,,,,,
52.835,198.69,52.835,7,52.835,0,52.835,1,52.835,0.01,,,,,,,
52.842,198.7,52.842,7,52.842,0,52.842,1,52.842,0.01,,,,,,,
52.849,198.7085,52.849,6.944405,52.849,0,52.849,1,52.849,0.01,,,,,,,
52.856,198.7194,52.856,6.94,52.856,0,52.856,1,52.856,0.0288565,,,,,,,
52.863,198.7206,52.863,6.91,52.863,0,52.863,1,52.863,0.03,,,,,,,
52.87,198.73,52.87,6.905628,52.87,0,52.87,1,52.87,0.03,,,,,,,
52.877,198.73,52.877,6.88,52.877,0,52.877,1,52.877,0.03,,,,,,,
52.884,198.73,52.884,6.870185,52.884,0,52.884,1,52.884,0.03,,,,,,,
52.891,198.73,52.891,6.85,52.891,0,52.891,1,52.891,0.03,,,,,,,
52.898,198.73,52.898,6.833926,52.898,0,52.898,1,52.898,0.03,,,,,,,
52.905,198.7238,52.905,6.82,52.905,0,52.905,1,52.905,0.01751445,,,,,,,
52.912,198.72,52.912,6.79,52.912,0,52.912,1,52.912,0.01,,,,,,,
52.919,198.7017,52.919,6.76,52.919,0,52.919,1,52.919,0.01,,,,,,,
52.926,198.7,52.926,6.732358,52.926,0,52.926,1,52.926,0.01,,,,,,,
52.933,198.69,52.933,6.73,52.933,0,52.933,1,52.933,0.01,,,,,,,
52.94,198.6887,52.94,6.7,52.94,0,52.94,1,52.94,0.01,,,,,,,
52.947,198.68,52.947,6.69563,52.947,0,52.947,1,52.947,0.01,,,,,,,
52.953,198.6669,52.953,6.68,52.953,0,52.953,1,52.953,0.01,,,,,,,
52.96,198.66,52.96,6.667542,52.96,0,52.96,1,52.96,0.01,,,,,,,
52.967,198.6448,52.967,6.65,52.967,0,52.967,1,52.967,0.01,,,,,,,
52.974,198.64,52.974,6.631861,52.974,0,52.974,1,52.974,0.01,,,,,,,
52.981,198.623,52.981,6.59,52.981,0,52.981,1,52.981,0.01,,,,,,,
52.988,198.62,52.988,6.565612,52.988,0,52.988,1,52.988,0.01,,,,,,,
52.995,198.581,52.995,6.56,52.995,0,52.995,1,52.995,0.01,,,,,,,
53.002,198.58,53.002,6.53027,53.002,0,53.002,1,53.002,0.01,,,,,,,
53.009,198.56,53.009,6.53,53.009,0,53.009,1,53.009,0.01,,,,,,,
53.016,198.5542,53.016,6.5,53.016,0,53.016,1,53.016,0.01,,,,,,,
53.023,198.53,53.023,6.491364,53.023,0,53.023,1,53.023,0.01,,,,,,,
53.03,198.5162,53.03,6.47,53.03,0,53.03,1,53.03,0.01,,,,,,,
53.037,198.51,53.037,6.455555,53.037,0,53.037,1,53.037,0.01,,,,,,,
53.044,198.4883,53.044,6.41,53.044,0,53.044,1,53.044,0.01,,,,,,,
53.051,198.48,53.051,6.41,53.051,0,53.051,1,53.051,0.01,,,,,,,
53.058,198.4546,53.058,6.39,53.058,0,53.058,1,53.058,0.01,,,,,,,
53.065,198.45,53.065,6.363538,53.065,0,53.065,1,53.065,0.01,,,,,,,
53.072,198.4206,53.072,6.36,53.072,0,53.072,1,53.072,0.01,,,,,,,
53.079,198.4188,53.079,6.33,53.079,0,53.079,1,53.079,0.01,,,,,,,
53.086,198.39,53.086,6.324781,53.086,0,53.086,1,53.086,0.01,,,,,,,
53.093,198.3873,53.093,6.3,53.093,0,53.093,1,53.093,0.01,,,,,,,
53.1,198.37,53.1,6.289318,53.1,0,53.1,1,53.1,0.01,,,,,,,
53.107,198.3554,53.107,6.24,53.107,0,53.107,1,53.107,0.01,,,,,,,
53.114,198.34,53.114,6.24,53.114,0,53.114,1,53.114,0.01,,,,,,,
53.121,198.3335,53.121,6.21,53.121,0,53.121,1,53.121,0.01,,,,,,,
53.128,198.33,53.128,6.194983,53.128,0,53.128,1,53.128,0.01,,,,,,,
53.135,198.3027,53.135,6.19,53.135,0,53.135,1,53.135,0.01,,,,,,,
53.142,198.3,53.142,6.161457,53.142,0,53.142,1,53.142,0.01,,,,,,,
53.149,198.27,53.149,6.16,53.149,0,53.149,1,53.149,0.01,,,,,,,
53.156,198.2669,53.156,6.13,53.156,0,53.156,1,53.156,0.01,,,,,,,
53.163,198.24,53.163,6.122543,53.163,0,53.163,1,53.163,0.01,,,,,,,
53.17,198.2333,53.17,6.089908,53.17,0,53.17,1,53.17,0.01,,,,,,,
53.177,198.21,53.177,6.07,53.177,0,53.177,1,53.177,0.01,,,,,,,
53.184,198.1994,53.184,6.05,53.184,0,53.184,1,53.184,0.01,,,,,,,
53.191,198.18,53.191,6.05,53.191,0,53.191,1,53.191,0.01,,,,,,,
53.198,198.1628,53.198,6.02,53.198,0,53.198,1,53.198,0.01,,,,,,,
53.205,198.15,53.205,5.995454,53.205,0,53.205,1,53.205,0.01,,,,,,,
53.212,198.1314,53.212,5.99,53.212,0,53.212,1,53.212,0.01,,,,,,,
53.219,198.1296,53.219,5.96,53.219,0,53.219,1,53.219,0.01,,,,,,,
53.226,198.11,53.226,5.96,53.226,0,53.226,1,53.226,0.01,,,,,,,
53.233,198.1056,53.233,5.933341,53.233,0,53.233,1,53.233,0.01,,,,,,,
53.24,198.08,53.24,5.91,53.24,0,53.24,1,53.24,0.01,,,,,,,
53.247,198.0678,53.247,5.88,53.247,0,53.247,1,53.247,0.01,,,,,,,
53.254,198.04,53.254,5.88,53.254,0,53.254,1,53.254,0.01,,,,,,,
53.261,198.0277,53.261,5.86,53.261,0,53.261,1,53.261,0.01,,,,,,,
53.268,198.01,53.268,5.86,53.268,0,53.268,1,53.268,0.01,,,,,,,
53.275,197.984,53.275,5.83,53.275,0,53.275,1,53.275,0.01,,,,,,,
53.282,197.97,53.282,5.802668,53.282,0,53.282,1,53.282,0.01,,,,,,,
53.289,197.94,53.289,5.8,53.289,0,53.289,1,53.289,0.01,,,,,,,
53.296,197.9382,53.296,5.768197,53.296,0,53.296,1,53.296,0.01,,,,,,,
53.303,197.9,53.303,5.75,53.303,0,53.303,1,53.303,0.01,,,,,,,
53.31,197.8941,53.31,5.741086,53.31,0,53.31,1,53.31,0.01,,,,,,,
53.317,197.86,53.317,5.72,53.317,0,53.317,1,53.317,0.01,,,,,,,
53.324,197.8502,53.324,5.7,53.324,0,53.324,1,53.324,0.01,,,,,,,
53.331,197.82,53.331,5.7,53.331,0,53.331,1,53.331,0.01,,,,,,,
53.338,197.8063,53.338,5.67,53.338,0,53.338,1,53.338,0.01,,,,,,,
53.345,197.78,53.345,5.646599,53.345,0,53.345,1,53.345,0.01,,,,,,,
53.352,197.7627,53.352,5.64,53.352,0,53.352,1,53.352,0.01,,,,,,,
53.359,197.75,53.359,5.620393,53.359,0,53.359,1,53.359,0.01,,,,,,,
53.366,197.7093,53.366,5.59,53.366,0,53.366,1,53.366,0.01,,,,,,,
53.373,197.6968,53.373,5.586833,53.373,0,53.373,1,53.373,0.01,,,,,,,
53.38,197.65,53.38,5.57,53.38,0,53.38,1,53.38,0.01,,,,,,,
53.387,197.6463,53.387,5.559006,53.387,0,53.387,1,53.387,0.01,,,,,,,
53.394,197.61,53.394,5.54,53.394,0,53.394,1,53.394,0.01,,,,,,,
53.401,197.5933,53.401,5.52,53.401,0,53.401,1,53.401,0.01,,,,,,,
53.408,197.56,53.408,5.52,53.408,0,53.408,1,53.408,0.01,,,,,,,
53.415,197.5449,53.415,5.49,53.415,0,53.415,1,53.415,0.01,,,,,,,
53.422,197.51,53.422,5.473075,53.422,0,53.422,1,53.422,0.01,,,,,,,
53.429,197.4812,53.429,5.441179,53.429,0,53.429,1,53.429,0.01,,,,,,,
53.436,197.4695,53.436,5.439007,53.436,0,53.436,1,53.436,0.01,,,,,,,
53.443,197.4372,53.443,5.42,53.443,0,53.443,1,53.443,0.01,,,,,,,
53.45,197.415,53.45,5.412492,53.45,0,53.45,1,53.45,0.01,,,,,,,
53.457,197.3765,53.457,5.39,53.457,0,53.457,1,53.457,0.01,,,,,,,
53.464,197.3656,53.464,5.37,53.464,0,53.464,1,53.464,0.01,,,,,,,
53.471,197.32,53.471,5.37,53.471,0,53.471,1,53.471,0.01,,,,,,,
53.478,197.3071,53.478,5.34,53.478,0,53.478,1,53.478,0.01,,,,,,,
53.485,197.27,53.485,5.34,53.485,0,53.485,1,53.485,0.01,,,,,,,
53.492,197.2535,53.492,5.295185,53.492,0,53.492,1,53.492,0.01,,,,,,,
53.499,197.23,53.499,5.29,53.499,0,53.499,1,53.499,0.01,,,,,,,
53.506,197.1897,53.506,5.27,53.506,0,53.506,1,53.506,0.01,,,,,,,
53.513,197.18,53.513,5.267619,53.513,0,53.513,1,53.513,0.01,,,,,,,
53.52,197.1379,53.52,5.25,53.52,0,53.52,1,53.52,0.01,,,,,,,
53.527,197.1268,53.527,5.240482,53.527,0,53.527,1,53.527,0.01,,,,,,,
53.534,197.08,53.534,5.22,53.534,0,53.534,1,53.534,0.01,,,,,,,
53.541,197.0699,53.541,5.2,53.541,0,53.541,1,53.541,0.01,,,,,,,
53.548,197.03,53.548,5.2,53.548,0,53.548,1,53.548,0.01,,,,,,,
53.555,197.0157,53.555,5.158636,53.555,0,53.555,1,53.555,0.01,,,,,,,
53.562,196.98,53.562,5.15,53.562,0,53.562,1,53.562,0.01,,,,,,,
53.569,196.9532,53.569,5.13211,53.569,0,53.569,1,53.569,0.01,,,,,,,
53.576,196.93,53.576,5.12982,53.576,0,53.576,1,53.576,0.01,,,,,,,
53.583,196.898,53.583,5.11,53.583,0,53.583,1,53.583,0.01,,,,,,,
53.59,196.88,53.59,5.106231,53.59,0,53.59,1,53.59,0.01,,,,,,,
53.597,196.844,53.597,5.09,53.597,0,53.597,1,53.597,0.01,,,,,,,
53.604,196.83,53.604,5.06,53.604,0,53.604,1,53.604,0.01,,,,,,,
53.611,196.7951,53.611,5.06,53.611,0,53.611,1,53.611,0.01,,,,,,,
53.618,196.7841,53.618,5.028274,53.618,0,53.618,1,53.618,0.01,,,,,,,
53.625,196.7431,53.625,5.02,53.625,0,53.625,1,53.625,0.01,,,,,,,
53.632,196.7243,53.632,5.004347,53.632,0,53.632,1,53.632,0.01,,,,,,,
53.639,196.6913,53.639,5,53.639,0,53.639,1,53.639,0.01,,,,,,,
53.646,196.6702,53.646,4.980208,53.646,0,53.646,1,53.646,0.01,,,,,,,
53.653,196.64,53.653,4.97771,53.653,0,53.653,1,53.653,0.01,,,,,,,
53.66,196.6266,53.66,4.95,53.66,0,53.66,1,53.66,0.01,,,,,,,
53.667,196.61,53.667,4.944867,53.667,0,53.667,1,53.667,0.01,,,,,,,
53.674,196.5727,53.674,4.93,53.674,0,53.674,1,53.674,0.01,,,,,,,
53.681,196.56,53.681,4.91,53.681,0,53.681,1,53.681,0.01,,,,,,,
53.688,196.5189,53.688,4.89,53.688,0,53.688,1,53.688,0.01,,,,,,,
53.695,196.51,53.695,4.876936,53.695,0,53.695,1,53.695,0.01,,,,,,,
53.702,196.4724,53.702,4.87,53.702,0,53.702,1,53.702,0.01,,,,,,,
53.709,196.4615,53.709,4.852983,53.709,0,53.709,1,53.709,0.01,,,,,,,
53.716,196.4206,53.716,4.85,53.716,0,53.716,1,53.716,0.01,,,,,,,
53.723,196.4089,53.723,4.83,53.723,0,53.723,1,53.723,0.01,,,,,,,
53.73,196.38,53.73,4.827021,53.73,0,53.73,1,53.73,0.01,,,,,,,
53.737,196.3629,53.737,4.81,53.737,0,53.737,1,53.737,0.01,,,,,,,
53.744,196.34,53.744,4.803086,53.744,0,53.744,1,53.744,0.01,,,,,,,
53.751,196.3011,53.751,4.77,53.751,0,53.751,1,53.751,0.01,,,,,,,
53.758,196.29,53.758,4.77,53.758,0,53.758,1,53.758,0.01,,,,,,,
53.765,196.2573,53.765,4.75,53.765,0,53.765,1,53.765,0.01,,,,,,,
53.772,196.25,53.772,4.735156,53.772,0,53.772,1,53.772,0.01,,,,,,,
53.779,196.2117,53.779,4.73,53.779,0,53.779,1,53.779,0.01,,,,,,,
53.786,196.2008,53.786,4.711549,53.786,0,53.786,1,53.786,0.01,,,,,,,
53.793,196.16,53.793,4.709238,53.793,0,53.793,1,53.793,0.01,,,,,,,
53.8,196.1475,53.8,4.69,53.8,0,53.8,1,53.8,0.01,,,,,,,
53.807,196.12,53.807,4.685653,53.807,0,53.807,1,53.807,0.01,,,,,,,
53.814,196.0908,53.814,4.65,53.814,0,53.814,1,53.814,0.01,,,,,,,
53.821,196.07,53.821,4.65,53.821,0,53.821,1,53.821,0.01,,,,,,,
53.828,196.0397,53.828,4.63,53.828,0,53.828,1,53.828,0.01,,,,,,,
53.835,196.03,53.835,4.617931,53.835,0,53.835,1,53.835,0.01,,,,,,,
53.842,195.996,53.842,4.61,53.842,0,53.842,1,53.842,0,,,,,,,
53.849,195.99,53.849,4.601884,53.849,0,53.849,1,53.849,0,,,,,,,
53.856,195.951,53.856,4.6,53.856,0,53.856,1,53.856,0,,,,,,,
53.862,195.95,53.862,4.58,53.862,0,53.862,1,53.862,0,,,,,,,
53.869,195.9,53.869,4.57789,53.869,0,53.869,1,53.869,0.001054994,,,,,,,
53.876,195.8841,53.876,4.54,53.876,0,53.876,1,53.876,0.01,,,,,,,
53.883,195.85,53.883,4.54,53.883,0,53.883,1,53.883,0.01,,,,,,,
53.89,195.8321,53.89,4.52,53.89,0,53.89,1,53.89,0.01,,,,,,,
53.897,195.81,53.897,4.52,53.897,0,53.897,1,53.897,0.01,,,,,,,
53.904,195.7725,53.904,4.51,53.904,0,53.904,1,53.904,0.01,,,,,,,
53.911,195.76,53.911,4.496367,53.911,0,53.911,1,53.911,0.01,,,,,,,
53.918,195.7242,53.918,4.49,53.918,0,53.918,1,53.918,0.01,,,,,,,
53.925,195.72,53.925,4.472381,53.925,0,53.925,1,53.925,0.01,,,,,,,
53.932,195.6709,53.932,4.47,53.932,0,53.932,1,53.932,0.01,,,,,,,
53.939,195.6683,53.939,4.449147,53.939,0,53.939,1,53.939,0.03,,,,,,,
53.946,195.63,53.946,4.44,53.946,0,53.946,1,53.946,0.03,,,,,,,
53.953,195.622,53.953,4.42,53.953,0,53.953,1,53.953,0.02466513,,,,,,,
53.96,195.59,53.96,4.42,53.96,0,53.96,1,53.96,0.01,,,,,,,
53.967,195.5662,53.967,4.4,53.967,0,53.967,1,53.967,0.01,,,,,,,
53.974,195.54,53.974,4.388717,53.974,0,53.974,1,53.974,0.01,,,,,,,
53.981,195.517,53.981,4.38,53.981,0,53.981,1,53.981,0.01,,,,,,,
53.988,195.5,53.988,4.372503,53.988,0,53.988,1,53.988,0.01,,,,,,,
53.995,195.4642,53.995,4.37,53.995,0,53.995,1,53.995,0.01,,,,,,,
54.002,195.46,54.002,4.351017,54.002,0,54.002,1,54.002,0.01,,,,,,,
54.009,195.42,54.009,4.34,54.009,0,54.009,1,54.009,0.01,,,,,,,
54.016,195.4169,54.016,4.336925,54.016,0,54.016,1,54.016,0.01,,,,,,,
54.023,195.38,54.023,4.32,54.023,0,54.023,1,54.023,0.01,,,,,,,
54.03,195.3699,54.03,4.3,54.03,0,54.03,1,54.03,0.01,,,,,,,
54.037,195.33,54.037,4.3,54.037,0,54.037,1,54.037,0.01,,,,,,,
54.044,195.3137,54.044,4.29,54.044,0,54.044,1,54.044,0.01,,,,,,,
54.051,195.29,54.051,4.277353,54.051,0,54.051,1,54.051,0.01,,,,,,,
54.058,195.2754,54.058,4.27,54.058,0,54.058,1,54.058,0.01,,,,,,,
54.065,195.26,54.065,4.261584,54.065,0,54.065,1,54.065,0.01,,,,,,,
54.072,195.2407,54.072,4.24,54.072,0,54.072,1,54.072,0.01,,,,,,,
54.079,195.2298,54.079,4.239815,54.079,0,54.079,1,54.079,0.01,,,,,,,
54.086,195.19,54.086,4.23,54.086,0,54.086,1,54.086,0.01,,,,,,,
54.093,195.1855,54.093,4.21,54.093,0,54.093,1,54.093,0.01,,,,,,,
54.1,195.15,54.1,4.21,54.1,0,54.1,1,54.1,0.01,,,,,,,
54.107,195.1419,54.107,4.2,54.107,0,54.107,1,54.107,0.01,,,,,,,
54.114,195.12,54.114,4.189831,54.114,0,54.114,1,54.114,0.01,,,,,,,
54.121,195.1016,54.121,4.18,54.121,0,54.121,1,54.121,0.01,,,,,,,
54.128,195.08,54.128,4.172983,54.128,0,54.128,1,54.128,0.01,,,,,,,
54.135,195.0541,54.135,4.15,54.135,0,54.135,1,54.135,0.01,,,,,,,
54.142,195.04,54.142,4.15,54.142,0,54.142,1,54.142,0.01,,,,,,,
54.149,195.01,54.149,4.14,54.149,0,54.149,1,54.149,0.01,,,,,,,
54.156,194.9991,54.156,4.138243,54.156,0,54.156,1,54.156,0.01,,,,,,,
54.163,194.96,54.163,4.12,54.163,0,54.163,1,54.163,0.01,,,,,,,
54.17,194.9541,54.17,4.11,54.17,0,54.17,1,54.17,0.01,,,,,,,
54.177,194.92,54.177,4.11,54.177,0,54.177,1,54.177,0.01,,,,,,,
54.184,194.9102,54.184,4.1,54.184,0,54.184,1,54.184,0.01,,,,,,,
54.191,194.88,54.191,4.088139,54.191,0,54.191,1,54.191,0.01,,,,,,,
54.198,194.8664,54.198,4.073179,54.198,0,54.198,1,54.198,0.01,,,,,,,
54.205,194.85,54.205,4.07,54.205,0,54.205,1,54.205,0.01,,,,,,,
54.212,194.8233,54.212,4.05,54.212,0,54.212,1,54.212,0.01,,,,,,,
54.219,194.81,54.219,4.05,54.219,0,54.219,1,54.219,0.01,,,,,,,
54.226,194.7793,54.226,4.04,54.226,0,54.226,1,54.226,0.01,,,,,,,
54.233,194.7682,54.233,4.03,54.233,0,54.233,1,54.233,0.01,,,,,,,
54.24,194.7372,54.24,4.03,54.24,0,54.24,1,54.24,0.01,,,,,,,
54.247,194.73,54.247,4.01,54.247,0,54.247,1,54.247,0.01,,,,,,,
54.254,194.71,54.254,4.01,54.254,0,54.254,1,54.254,0.01,,,,,,,
54.261,194.6985,54.261,3.994266,54.261,0,54.261,1,54.261,0.01,,,,,,,
54.268,194.67,54.268,3.99,54.268,0,54.268,1,54.268,0.01,,,,,,,
54.275,194.6473,54.275,3.974849,54.275,0,54.275,1,54.275,0.01,,,,,,,
54.282,194.62,54.282,3.97,54.282,0,54.282,1,54.282,0.01,,,,,,,
54.289,194.5816,54.289,3.96,54.289,0,54.289,1,54.289,0.01,,,,,,,
54.296,194.57,54.296,3.959526,54.296,0,54.296,1,54.296,0.01,,,,,,,
54.303,194.5486,54.303,3.95,54.303,0,54.303,1,54.303,0.01,,,,,,,
54.31,194.5375,54.31,3.94,54.31,0,54.31,1,54.31,0.01,,,,,,,
54.317,194.5065,54.317,3.94,54.317,0,54.317,1,54.317,0.01,,,,,,,
54.324,194.4957,54.324,3.915653,54.324,0,54.324,1,54.324,0.01,,,,,,,
54.331,194.47,54.331,3.91,54.331,0,54.331,1,54.331,0.01,,,,,,,
54.338,194.4572,54.338,3.90358,54.338,0,54.338,1,54.338,0.01,,,,,,,
54.345,194.43,54.345,3.9,54.345,0,54.345,1,54.345,0.01,,,,,,,
54.352,194.4135,54.352,3.89,54.352,0,54.352,1,54.352,0.01,,,,,,,
54.359,194.39,54.359,3.89,54.359,0,54.359,1,54.359,0.01,,,,,,,
54.366,194.3694,54.366,3.88,54.366,0,54.366,1,54.366,0.01,,,,,,,
54.373,194.35,54.373,3.877642,54.373,0,54.373,1,54.373,0.01,,,,,,,
54.38,194.3277,54.38,3.86,54.38,0,54.38,1,54.38,0.01,,,,,,,
54.387,194.32,54.387,3.85,54.387,0,54.387,1,54.387,0.01,,,,,,,
54.394,194.2959,54.394,3.84,54.394,0,54.394,1,54.394,0.01,,,,,,,
54.401,194.2848,54.401,3.834815,54.401,0,54.401,1,54.401,0.01,,,,,,,
54.408,194.2538,54.408,3.83,54.408,0,54.408,1,54.408,0.01,,,,,,,
54.415,194.2429,54.415,3.82289,54.415,0,54.415,1,54.415,0.01,,,,,,,
54.422,194.2119,54.422,3.82,54.422,0,54.422,1,54.422,0.01,,,,,,,
54.429,194.2008,54.429,3.81,54.429,0,54.429,1,54.429,0.01,,,,,,,
54.436,194.18,54.436,3.809921,54.436,0,54.436,1,54.436,0.01,,,,,,,
54.443,194.158,54.443,3.8,54.443,0,54.443,1,54.443,0.01,,,,,,,
54.45,194.14,54.45,3.796278,54.45,0,54.45,1,54.45,0.01,,,,,,,
54.457,194.1141,54.457,3.77,54.457,0,54.457,1,54.457,0.01,,,,,,,
54.464,194.1,54.464,3.766058,54.464,0,54.464,1,54.464,0.01,,,,,,,
54.471,194.0652,54.471,3.76,54.471,0,54.471,1,54.471,0.01,,,,,,,
54.478,194.06,54.478,3.754153,54.478,0,54.478,1,54.478,0.01,,,,,,,
54.485,194.0331,54.485,3.75,54.485,0,54.485,1,54.485,0.01,,,,,,,
54.492,194.0144,54.492,3.742185,54.492,0,54.492,1,54.492,0.01,,,,,,,
54.499,193.9913,54.499,3.74,54.499,0,54.499,1,54.499,0.01,,,,,,,
54.506,193.9801,54.506,3.73,54.506,0,54.506,1,54.506,0.01,,,,,,,
54.513,193.95,54.513,3.729225,54.513,0,54.513,1,54.513,0.01,,,,,,,
54.52,193.9367,54.52,3.71,54.52,0,54.52,1,54.52,0.01,,,,,,,
54.527,193.92,54.527,3.71,54.527,0,54.527,1,54.527,0.01,,,,,,,
54.534,193.8963,54.534,3.7,54.534,0,54.534,1,54.534,0.01,,,,,,,
54.541,193.89,54.541,3.695364,54.541,0,54.541,1,54.541,0.01,,,,,,,
54.548,193.8587,54.548,3.69,54.548,0,54.548,1,54.548,0.01,,,,,,,
54.555,193.85,54.555,3.683283,54.555,0,54.555,1,54.555,0.01,,,,,,,
54.562,193.8224,54.562,3.68,54.562,0,54.562,1,54.562,0.01,,,,,,,
54.569,193.8115,54.569,3.67,54.569,0,54.569,1,54.569,0.01,,,,,,,
54.576,193.7803,54.576,3.67,54.576,0,54.576,1,54.576,0.01,,,,,,,
54.583,193.7688,54.583,3.65,54.583,0,54.583,1,54.583,0.01,,,,,,,
54.59,193.75,54.59,3.65,54.59,0,54.59,1,54.59,0.01,,,,,,,
54.597,193.7329,54.597,3.64,54.597,0,54.597,1,54.597,0.01,,,,,,,
54.604,193.71,54.604,3.636558,54.604,0,54.604,1,54.604,0.01,,,,,,,
54.611,193.6856,54.611,3.63,54.611,0,54.611,1,54.611,0.01,,,,,,,
54.618,193.68,54.618,3.624671,54.618,0,54.618,1,54.618,0.01,,,,,,,
54.625,193.6573,54.625,3.62,54.625,0,54.625,1,54.625,0.01,,,,,,,
54.632,193.65,54.632,3.612601,54.632,0,54.632,1,54.632,0.01,,,,,,,
54.639,193.6217,54.639,3.61,54.639,0,54.639,1,54.639,0.01,,,,,,,
54.646,193.62,54.646,3.6,54.646,0,54.646,1,54.646,0.01,,,,,,,
54.653,193.58,54.653,3.59,54.653,0,54.653,1,54.653,0.01,,,,,,,
54.66,193.5775,54.66,3.59,54.66,0,54.66,1,54.66,0.01,,,,,,,
54.667,193.55,54.667,3.59,54.667,0,54.667,1,54.667,0.01,,,,,,,
54.674,193.5335,54.674,3.58,54.674,0,54.674,1,54.674,0.01,,,,,,,
54.681,193.52,54.681,3.575769,54.681,0,54.681,1,54.681,0.01,,,,,,,
54.688,193.4946,54.688,3.57,54.688,0,54.688,1,54.688,0.01,,,,,,,
54.695,193.48,54.695,3.563868,54.695,0,54.695,1,54.695,0.01,,,,,,,
54.702,193.4556,54.702,3.56,54.702,0,54.702,1,54.702,0.01,,,,,,,
54.709,193.45,54.709,3.551896,54.709,0,54.709,1,54.709,0.01,,,,,,,
54.716,193.422,54.716,3.54,54.716,0,54.716,1,54.716,0.01,,,,,,,
54.723,193.4197,54.723,3.53,54.723,0,54.723,1,54.723,0.01,,,,,,,
54.73,193.39,54.73,3.53,54.73,0,54.73,1,54.73,0.01,,,,,,,
54.737,193.3841,54.737,3.52,54.737,0,54.737,1,54.737,0.01,,,,,,,
54.744,193.35,54.744,3.52,54.744,0,54.744,1,54.744,0.01,,,,,,,
54.751,193.3422,54.751,3.52,54.751,0,54.751,1,54.751,0.01,,,,,,,
54.758,193.32,54.758,3.515064,54.758,0,54.758,1,54.758,0.01,,,,,,,
54.765,193.3042,54.765,3.51,54.765,0,54.765,1,54.765,0.01,,,,,,,
54.772,193.29,54.772,3.503199,54.772,0,54.772,1,54.772,0.01,,,,,,,
54.778,193.2642,54.778,3.49,54.778,0,54.778,1,54.778,0.01,,,,,,,
54.785,193.26,54.785,3.49,54.785,0,54.785,1,54.785,0.01,,,,,,,
54.792,193.2303,54.792,3.48,54.792,0,54.792,1,54.792,0.01,,,,,,,
54.799,193.2283,54.799,3.48,54.799,0,54.799,1,54.799,0.01,,,,,,,
54.806,193.2,54.806,3.48,54.806,0,54.806,1,54.806,0.01,,,,,,,
54.813,193.1947,54.813,3.47,54.813,0,54.813,1,54.813,0.01,,,,,,,
54.82,193.17,54.82,3.466274,54.82,0,54.82,1,54.82,0.01,,,,,,,
54.827,193.1505,54.827,3.46,54.827,0,54.827,1,54.827,0.01,,,,,,,
54.834,193.14,54.834,3.454381,54.834,0,54.834,1,54.834,0.01,,,,,,,
54.841,193.1234,54.841,3.45,54.841,0,54.841,1,54.841,0.01,,,,,,,
54.848,193.11,54.848,3.45,54.848,0,54.848,1,54.848,0.01,,,,,,,
54.855,193.0828,54.855,3.44,54.855,0,54.855,1,54.855,0.01,,,,,,,
54.862,193.08,54.862,3.44,54.862,0,54.862,1,54.862,0.01,,,,,,,
54.869,193.05,54.869,3.43,54.869,0,54.869,1,54.869,0.01,,,,,,,
54.876,193.0484,54.876,3.42,54.876,0,54.876,1,54.876,0.01,,,,,,,
54.883,193.02,54.883,3.42,54.883,0,54.883,1,54.883,0.01,,,,,,,
54.89,193.0165,54.89,3.42,54.89,0,54.89,1,54.89,0.01,,,,,,,
54.897,192.99,54.897,3.415594,54.897,0,54.897,1,54.897,0.01,,,,,,,
54.904,192.9792,54.904,3.404578,54.904,0,54.904,1,54.904,0.01,,,,,,,
54.911,192.96,54.911,3.4,54.911,0,54.911,1,54.911,0.01,,,,,,,
54.918,192.9527,54.918,3.39,54.918,0,54.918,1,54.918,0.01,,,,,,,
54.925,192.94,54.925,3.39,54.925,0,54.925,1,54.925,0.01,,,,,,,
54.932,192.9114,54.932,3.39,54.932,0,54.932,1,54.932,0.01,,,,,,,
54.939,192.9098,54.939,3.38,54.939,0,54.939,1,54.939,0.01,,,,,,,
54.946,192.88,54.946,3.38,54.946,0,54.946,1,54.946,0.01,,,,,,,
54.953,192.8755,54.953,3.37,54.953,0,54.953,1,54.953,0.01,,,,,,,
54.96,192.85,54.96,3.37,54.96,0,54.96,1,54.96,0.01,,,,,,,
54.967,192.8416,54.967,3.365796,54.967,0,54.967,1,54.967,0.01,,,,,,,
54.974,192.82,54.974,3.36,54.974,0,54.974,1,54.974,0,,,,,,,
54.981,192.8078,54.981,3.35,54.981,0,54.981,1,54.981,0,,,,,,,
54.988,192.79,54.988,3.35,54.988,0,54.988,1,54.988,0.007085202,,,,,,,
54.995,192.7736,54.995,3.35,54.995,0,54.995,1,54.995,0.01,,,,,,,
55.002,192.77,55.002,3.35,55.002,0,55.002,1,55.002,0.01,,,,,,,
55.009,192.7401,55.009,3.34,55.009,0,55.009,1,55.009,0.01,,,,,,,
55.016,192.7389,55.016,3.34,55.016,0,55.016,1,55.016,0.01,,,,,,,
55.023,192.71,55.023,3.34,55.023,0,55.023,1,55.023,0.01,,,,,,,
55.03,192.7071,55.03,3.327052,55.03,0,55.03,1,55.03,0.01,,,,,,,
55.037,192.68,55.037,3.32,55.037,0,55.037,1,55.037,0.01,,,,,,,
55.044,192.6702,55.044,3.32,55.044,0,55.044,1,55.044,0.01,,,,,,,
55.051,192.64,55.051,3.32,55.051,0,55.051,1,55.051,0.01,,,,,,,
55.058,192.6332,55.058,3.31,55.058,0,55.058,1,55.058,0.01,,,,,,,
55.065,192.62,55.065,3.31,55.065,0,55.065,1,55.065,0.01,,,,,,,
55.072,192.6022,55.072,3.31,55.072,0,55.072,1,55.072,0.01,,,,,,,
55.079,192.59,55.079,3.300231,55.079,0,55.079,1,55.079,0.01,,,,,,,
55.086,192.5694,55.086,3.3,55.086,0,55.086,1,55.086,0.01131792,,,,,,,
55.093,192.56,55.093,3.29,55.093,0,55.093,1,55.093,0.03,,,,,,,
55.1,192.54,55.1,3.29,55.1,0,55.1,1,55.1,0.03,,,,,,,
55.107,192.5364,55.107,3.28637,55.107,0,55.107,1,55.107,0.01,,,,,,,
55.114,192.5153,55.114,3.28,55.114,0,55.114,1,55.114,0.01,,,,,,,
55.121,192.5021,55.121,3.28,55.121,0,55.121,1,55.121,0.01,,,,,,,
55.128,192.48,55.128,3.28,55.128,0,55.128,1,55.128,0.01,,,,,,,
55.135,192.4724,55.135,3.27,55.135,0,55.135,1,55.135,0.01,,,,,,,
55.142,192.45,55.142,3.27,55.142,0,55.142,1,55.142,0.01,,,,,,,
55.149,192.45,55.149,3.27,55.149,0,55.149,1,55.149,0.01,,,,,,,
55.156,192.44,55.156,3.26,55.156,0,55.156,1,55.156,0.01,,,,,,,
55.163,192.4284,55.163,3.25,55.163,0,55.163,1,55.163,0.01,,,,,,,
55.17,192.42,55.17,3.25,55.17,0,55.17,1,55.17,0.01,,,,,,,
55.177,192.4066,55.177,3.25,55.177,0,55.177,1,55.177,0.01,,,,,,,
55.184,192.4,55.184,3.245499,55.184,0,55.184,1,55.184,0.01,,,,,,,
55.191,192.38,55.191,3.24,55.191,0,55.191,1,55.191,0.01,,,,,,,
55.198,192.38,55.198,3.24,55.198,0,55.198,1,55.198,0.01,,,,,,,
55.205,192.37,55.205,3.24,55.205,0,55.205,1,55.205,0.01,,,,,,,
55.212,192.353,55.212,3.23,55.212,0,55.212,1,55.212,0.01,,,,,,,
55.219,192.33,55.219,3.23,55.219,0,55.219,1,55.219,0.01,,,,,,,
55.226,192.3197,55.226,3.22,55.226,0,55.226,1,55.226,0.01,,,,,,,
55.233,192.31,55.233,3.22,55.233,0,55.233,1,55.233,0.01,,,,,,,
55.24,192.2977,55.24,3.22,55.24,0,55.24,1,55.24,0.01,,,,,,,
55.247,192.29,55.247,3.216763,55.247,0,55.247,1,55.247,0.01,,,,,,,
55.254,192.27,55.254,3.21,55.254,0,55.254,1,55.254,0.01,,,,,,,
55.261,192.27,55.261,3.21,55.261,0,55.261,1,55.261,0.01,,,,,,,
55.268,192.26,55.268,3.21,55.268,0,55.268,1,55.268,0.01,,,,,,,
55.275,192.2529,55.275,3.2,55.275,0,55.275,1,55.275,0.01,,,,,,,
55.282,192.24,55.282,3.2,55.282,0,55.282,1,55.282,0.01,,,,,,,
55.289,192.2308,55.289,3.190821,55.289,0,55.289,1,55.289,0.01,,,,,,,
55.296,192.22,55.296,3.19,55.296,0,55.296,1,55.296,0.01,,,,,,,
55.303,192.1991,55.303,3.19,55.303,0,55.303,1,55.303,0.01,,,,,,,
55.31,192.19,55.31,3.187912,55.31,0,55.31,1,55.31,0.01,,,,,,,
55.317,192.17,55.317,3.18,55.317,0,55.317,1,55.317,0.01,,,,,,,
55.324,192.17,55.324,3.18,55.324,0,55.324,1,55.324,0.01,,,,,,,
55.331,192.155,55.331,3.18,55.331,0,55.331,1,55.331,0.01,,,,,,,
55.338,192.15,55.338,3.18,55.338,0,55.338,1,55.338,0.01,,,,,,,
55.345,192.1431,55.345,3.18,55.345,0,55.345,1,55.345,0.01,,,,,,,
55.352,192.14,55.352,3.17,55.352,0,55.352,1,55.352,0.01,,,,,,,
55.359,192.12,55.359,3.17,55.359,0,55.359,1,55.359,0.01,,,,,,,
55.366,192.1003,55.366,3.160127,55.366,0,55.366,1,55.366,0.01,,,,,,,
55.373,192.08,55.373,3.16,55.373,0,55.373,1,55.373,0.01,,,,,,,
55.38,192.0667,55.38,3.16,55.38,0,55.38,1,55.38,0.01,,,,,,,
55.387,192.05,55.387,3.157239,55.387,0,55.387,1,55.387,0.01,,,,,,,
55.394,192.04,55.394,3.15,55.394,0,55.394,1,55.394,0.01,,,,,,,
55.401,192.04,55.401,3.15,55.401,0,55.401,1,55.401,0.01,,,,,,,
55.408,192.0244,55.408,3.15,55.408,0,55.408,1,55.408,0.01,,,,,,,
55.415,192.02,55.415,3.15,55.415,0,55.415,1,55.415,0.01,,,,,,,
55.422,192,55.422,3.14,55.422,0,55.422,1,55.422,0.01,,,,,,,
55.429,192,55.429,3.14,55.429,0,55.429,1,55.429,0.01,,,,,,,
55.436,191.99,55.436,3.14,55.436,0,55.436,1,55.436,0.01,,,,,,,
55.443,191.9794,55.443,3.13,55.443,0,55.443,1,55.443,0.01,,,,,,,
55.45,191.97,55.45,3.13,55.45,0,55.45,1,55.45,0.01,,,,,,,
55.457,191.96,55.457,3.13,55.457,0,55.457,1,55.457,0.01,,,,,,,
55.464,191.96,55.464,3.13,55.464,0,55.464,1,55.464,0.01,,,,,,,
55.471,191.9512,55.471,3.13,55.471,0,55.471,1,55.471,0.01,,,,,,,
55.478,191.94,55.478,3.124545,55.478,0,55.478,1,55.478,0.01,,,,,,,
55.485,191.9135,55.485,3.12,55.485,0,55.485,1,55.485,0.01,,,,,,,
55.492,191.91,55.492,3.12,55.492,0,55.492,1,55.492,0.01,,,,,,,
55.499,191.8917,55.499,3.11,55.499,0,55.499,1,55.499,0.01,,,,,,,
55.506,191.89,55.506,3.11,55.506,0,55.506,1,55.506,0.0005202312,,,,,,,
55.513,191.87,55.513,3.11,55.513,0,55.513,1,55.513,0,,,,,,,
55.52,191.8687,55.52,3.11,55.52,0,55.52,1,55.52,0,,,,,,,
55.527,191.85,55.527,3.107852,55.527,0,55.527,1,55.527,0,,,,,,,
55.534,191.8468,55.534,3.1,55.534,0,55.534,1,55.534,0,,,,,,,
55.541,191.83,55.541,3.1,55.541,0,55.541,1,55.541,0,,,,,,,
55.548,191.8098,55.548,3.1,55.548,0,55.548,1,55.548,0,,,,,,,
55.555,191.8,55.555,3.1,55.555,0,55.555,1,55.555,0.006116723,,,,,,,
55.562,191.7856,55.562,3.09,55.562,0,55.562,1,55.562,0.01,,,,,,,
55.569,191.78,55.569,3.09,55.569,0,55.569,1,55.569,0.01,,,,,,,
55.576,191.761,55.576,3.09,55.576,0,55.576,1,55.576,0.01,,,,,,,
55.583,191.7598,55.583,3.08,55.583,0,55.583,1,55.583,0.01,,,,,,,
55.59,191.74,55.59,3.08,55.59,0,55.59,1,55.59,0.01,,,,,,,
55.597,191.74,55.597,3.08,55.597,0,55.597,1,55.597,0.01,,,,,,,
55.604,191.73,55.604,3.08,55.604,0,55.604,1,55.604,0.01,,,,,,,
55.611,191.722,55.611,3.07,55.611,0,55.611,1,55.611,0.01,,,,,,,
55.618,191.7,55.618,3.07,55.618,0,55.618,1,55.618,0.01,,,,,,,
55.625,191.6941,55.625,3.07,55.625,0,55.625,1,55.625,0.01,,,,,,,
55.632,191.68,55.632,3.07,55.632,0,55.632,1,55.632,0.01,,,,,,,
55.639,191.6642,55.639,3.07,55.639,0,55.639,1,55.639,0.01,,,,,,,
55.646,191.66,55.646,3.061188,55.646,0,55.646,1,55.646,0.01,,,,,,,
55.653,191.63,55.653,3.06,55.653,0,55.653,1,55.653,0.01,,,,,,,
55.66,191.6292,55.66,3.06,55.66,0,55.66,1,55.66,0.01,,,,,,,
55.667,191.61,55.667,3.06,55.667,0,55.667,1,55.667,0.01,,,,,,,
55.674,191.6071,55.674,3.057149,55.674,0,55.674,1,55.674,0.01,,,,,,,
55.681,191.59,55.681,3.05,55.681,0,55.681,1,55.681,0.01,,,,,,,
55.688,191.5806,55.688,3.05,55.688,0,55.688,1,55.688,0.01,,,,,,,
55.694,191.57,55.694,3.05,55.694,0,55.694,1,55.694,0.01,,,,,,,
55.701,191.57,55.701,3.05,55.701,0,55.701,1,55.701,0.01,,,,,,,
55.708,191.57,55.708,3.042312,55.708,0,55.708,1,55.708,0.01,,,,,,,
55.715,191.56,55.715,3.04,55.715,0,55.715,1,55.715,0.01,,,,,,,
55.722,191.56,55.722,3.04,55.722,0,55.722,1,55.722,0.01,,,,,,,
55.729,191.55,55.729,3.04,55.729,0,55.729,1,55.729,0.01,,,,,,,
55.736,191.5484,55.736,3.04,55.736,0,55.736,1,55.736,0.01,,,,,,,
55.743,191.53,55.743,3.04,55.743,0,55.743,1,55.743,0.01,,,,,,,
55.75,191.53,55.75,3.03648,55.75,0,55.75,1,55.75,0.01,,,,,,,
55.757,191.52,55.757,3.03,55.757,0,55.757,1,55.757,0.01,,,,,,,
55.764,191.5146,55.764,3.03,55.764,0,55.764,1,55.764,0.01,,,,,,,
55.771,191.5,55.771,3.03,55.771,0,55.771,1,55.771,0.01,,,,,,,
55.778,191.4925,55.778,3.03,55.778,0,55.778,1,55.778,0.01,,,,,,,
55.785,191.49,55.785,3.021618,55.785,0,55.785,1,55.785,0.01,,,,,,,
55.792,191.4807,55.792,3.02,55.792,0,55.792,1,55.792,0.01,,,,,,,
55.799,191.4796,55.799,3.02,55.799,0,55.799,1,55.799,0.01,,,,,,,
55.806,191.46,55.806,3.02,55.806,0,55.806,1,55.806,0.01,,,,,,,
55.813,191.4578,55.813,3.017757,55.813,0,55.813,1,55.813,0.01,,,,,,,
55.82,191.44,55.82,3.01,55.82,0,55.82,1,55.82,0.01,,,,,,,
55.827,191.44,55.827,3.01,55.827,0,55.827,1,55.827,0.01,,,,,,,
55.834,191.43,55.834,3.01,55.834,0,55.834,1,55.834,0.01,,,,,,,
55.841,191.43,55.841,3.01,55.841,0,55.841,1,55.841,0.01,,,,,,,
55.848,191.42,55.848,3.01,55.848,0,55.848,1,55.848,0.01,,,,,,,
55.855,191.42,55.855,3.01,55.855,0,55.855,1,55.855,0.01,,,,,,,
55.862,191.42,55.862,3.000925,55.862,0,55.862,1,55.862,0.01,,,,,,,
55.869,191.42,55.869,3,55.869,0,55.869,1,55.869,0.01,,,,,,,
55.876,191.41,55.876,3,55.876,0,55.876,1,55.876,0.01,,,,,,,
55.883,191.4,55.883,3,55.883,0,55.883,1,55.883,0.01,,,,,,,
55.89,191.3971,55.89,3,55.89,0,55.89,1,55.89,0.01,,,,,,,
55.897,191.39,55.897,3,55.897,0,55.897,1,55.897,0.01,,,,,,,
55.904,191.39,55.904,2.99,55.904,0,55.904,1,55.904,0.01,,,,,,,
55.911,191.38,55.911,2.99,55.911,0,55.911,1,55.911,0.01,,,,,,,
55.918,191.3731,55.918,2.99,55.918,0,55.918,1,55.918,0.01,,,,,,,
55.925,191.36,55.925,2.99,55.925,0,55.925,1,55.925,0.01,,,,,,,
55.932,191.3511,55.932,2.99,55.932,0,55.932,1,55.932,0.01,,,,,,,
55.939,191.34,55.939,2.99,55.939,0,55.939,1,55.939,0.01,,,,,,,
55.946,191.32,55.946,2.98,55.946,0,55.946,1,55.946,0.01,,,,,,,
55.953,191.32,55.953,2.98,55.953,0,55.953,1,55.953,0.01,,,,,,,
55.96,191.31,55.96,2.98,55.96,0,55.96,1,55.96,0.01,,,,,,,
55.967,191.3062,55.967,2.98,55.967,0,55.967,1,55.967,0.01,,,,,,,
55.974,191.3,55.974,2.98,55.974,0,55.974,1,55.974,0.01,,,,,,,
55.981,191.3,55.981,2.97,55.981,0,55.981,1,55.981,0.01,,,,,,,
55.988,191.3,55.988,2.97,55.988,0,55.988,1,55.988,0.01,,,,,,,
55.995,191.2924,55.995,2.97,55.995,0,55.995,1,55.995,0.01,,,,,,,
56.002,191.29,56.002,2.97,56.002,0,56.002,1,56.002,0.01,,,,,,,
56.009,191.2804,56.009,2.97,56.009,0,56.009,1,56.009,0.01,,,,,,,
56.016,191.28,56.016,2.97,56.016,0,56.016,1,56.016,0.01,,,,,,,
56.023,191.28,56.023,2.97,56.023,0,56.023,1,56.023,0,,,,,,,
56.03,191.28,56.03,2.967468,56.03,0,56.03,1,56.03,0,,,,,,,
56.037,191.2666,56.037,2.96,56.037,0,56.037,1,56.037,0,,,,,,,
56.044,191.26,56.044,2.96,56.044,0,56.044,1,56.044,0,,,,,,,
56.051,191.25,56.051,2.96,56.051,0,56.051,1,56.051,0,,,,,,,
56.058,191.2436,56.058,2.96,56.058,0,56.058,1,56.058,0,,,,,,,
56.065,191.23,56.065,2.96,56.065,0,56.065,1,56.065,0,,,,,,,
56.072,191.2215,56.072,2.951526,56.072,0,56.072,1,56.072,0,,,,,,,
56.079,191.22,56.079,2.95,56.079,0,56.079,1,56.079,0,,,,,,,
56.086,191.2197,56.086,2.95,56.086,0,56.086,1,56.086,0.0002543353,,,,,,,
56.093,191.21,56.093,2.95,56.093,0,56.093,1,56.093,0.01,,,,,,,
56.1,191.2,56.1,2.95,56.1,0,56.1,1,56.1,0.01,,,,,,,
56.107,191.2,56.107,2.95,56.107,0,56.107,1,56.107,0.01,,,,,,,
56.114,191.19,56.114,2.95,56.114,0,56.114,1,56.114,0.01,,,,,,,
56.121,191.19,56.121,2.94,56.121,0,56.121,1,56.121,0.01,,,,,,,
56.128,191.1838,56.128,2.94,56.128,0,56.128,1,56.128,0.01,,,,,,,
56.135,191.18,56.135,2.94,56.135,0,56.135,1,56.135,0.01,,,,,,,
56.142,191.178,56.142,2.94,56.142,0,56.142,1,56.142,0.01,,,,,,,
56.149,191.1708,56.149,2.94,56.149,0,56.149,1,56.149,0.01,,,,,,,
56.156,191.17,56.156,2.94,56.156,0,56.156,1,56.156,0.01,,,,,,,
56.163,191.1691,56.163,2.94,56.163,0,56.163,1,56.163,0.01,,,,,,,
56.17,191.16,56.17,2.937924,56.17,0,56.17,1,56.17,0.01,,,,,,,
56.177,191.15,56.177,2.93,56.177,0,56.177,1,56.177,0.01,,,,,,,
56.184,191.15,56.184,2.93,56.184,0,56.184,1,56.184,0.01,,,,,,,
56.191,191.145,56.191,2.93,56.191,0,56.191,1,56.191,0.01,,,,,,,
56.198,191.14,56.198,2.93,56.198,0,56.198,1,56.198,0.01,,,,,,,
56.205,191.13,56.205,2.93,56.205,0,56.205,1,56.205,0.01,,,,,,,
56.212,191.13,56.212,2.93,56.212,0,56.212,1,56.212,0.01,,,,,,,
56.219,191.121,56.219,2.93,56.219,0,56.219,1,56.219,0.01,,,,,,,
56.226,191.12,56.226,2.920139,56.226,0,56.226,1,56.226,0.01,,,,,,,
56.233,191.11,56.233,2.92,56.233,0,56.233,1,56.233,0.01,,,,,,,
56.24,191.0981,56.24,2.92,56.24,0,56.24,1,56.24,0.01,,,,,,,
56.247,191.09,56.247,2.92,56.247,0,56.247,1,56.247,0.01,,,,,,,
56.254,191.09,56.254,2.92,56.254,0,56.254,1,56.254,0.01,,,,,,,
56.261,191.09,56.261,2.92,56.261,0,56.261,1,56.261,0.01,,,,,,,
56.268,191.0842,56.268,2.91,56.268,0,56.268,1,56.268,0.01,,,,,,,
56.275,191.08,56.275,2.91,56.275,0,56.275,1,56.275,0.01,,,,,,,
56.282,191.0724,56.282,2.91,56.282,0,56.282,1,56.282,0.01,,,,,,,
56.289,191.07,56.289,2.91,56.289,0,56.289,1,56.289,0.01,,,,,,,
56.296,191.06,56.296,2.91,56.296,0,56.296,1,56.296,0.01,,,,,,,
56.303,191.0594,56.303,2.91,56.303,0,56.303,1,56.303,0.01,,,,,,,
56.31,191.05,56.31,2.91,56.31,0,56.31,1,56.31,0.01,,,,,,,
56.317,191.0474,56.317,2.91,56.317,0,56.317,1,56.317,0.01,,,,,,,
56.324,191.04,56.324,2.91,56.324,0,56.324,1,56.324,0.01,,,,,,,
56.331,191.0256,56.331,2.9,56.331,0,56.331,1,56.331,0.01,,,,,,,
56.338,191.02,56.338,2.9,56.338,0,56.338,1,56.338,0.01,,,,,,,
56.345,191.02,56.345,2.9,56.345,0,56.345,1,56.345,0.01,,,,,,,
56.352,191.02,56.352,2.9,56.352,0,56.352,1,56.352,0.01,,,,,,,
56.359,191.0017,56.359,2.9,56.359,0,56.359,1,56.359,0.01,,,,,,,
56.366,191,56.366,2.9,56.366,0,56.366,1,56.366,0.01,,,,,,,
56.373,190.99,56.373,2.9,56.373,0,56.373,1,56.373,0.01,,,,,,,
56.38,190.99,56.38,2.898763,56.38,0,56.38,1,56.38,0.01,,,,,,,
56.387,190.98,56.387,2.89,56.387,0,56.387,1,56.387,0.01,,,,,,,
56.394,190.98,56.394,2.89,56.394,0,56.394,1,56.394,0.01,,,,,,,
56.401,190.97,56.401,2.89,56.401,0,56.401,1,56.401,0.01,,,,,,,
56.408,190.97,56.408,2.89,56.408,0,56.408,1,56.408,0.01,,,,,,,
56.415,190.97,56.415,2.89,56.415,0,56.415,1,56.415,0.01,,,,,,,
56.422,190.9528,56.422,2.89,56.422,0,56.422,1,56.422,0.01,,,,,,,
56.429,190.95,56.429,2.89,56.429,0,56.429,1,56.429,0.01,,,,,,,
56.436,190.9593,56.436,2.89,56.436,0,56.436,1,56.436,0.01,,,,,,,
56.443,190.96,56.443,2.88985,56.443,0,56.443,1,56.443,0.01,,,,,,,
56.45,190.96,56.45,2.88,56.45,0,56.45,1,56.45,0.01,,,,,,,
56.457,190.9578,56.457,2.88,56.457,0,56.457,1,56.457,0.01,,,,,,,
56.464,190.94,56.464,2.88,56.464,0,56.464,1,56.464,0.01,,,,,,,
56.471,190.936,56.471,2.88,56.471,0,56.471,1,56.471,0.01,,,,,,,
56.478,190.93,56.478,2.88,56.478,0,56.478,1,56.478,0.01,,,,,,,
56.485,190.9259,56.485,2.88,56.485,0,56.485,1,56.485,0.01,,,,,,,
56.492,190.93,56.492,2.88,56.492,0,56.492,1,56.492,0.01,,,,,,,
56.499,190.93,56.499,2.88,56.499,0,56.499,1,56.499,0.01,,,,,,,
56.506,190.93,56.506,2.871201,56.506,0,56.506,1,56.506,0.01,,,,,,,
56.513,190.92,56.513,2.87,56.513,0,56.513,1,56.513,0.01,,,,,,,
56.52,190.92,56.52,2.87,56.52,0,56.52,1,56.52,0.01,,,,,,,
56.527,190.92,56.527,2.87,56.527,0,56.527,1,56.527,0.01,,,,,,,
56.534,190.92,56.534,2.87,56.534,0,56.534,1,56.534,0.01,,,,,,,
56.541,190.93,56.541,2.87,56.541,0,56.541,1,56.541,0.01,,,,,,,
56.548,190.9253,56.548,2.87,56.548,0,56.548,1,56.548,0.01,,,,,,,
56.555,190.91,56.555,2.87,56.555,0,56.555,1,56.555,0.01,,,,,,,
56.562,190.9032,56.562,2.87,56.562,0,56.562,1,56.562,0.01,,,,,,,
56.569,190.9,56.569,2.862335,56.569,0,56.569,1,56.569,0.01,,,,,,,
56.576,190.9086,56.576,2.86,56.576,0,56.576,1,56.576,0.01,,,,,,,
56.583,190.91,56.583,2.86,56.583,0,56.583,1,56.583,0.01,,,,,,,
56.59,190.91,56.59,2.86,56.59,0,56.59,1,56.59,0.01,,,,,,,
56.597,190.91,56.597,2.86,56.597,0,56.597,1,56.597,0.01,,,,,,,
56.603,190.9,56.603,2.86,56.603,0,56.603,1,56.603,0.01,,,,,,,
56.61,190.8964,56.61,2.86,56.61,0,56.61,1,56.61,0.01,,,,,,,
56.617,190.89,56.617,2.86,56.617,0,56.617,1,56.617,0.01,,,,,,,
56.624,190.89,56.624,2.86,56.624,0,56.624,1,56.624,0.01,,,,,,,
56.631,190.88,56.631,2.86,56.631,0,56.631,1,56.631,0.01,,,,,,,
56.638,190.88,56.638,2.852532,56.638,0,56.638,1,56.638,0.01,,,,,,,
56.645,190.88,56.645,2.85,56.645,0,56.645,1,56.645,0.01,,,,,,,
56.652,190.8707,56.652,2.85,56.652,0,56.652,1,56.652,0.01,,,,,,,
56.659,190.86,56.659,2.85,56.659,0,56.659,1,56.659,0.01,,,,,,,
56.666,190.86,56.666,2.85,56.666,0,56.666,1,56.666,0.01,,,,,,,
56.673,190.86,56.673,2.85,56.673,0,56.673,1,56.673,0.01,,,,,,,
56.68,190.87,56.68,2.85,56.68,0,56.68,1,56.68,0.01,,,,,,,
56.687,190.87,56.687,2.85,56.687,0,56.687,1,56.687,0.01,,,,,,,
56.694,190.86,56.694,2.85,56.694,0,56.694,1,56.694,0.01,,,,,,,
56.701,190.8538,56.701,2.8438,56.701,0,56.701,1,56.701,0.01,,,,,,,
56.708,190.85,56.708,2.84,56.708,0,56.708,1,56.708,0.01,,,,,,,
56.715,190.8418,56.715,2.84,56.715,0,56.715,1,56.715,0.01,,,,,,,
56.722,190.84,56.722,2.84,56.722,0,56.722,1,56.722,0.01,,,,,,,
56.729,190.84,56.729,2.84,56.729,0,56.729,1,56.729,0.01,,,,,,,
56.736,190.8389,56.736,2.84,56.736,0,56.736,1,56.736,0.01,,,,,,,
56.743,190.83,56.743,2.84,56.743,0,56.743,1,56.743,0.01,,,,,,,
56.75,190.8269,56.75,2.84,56.75,0,56.75,1,56.75,0.01,,,,,,,
56.757,190.8141,56.757,2.84,56.757,0,56.757,1,56.757,0.01,,,,,,,
56.764,190.815,56.764,2.84,56.764,0,56.764,1,56.764,0.01,,,,,,,
56.771,190.82,56.771,2.84,56.771,0,56.771,1,56.771,0.01,,,,,,,
56.778,190.8131,56.778,2.833131,56.778,0,56.778,1,56.778,0.01,,,,,,,
56.785,190.8,56.785,2.83,56.785,0,56.785,1,56.785,0.01,,,,,,,
56.792,190.7911,56.792,2.83,56.792,0,56.792,1,56.792,0.01,,,,,,,
56.799,190.79,56.799,2.83,56.799,0,56.799,1,56.799,0.01,,,,,,,
56.806,190.7891,56.806,2.83,56.806,0,56.806,1,56.806,0.01,,,,,,,
56.813,190.78,56.813,2.83,56.813,0,56.813,1,56.813,0.01,,,,,,,
56.82,190.78,56.82,2.83,56.82,0,56.82,1,56.82,0.01,,,,,,,
56.827,190.78,56.827,2.83,56.827,0,56.827,1,56.827,0.01,,,,,,,
56.834,190.7652,56.834,2.83,56.834,0,56.834,1,56.834,0.01,,,,,,,
56.841,190.76,56.841,2.83,56.841,0,56.841,1,56.841,0,,,,,,,
56.848,190.76,56.848,2.83,56.848,0,56.848,1,56.848,0,,,,,,,
56.855,190.76,56.855,2.822231,56.855,0,56.855,1,56.855,0,,,,,,,
56.862,190.75,56.862,2.82,56.862,0,56.862,1,56.862,0,,,,,,,
56.869,190.75,56.869,2.82,56.869,0,56.869,1,56.869,0,,,,,,,
56.876,190.74,56.876,2.82,56.876,0,56.876,1,56.876,0,,,,,,,
56.883,190.7384,56.883,2.82,56.883,0,56.883,1,56.883,0,,,,,,,
56.89,190.73,56.89,2.82,56.89,0,56.89,1,56.89,0,,,,,,,
56.897,190.73,56.897,2.82,56.897,0,56.897,1,56.897,0,,,,,,,
56.904,190.73,56.904,2.82,56.904,0,56.904,1,56.904,0,,,,,,,
56.911,190.72,56.911,2.82,56.911,0,56.911,1,56.911,0,,,,,,,
56.918,190.72,56.918,2.82,56.918,0,56.918,1,56.918,0,,,,,,,
56.925,190.7027,56.925,2.82,56.925,0,56.925,1,56.925,0.01,,,,,,,
56.932,190.7,56.932,2.82,56.932,0,56.932,1,56.932,0.01,,,,,,,
56.939,190.69,56.939,2.82,56.939,0,56.939,1,56.939,0.01,,,,,,,
56.946,190.6898,56.946,2.81,56.946,0,56.946,1,56.946,0.01,,,,,,,
56.953,190.68,56.953,2.81,56.953,0,56.953,1,56.953,0.01,,,,,,,
56.96,190.68,56.96,2.81,56.96,0,56.96,1,56.96,0.01,,,,,,,
56.967,190.68,56.967,2.81,56.967,0,56.967,1,56.967,0.01,,,,,,,
56.974,190.68,56.974,2.81,56.974,0,56.974,1,56.974,0.01,,,,,,,
56.981,190.68,56.981,2.81,56.981,0,56.981,1,56.981,0.01,,,,,,,
56.988,190.67,56.988,2.81,56.988,0,56.988,1,56.988,0.01,,,,,,,
56.995,190.67,56.995,2.81,56.995,0,56.995,1,56.995,0.01,,,,,,,
57.002,190.67,57.002,2.81,57.002,0,57.002,1,57.002,0.01,,,,,,,
57.009,190.67,57.009,2.81,57.009,0,57.009,1,57.009,0.01,,,,,,,
57.016,190.66,57.016,2.809965,57.016,0,57.016,1,57.016,0.01,,,,,,,
57.023,190.6588,57.023,2.8,57.023,0,57.023,1,57.023,0.01,,,,,,,
57.03,190.65,57.03,2.8,57.03,0,57.03,1,57.03,0.01,,,,,,,
57.037,190.65,57.037,2.8,57.037,0,57.037,1,57.037,0.01,,,,,,,
57.044,190.65,57.044,2.8,57.044,0,57.044,1,57.044,0.01,,,,,,,
57.051,190.64,57.051,2.8,57.051,0,57.051,1,57.051,0.01,,,,,,,
57.058,190.64,57.058,2.8,57.058,0,57.058,1,57.058,0.01,,,,,,,
57.065,190.63,57.065,2.8,57.065,0,57.065,1,57.065,0.01,,,,,,,
57.072,190.63,57.072,2.8,57.072,0,57.072,1,57.072,0.01,,,,,,,
57.079,190.62,57.079,2.8,57.079,0,57.079,1,57.079,0.01,,,,,,,
57.086,190.62,57.086,2.8,57.086,0,57.086,1,57.086,0.01,,,,,,,
57.093,190.62,57.093,2.8,57.093,0,57.093,1,57.093,0.01,,,,,,,
57.1,190.6181,57.1,2.8,57.1,0,57.1,1,57.1,0.01,,,,,,,
57.107,190.61,57.107,2.8,57.107,0,57.107,1,57.107,0.01,,,,,,,
57.114,190.6063,57.114,2.79,57.114,0,57.114,1,57.114,0.01,,,,,,,
57.121,190.6,57.121,2.79,57.121,0,57.121,1,57.121,0.01,,,,,,,
57.128,190.59,57.128,2.79,57.128,0,57.128,1,57.128,0.01,,,,,,,
57.135,190.59,57.135,2.79,57.135,0,57.135,1,57.135,0.01,,,,,,,
57.142,190.59,57.142,2.79,57.142,0,57.142,1,57.142,0.01,,,,,,,
57.149,190.59,57.149,2.79,57.149,0,57.149,1,57.149,0.01,,,,,,,
57.156,190.59,57.156,2.79,57.156,0,57.156,1,57.156,0.01,,,,,,,
57.163,190.5895,57.163,2.79,57.163,0,57.163,1,57.163,0.01,,,,,,,
57.17,190.58,57.17,2.79,57.17,0,57.17,1,57.17,0.01,,,,,,,
57.177,190.58,57.177,2.79,57.177,0,57.177,1,57.177,0.01,,,,,,,
57.184,190.57,57.184,2.79,57.184,0,57.184,1,57.184,0.01,,,,,,,
57.191,190.57,57.191,2.79,57.191,0,57.191,1,57.191,0.01,,,,,,,
57.198,190.57,57.198,2.784416,57.198,0,57.198,1,57.198,0.01,,,,,,,
57.205,190.5635,57.205,2.78,57.205,0,57.205,1,57.205,0.01,,,,,,,
57.212,190.56,57.212,2.78,57.212,0,57.212,1,57.212,0.01,,,,,,,
57.219,190.56,57.219,2.78,57.219,0,57.219,1,57.219,0.01,,,,,,,
57.226,190.56,57.226,2.78,57.226,0,57.226,1,57.226,0.01,,,,,,,
57.233,190.56,57.233,2.78,57.233,0,57.233,1,57.233,0.01,,,,,,,
57.24,190.5585,57.24,2.78,57.24,0,57.24,1,57.24,0.01,,,,,,,
57.247,190.55,57.247,2.78,57.247,0,57.247,1,57.247,0.01,,,,,,,
57.254,190.55,57.254,2.78,57.254,0,57.254,1,57.254,0.01,,,,,,,
57.261,190.55,57.261,2.78,57.261,0,57.261,1,57.261,0.01,,,,,,,
57.268,190.55,57.268,2.78,57.268,0,57.268,1,57.268,0.01,,,,,,,
57.275,190.56,57.275,2.78,57.275,0,57.275,1,57.275,0.01,,,,,,,
57.282,190.55,57.282,2.78,57.282,0,57.282,1,57.282,0.01,,,,,,,
57.289,190.55,57.289,2.78,57.289,0,57.289,1,57.289,0.01,,,,,,,
57.296,190.5407,57.296,2.77,57.296,0,57.296,1,57.296,0.01,,,,,,,
57.303,190.54,57.303,2.77,57.303,0,57.303,1,57.303,0.01,,,,,,,
57.31,190.54,57.31,2.77,57.31,0,57.31,1,57.31,0.01,,,,,,,
57.317,190.54,57.317,2.77,57.317,0,57.317,1,57.317,0.01,,,,,,,
57.324,190.53,57.324,2.77,57.324,0,57.324,1,57.324,0.01,,,,,,,
57.331,190.53,57.331,2.77,57.331,0,57.331,1,57.331,0.01,,,,,,,
57.338,190.54,57.338,2.77,57.338,0,57.338,1,57.338,0.01,,,,,,,
57.345,190.54,57.345,2.77,57.345,0,57.345,1,57.345,0.01,,,,,,,
57.352,190.54,57.352,2.77,57.352,0,57.352,1,57.352,0.01,,,,,,,
57.359,190.53,57.359,2.77,57.359,0,57.359,1,57.359,0.01,,,,,,,
57.366,190.53,57.366,2.77,57.366,0,57.366,1,57.366,0.01,,,,,,,
57.373,190.5399,57.373,2.77,57.373,0,57.373,1,57.373,0.01,,,,,,,
57.38,190.54,57.38,2.77,57.38,0,57.38,1,57.38,0.01,,,,,,,
57.387,190.54,57.387,2.77,57.387,0,57.387,1,57.387,0.01,,,,,,,
57.394,190.5371,57.394,2.77,57.394,0,57.394,1,57.394,0.01,,,,,,,
57.401,190.53,57.401,2.766208,57.401,0,57.401,1,57.401,0.01,,,,,,,
57.408,190.53,57.408,2.76,57.408,0,57.408,1,57.408,0.01,,,,,,,
57.415,190.53,57.415,2.76,57.415,0,57.415,1,57.415,0.01,,,,,,,
57.422,190.5232,57.422,2.76,57.422,0,57.422,1,57.422,0.01,,,,,,,
57.429,190.52,57.429,2.76,57.429,0,57.429,1,57.429,0.01,,,,,,,
57.436,190.52,57.436,2.76,57.436,0,57.436,1,57.436,0.01,,,,,,,
57.443,190.52,57.443,2.76,57.443,0,57.443,1,57.443,0.01,,,,,,,
57.45,190.51,57.45,2.76,57.45,0,57.45,1,57.45,0.01,,,,,,,
57.457,190.51,57.457,2.76,57.457,0,57.457,1,57.457,0.01,,,,,,,
57.464,190.51,57.464,2.76,57.464,0,57.464,1,57.464,0.01,,,,,,,
57.471,190.5064,57.471,2.76,57.471,0,57.471,1,57.471,0.01,,,,,,,
57.478,190.49,57.478,2.76,57.478,0,57.478,1,57.478,0.01,,,,,,,
57.485,190.4845,57.485,2.76,57.485,0,57.485,1,57.485,0.01,,,,,,,
57.492,190.48,57.492,2.76,57.492,0,57.492,1,57.492,0.01,,,,,,,
57.499,190.4725,57.499,2.76,57.499,0,57.499,1,57.499,0.01,,,,,,,
57.506,190.47,57.506,2.76,57.506,0,57.506,1,57.506,0.01,,,,,,,
57.513,190.4795,57.513,2.75,57.513,0,57.513,1,57.513,0.01,,,,,,,
57.519,190.48,57.519,2.75,57.519,0,57.519,1,57.519,0.01,,,,,,,
57.526,190.47,57.526,2.75,57.526,0,57.526,1,57.526,0.01,,,,,,,
57.533,190.47,57.533,2.75,57.533,0,57.533,1,57.533,0.01,,,,,,,
57.54,190.46,57.54,2.75,57.54,0,57.54,1,57.54,0.01,,,,,,,
57.547,190.46,57.547,2.75,57.547,0,57.547,1,57.547,0.01,,,,,,,
57.554,190.46,57.554,2.75,57.554,0,57.554,1,57.554,0.01,,,,,,,
57.561,190.46,57.561,2.75,57.561,0,57.561,1,57.561,0.01,,,,,,,
57.568,190.45,57.568,2.75,57.568,0,57.568,1,57.568,0.01,,,,,,,
57.575,190.45,57.575,2.75,57.575,0,57.575,1,57.575,0.01,,,,,,,
57.582,190.44,57.582,2.75,57.582,0,57.582,1,57.582,0.01,,,,,,,
57.589,190.43,57.589,2.75,57.589,0,57.589,1,57.589,0.01,,,,,,,
57.596,190.43,57.596,2.75,57.596,0,57.596,1,57.596,0.01,,,,,,,
57.603,190.428,57.603,2.75,57.603,0,57.603,1,57.603,0.01,,,,,,,
57.61,190.42,57.61,2.746891,57.61,0,57.61,1,57.61,0.01,,,,,,,
57.617,190.42,57.617,2.74,57.617,0,57.617,1,57.617,0.01,,,,,,,
57.624,190.42,57.624,2.74,57.624,0,57.624,1,57.624,0.01,,,,,,,
57.631,190.41,57.631,2.74,57.631,0,57.631,1,57.631,0.01,,,,,,,
57.638,190.41,57.638,2.74,57.638,0,57.638,1,57.638,0.01,,,,,,,
57.645,190.41,57.645,2.74,57.645,0,57.645,1,57.645,0.01,,,,,,,
57.652,190.41,57.652,2.74,57.652,0,57.652,1,57.652,0.01,,,,,,,
57.659,190.4,57.659,2.74,57.659,0,57.659,1,57.659,0.01,,,,,,,
57.666,190.4,57.666,2.74,57.666,0,57.666,1,57.666,0.01,,,,,,,
57.673,190.4,57.673,2.74,57.673,0,57.673,1,57.673,0,,,,,,,
57.68,190.4,57.68,2.74,57.68,0,57.68,1,57.68,0,,,,,,,
57.687,190.4,57.687,2.74,57.687,0,57.687,1,57.687,0,,,,,,,
57.694,190.4048,57.694,2.74,57.694,0,57.694,1,57.694,0,,,,,,,
57.701,190.41,57.701,2.74,57.701,0,57.701,1,57.701,0,,,,,,,
57.708,190.4,57.708,2.74,57.708,0,57.708,1,57.708,0.01,,,,,,,
57.715,190.4,57.715,2.74,57.715,0,57.715,1,57.715,0.01,,,,,,,
57.722,190.4,57.722,2.74,57.722,0,57.722,1,57.722,0.001352601,,,,,,,
57.729,190.4,57.729,2.74,57.729,0,57.729,1,57.729,0,,,,,,,
57.736,190.39,57.736,2.74,57.736,0,57.736,1,57.736,0.0006958473,,,,,,,
57.743,190.39,57.743,2.73,57.743,0,57.743,1,57.743,0.01,,,,,,,
57.75,190.39,57.75,2.73,57.75,0,57.75,1,57.75,0.01,,,,,,,
57.757,190.4,57.757,2.73,57.757,0,57.757,1,57.757,0.01,,,,,,,
57.764,190.4,57.764,2.73,57.764,0,57.764,1,57.764,0.01,,,,,,,
57.771,190.39,57.771,2.73,57.771,0,57.771,1,57.771,0.004520231,,,,,,,
57.778,190.39,57.778,2.73,57.778,0,57.778,1,57.778,0,,,,,,,
57.785,190.39,57.785,2.73,57.785,0,57.785,1,57.785,0,,,,,,,
57.792,190.3815,57.792,2.73,57.792,0,57.792,1,57.792,0.01,,,,,,,
57.799,190.38,57.799,2.73,57.799,0,57.799,1,57.799,0.01,,,,,,,
57.806,190.38,57.806,2.73,57.806,0,57.806,1,57.806,0.01,,,,,,,
57.813,190.38,57.813,2.73,57.813,0,57.813,1,57.813,0.01,,,,,,,
57.82,190.37,57.82,2.73,57.82,0,57.82,1,57.82,0.01,,,,,,,
57.827,190.37,57.827,2.73,57.827,0,57.827,1,57.827,0.01,,,,,,,
57.834,190.37,57.834,2.73,57.834,0,57.834,1,57.834,0.01,,,,,,,
57.841,190.37,57.841,2.73,57.841,0,57.841,1,57.841,0.01,,,,,,,
57.848,190.36,57.848,2.73,57.848,0,57.848,1,57.848,0.01,,,,,,,
57.855,190.36,57.855,2.73,57.855,0,57.855,1,57.855,0.01,,,,,,,
57.862,190.36,57.862,2.73,57.862,0,57.862,1,57.862,0.01,,,,,,,
57.869,190.36,57.869,2.720867,57.869,0,57.869,1,57.869,0.01,,,,,,,
57.876,190.36,57.876,2.72,57.876,0,57.876,1,57.876,0.01,,,,,,,
57.883,190.36,57.883,2.72,57.883,0,57.883,1,57.883,0.01,,,,,,,
57.89,190.36,57.89,2.72,57.89,0,57.89,1,57.89,0.01,,,,,,,
57.897,190.353,57.897,2.72,57.897,0,57.897,1,57.897,0.01,,,,,,,
57.904,190.36,57.904,2.72,57.904,0,57.904,1,57.904,0.01,,,,,,,
57.911,190.35,57.911,2.72,57.911,0,57.911,1,57.911,0.01,,,,,,,
57.918,190.35,57.918,2.72,57.918,0,57.918,1,57.918,0.01,,,,,,,
57.925,190.35,57.925,2.72,57.925,0,57.925,1,57.925,0.01,,,,,,,
57.932,190.35,57.932,2.72,57.932,0,57.932,1,57.932,0.01,,,,,,,
57.939,190.35,57.939,2.72,57.939,0,57.939,1,57.939,0.01,,,,,,,
57.946,190.35,57.946,2.72,57.946,0,57.946,1,57.946,0.01,,,,,,,
57.953,190.35,57.953,2.72,57.953,0,57.953,1,57.953,0.01,,,,,,,
57.96,190.3481,57.96,2.72,57.96,0,57.96,1,57.96,0.01,,,,,,,
57.967,190.34,57.967,2.72,57.967,0,57.967,1,57.967,0.01,,,,,,,
57.974,190.33,57.974,2.72,57.974,0,57.974,1,57.974,0.01,,,,,,,
57.981,190.33,57.981,2.72,57.981,0,57.981,1,57.981,0.01,,,,,,,
57.988,190.3242,57.988,2.72,57.988,0,57.988,1,57.988,0.01,,,,,,,
57.995,190.32,57.995,2.72,57.995,0,57.995,1,57.995,0.01,,,,,,,
58.002,190.32,58.002,2.72,58.002,0,58.002,1,58.002,0.01,,,,,,,
58.009,190.32,58.009,2.71127,58.009,0,58.009,1,58.009,0.01,,,,,,,
58.016,190.32,58.016,2.71,58.016,0,58.016,1,58.016,0.01,,,,,,,
58.023,190.3195,58.023,2.71,58.023,0,58.023,1,58.023,0.01,,,,,,,
58.03,190.31,58.03,2.71,58.03,0,58.03,1,58.03,0.01,,,,,,,
58.037,190.31,58.037,2.71,58.037,0,58.037,1,58.037,0.01,,,,,,,
58.044,190.31,58.044,2.71,58.044,0,58.044,1,58.044,0.01,,,,,,,
58.051,190.3055,58.051,2.71,58.051,0,58.051,1,58.051,0.01,,,,,,,
58.058,190.3,58.058,2.71,58.058,0,58.058,1,58.058,0.01,,,,,,,
58.065,190.3,58.065,2.71,58.065,0,58.065,1,58.065,0.01,,,,,,,
58.072,190.31,58.072,2.71,58.072,0,58.072,1,58.072,0.01,,,,,,,
58.079,190.2914,58.079,2.71,58.079,0,58.079,1,58.079,0.01,,,,,,,
58.086,190.29,58.086,2.71,58.086,0,58.086,1,58.086,0.01,,,,,,,
58.093,190.29,58.093,2.71,58.093,0,58.093,1,58.093,0.01,,,,,,,
58.1,190.29,58.1,2.71,58.1,0,58.1,1,58.1,0.01,,,,,,,
58.107,190.28,58.107,2.71,58.107,0,58.107,1,58.107,0.01,,,,,,,
58.114,190.28,58.114,2.71,58.114,0,58.114,1,58.114,0.01,,,,,,,
58.121,190.28,58.121,2.71,58.121,0,58.121,1,58.121,0.01,,,,,,,
58.128,190.27,58.128,2.71,58.128,0,58.128,1,58.128,0.01,,,,,,,
58.135,190.27,58.135,2.71,58.135,0,58.135,1,58.135,0.01,,,,,,,
58.142,190.27,58.142,2.71,58.142,0,58.142,1,58.142,0.01,,,,,,,
58.149,190.27,58.149,2.701663,58.149,0,58.149,1,58.149,0.01,,,,,,,
58.156,190.26,58.156,2.7,58.156,0,58.156,1,58.156,0.01,,,,,,,
58.163,190.2599,58.163,2.7,58.163,0,58.163,1,58.163,0.01,,,,,,,
58.17,190.25,58.17,2.7,58.17,0,58.17,1,58.17,0.01,,,,,,,
58.177,190.25,58.177,2.7,58.177,0,58.177,1,58.177,0.01,,,,,,,
58.184,190.24,58.184,2.7,58.184,0,58.184,1,58.184,0.01,,,,,,,
58.191,190.24,58.191,2.7,58.191,0,58.191,1,58.191,0.01,,,,,,,
58.198,190.24,58.198,2.7,58.198,0,58.198,1,58.198,0.01,,,,,,,
58.205,190.2339,58.205,2.7,58.205,0,58.205,1,58.205,0.01,,,,,,,
58.212,190.23,58.212,2.7,58.212,0,58.212,1,58.212,0.01,,,,,,,
58.219,190.23,58.219,2.7,58.219,0,58.219,1,58.219,0.01,,,,,,,
58.226,190.23,58.226,2.7,58.226,0,58.226,1,58.226,0.01,,,,,,,
58.233,190.23,58.233,2.7,58.233,0,58.233,1,58.233,0.01,,,,,,,
58.24,190.2292,58.24,2.7,58.24,0,58.24,1,58.24,0.01,,,,,,,
58.247,190.22,58.247,2.7,58.247,0,58.247,1,58.247,0.01,,,,,,,
58.254,190.22,58.254,2.7,58.254,0,58.254,1,58.254,0.01,,,,,,,
58.261,190.21,58.261,2.7,58.261,0,58.261,1,58.261,0.01,,,,,,,
58.268,190.21,58.268,2.7,58.268,0,58.268,1,58.268,0.01,,,,,,,
58.275,190.21,58.275,2.7,58.275,0,58.275,1,58.275,0.01,,,,,,,
58.282,190.2032,58.282,2.7,58.282,0,58.282,1,58.282,0.01,,,,,,,
58.289,190.19,58.289,2.7,58.289,0,58.289,1,58.289,0.01,,,,,,,
58.296,190.1988,58.296,2.7,58.296,0,58.296,1,58.296,0.01,,,,,,,
58.303,190.2,58.303,2.690278,58.303,0,58.303,1,58.303,0.01,,,,,,,
58.31,190.19,58.31,2.69,58.31,0,58.31,1,58.31,0.01,,,,,,,
58.317,190.19,58.317,2.69,58.317,0,58.317,1,58.317,0.01,,,,,,,
58.324,190.19,58.324,2.69,58.324,0,58.324,1,58.324,0.01,,,,,,,
58.331,190.19,58.331,2.69,58.331,0,58.331,1,58.331,0.01,,,,,,,
58.338,190.18,58.338,2.69,58.338,0,58.338,1,58.338,0.01,,,,,,,
58.345,190.18,58.345,2.69,58.345,0,58.345,1,58.345,0.01,,,,,,,
58.352,190.18,58.352,2.69,58.352,0,58.352,1,58.352,0.01,,,,,,,
58.359,190.18,58.359,2.69,58.359,0,58.359,1,58.359,0.01,,,,,,,
58.366,190.17,58.366,2.69,58.366,0,58.366,1,58.366,0.01,,,,,,,
58.373,190.17,58.373,2.69,58.373,0,58.373,1,58.373,0.01,,,,,,,
58.38,190.17,58.38,2.69,58.38,0,58.38,1,58.38,0.01,,,,,,,
58.387,190.17,58.387,2.69,58.387,0,58.387,1,58.387,0.01,,,,,,,
58.394,190.1676,58.394,2.69,58.394,0,58.394,1,58.394,0.01,,,,,,,
58.401,190.16,58.401,2.69,58.401,0,58.401,1,58.401,0.01,,,,,,,
58.408,190.16,58.408,2.69,58.408,0,58.408,1,58.408,0.01,,,,,,,
58.415,190.16,58.415,2.69,58.415,0,58.415,1,58.415,0.01,,,,,,,
58.422,190.1537,58.422,2.69,58.422,0,58.422,1,58.422,0.01,,,,,,,
58.428,190.15,58.428,2.69,58.428,0,58.428,1,58.428,0.01,,,,,,,
58.435,190.15,58.435,2.69,58.435,0,58.435,1,58.435,0.01,,,,,,,
58.442,190.15,58.442,2.69,58.442,0,58.442,1,58.442,0.01,,,,,,,
58.449,190.1502,58.449,2.69,58.449,0,58.449,1,58.449,0.01,,,,,,,
58.456,190.16,58.456,2.688889,58.456,0,58.456,1,58.456,0.01,,,,,,,
58.463,190.1578,58.463,2.68,58.463,0,58.463,1,58.463,0.01,,,,,,,
58.47,190.15,58.47,2.68,58.47,0,58.47,1,58.47,0.01,,,,,,,
58.477,190.15,58.477,2.68,58.477,0,58.477,1,58.477,0.01,,,,,,,
58.484,190.15,58.484,2.68,58.484,0,58.484,1,58.484,0.01,,,,,,,
58.491,190.15,58.491,2.68,58.491,0,58.491,1,58.491,0.01,,,,,,,
58.498,190.15,58.498,2.68,58.498,0,58.498,1,58.498,0.01,,,,,,,
58.505,190.15,58.505,2.68,58.505,0,58.505,1,58.505,0.01,,,,,,,
58.512,190.1411,58.512,2.68,58.512,0,58.512,1,58.512,0.01,,,,,,,
58.519,190.13,58.519,2.68,58.519,0,58.519,1,58.519,0.01,,,,,,,
58.526,190.13,58.526,2.68,58.526,0,58.526,1,58.526,0.01,,,,,,,
58.533,190.13,58.533,2.68,58.533,0,58.533,1,58.533,0.01,,,,,,,
58.54,190.14,58.54,2.68,58.54,0,58.54,1,58.54,0.01,,,,,,,
58.547,190.14,58.547,2.68,58.547,0,58.547,1,58.547,0.01,,,,,,,
58.554,190.14,58.554,2.68,58.554,0,58.554,1,58.554,0.01,,,,,,,
58.561,190.14,58.561,2.68,58.561,0,58.561,1,58.561,0.01,,,,,,,
58.568,190.14,58.568,2.68,58.568,0,58.568,1,58.568,0.01,,,,,,,
58.575,190.14,58.575,2.68,58.575,0,58.575,1,58.575,0.01,,,,,,,
58.582,190.14,58.582,2.68,58.582,0,58.582,1,58.582,0.01,,,,,,,
58.589,190.14,58.589,2.68,58.589,0,58.589,1,58.589,0.01,,,,,,,
58.596,190.15,58.596,2.68,58.596,0,58.596,1,58.596,0.01,,,,,,,
58.603,190.15,58.603,2.68,58.603,0,58.603,1,58.603,0.01,,,,,,,
58.61,190.15,58.61,2.68,58.61,0,58.61,1,58.61,0.01,,,,,,,
58.617,190.1437,58.617,2.68,58.617,0,58.617,1,58.617,0.01,,,,,,,
58.624,190.15,58.624,2.68,58.624,0,58.624,1,58.624,0.01,,,,,,,
58.631,190.14,58.631,2.67,58.631,0,58.631,1,58.631,0.01,,,,,,,
58.638,190.14,58.638,2.67,58.638,0,58.638,1,58.638,0.01,,,,,,,
58.645,190.14,58.645,2.67,58.645,0,58.645,1,58.645,0.01,,,,,,,
58.652,190.14,58.652,2.67,58.652,0,58.652,1,58.652,0.01,,,,,,,
58.659,190.1207,58.659,2.67,58.659,0,58.659,1,58.659,0.01,,,,,,,
58.666,190.1195,58.666,2.67,58.666,0,58.666,1,58.666,0.01,,,,,,,
58.673,190.11,58.673,2.67,58.673,0,58.673,1,58.673,0.01,,,,,,,
58.68,190.11,58.68,2.67,58.68,0,58.68,1,58.68,0.01,,,,,,,
58.687,190.11,58.687,2.67,58.687,0,58.687,1,58.687,0.01,,,,,,,
58.694,190.1,58.694,2.67,58.694,0,58.694,1,58.694,0.01,,,,,,,
58.701,190.1,58.701,2.67,58.701,0,58.701,1,58.701,0.01,,,,,,,
58.708,190.11,58.708,2.67,58.708,0,58.708,1,58.708,0,,,,,,,
58.715,190.11,58.715,2.67,58.715,0,58.715,1,58.715,0,,,,,,,
58.722,190.11,58.722,2.67,58.722,0,58.722,1,58.722,0,,,,,,,
58.729,190.11,58.729,2.67,58.729,0,58.729,1,58.729,0,,,,,,,
58.736,190.11,58.736,2.67,58.736,0,58.736,1,58.736,0.0003139013,,,,,,,
58.743,190.11,58.743,2.67,58.743,0,58.743,1,58.743,0.01,,,,,,,
58.75,190.1,58.75,2.67,58.75,0,58.75,1,58.75,0.01,,,,,,,
58.757,190.0968,58.757,2.67,58.757,0,58.757,1,58.757,0.01,,,,,,,
58.764,190.09,58.764,2.67,58.764,0,58.764,1,58.764,0.01,,,,,,,
58.771,190.09,58.771,2.67,58.771,0,58.771,1,58.771,0.01,,,,,,,
58.778,190.09,58.778,2.67,58.778,0,58.778,1,58.778,0.01,,,,,,,
58.785,190.0729,58.785,2.67,58.785,0,58.785,1,58.785,0.01,,,,,,,
58.792,190.07,58.792,2.67,58.792,0,58.792,1,58.792,0.01,,,,,,,
58.799,190.07,58.799,2.67,58.799,0,58.799,1,58.799,0.01,,,,,,,
58.806,190.07,58.806,2.67,58.806,0,58.806,1,58.806,0.01,,,,,,,
58.813,190.05,58.813,2.67,58.813,0,58.813,1,58.813,0.01,,,,,,,
58.82,190.05,58.82,2.66,58.82,0,58.82,1,58.82,0.01,,,,,,,
58.827,190.05,58.827,2.66,58.827,0,58.827,1,58.827,0.01,,,,,,,
58.834,190.0561,58.834,2.66,58.834,0,58.834,1,58.834,0.01,,,,,,,
58.841,190.05,58.841,2.66,58.841,0,58.841,1,58.841,0.01,,,,,,,
58.848,190.05,58.848,2.66,58.848,0,58.848,1,58.848,0.01,,,,,,,
58.855,190.05,58.855,2.66,58.855,0,58.855,1,58.855,0.01,,,,,,,
58.862,190.05,58.862,2.66,58.862,0,58.862,1,58.862,0.01,,,,,,,
58.869,190.05,58.869,2.66,58.869,0,58.869,1,58.869,0.01,,,,,,,
58.876,190.0596,58.876,2.66,58.876,0,58.876,1,58.876,0.01,,,,,,,
58.883,190.06,58.883,2.66,58.883,0,58.883,1,58.883,0.01,,,,,,,
58.89,190.07,58.89,2.66,58.89,0,58.89,1,58.89,0.01,,,,,,,
58.897,190.0674,58.897,2.66,58.897,0,58.897,1,58.897,0.01,,,,,,,
58.904,190.07,58.904,2.66,58.904,0,58.904,1,58.904,0.01,,,,,,,
58.911,190.07,58.911,2.66,58.911,0,58.911,1,58.911,0.01,,,,,,,
58.918,190.07,58.918,2.66,58.918,0,58.918,1,58.918,0.01,,,,,,,
58.925,190.0535,58.925,2.66,58.925,0,58.925,1,58.925,0.01,,,,,,,
58.932,190.05,58.932,2.66,58.932,0,58.932,1,58.932,0.01,,,,,,,
58.939,190.06,58.939,2.66,58.939,0,58.939,1,58.939,0.01,,,,,,,
58.946,190.06,58.946,2.66,58.946,0,58.946,1,58.946,0.01,,,,,,,
58.953,190.05,58.953,2.66,58.953,0,58.953,1,58.953,0.01,,,,,,,
58.96,190.05,58.96,2.66,58.96,0,58.96,1,58.96,0.01,,,,,,,
58.967,190.05,58.967,2.66,58.967,0,58.967,1,58.967,0.01,,,,,,,
58.974,190.0467,58.974,2.66,58.974,0,58.974,1,58.974,0.01,,,,,,,
58.981,190.04,58.981,2.66,58.981,0,58.981,1,58.981,0.01,,,,,,,
58.988,190.04,58.988,2.66,58.988,0,58.988,1,58.988,0.01,,,,,,,
58.995,190.04,58.995,2.66,58.995,0,58.995,1,58.995,0.01,,,,,,,
59.002,190.0472,59.002,2.66,59.002,0,59.002,1,59.002,0.01,,,,,,,
59.009,190.05,59.009,2.66,59.009,0,59.009,1,59.009,0.01,,,,,,,
59.016,190.04,59.016,2.66,59.016,0,59.016,1,59.016,0.01,,,,,,,
59.023,190.0401,59.023,2.659885,59.023,0,59.023,1,59.023,0.01,,,,,,,
59.03,190.06,59.03,2.65,59.03,0,59.03,1,59.03,0.01,,,,,,,
59.037,190.0578,59.037,2.65,59.037,0,59.037,1,59.037,0.01,,,,,,,
59.044,190.05,59.044,2.65,59.044,0,59.044,1,59.044,0.01,,,,,,,
59.051,190.0459,59.051,2.65,59.051,0,59.051,1,59.051,0.01,,,,,,,
59.058,190.05,59.058,2.65,59.058,0,59.058,1,59.058,0,,,,,,,
59.065,190.05,59.065,2.65,59.065,0,59.065,1,59.065,0,,,,,,,
59.072,190.05,59.072,2.65,59.072,0,59.072,1,59.072,0,,,,,,,
59.079,190.05,59.079,2.65,59.079,0,59.079,1,59.079,0,,,,,,,
59.086,190.04,59.086,2.65,59.086,0,59.086,1,59.086,0,,,,,,,
59.093,190.04,59.093,2.65,59.093,0,59.093,1,59.093,0.01,,,,,,,
59.1,190.04,59.1,2.65,59.1,0,59.1,1,59.1,0.01,,,,,,,
59.107,190.03,59.107,2.65,59.107,0,59.107,1,59.107,0,,,,,,,
59.114,190.0329,59.114,2.65,59.114,0,59.114,1,59.114,0,,,,,,,
59.121,190.03,59.121,2.65,59.121,0,59.121,1,59.121,0.003764434,,,,,,,
59.128,190.03,59.128,2.65,59.128,0,59.128,1,59.128,0.01,,,,,,,
59.135,190.03,59.135,2.65,59.135,0,59.135,1,59.135,0.01,,,,,,,
59.142,190.03,59.142,2.65,59.142,0,59.142,1,59.142,0.01,,,,,,,
59.149,190.03,59.149,2.65,59.149,0,59.149,1,59.149,0.01,,,,,,,
59.156,190.03,59.156,2.65,59.156,0,59.156,1,59.156,0.01,,,,,,,
59.163,190.03,59.163,2.65,59.163,0,59.163,1,59.163,0.01,,,,,,,
59.17,190.04,59.17,2.65,59.17,0,59.17,1,59.17,0.01,,,,,,,
59.177,190.04,59.177,2.65,59.177,0,59.177,1,59.177,0.01,,,,,,,
59.184,190.0427,59.184,2.65,59.184,0,59.184,1,59.184,0.01,,,,,,,
59.191,190.05,59.191,2.65,59.191,0,59.191,1,59.191,0.01,,,,,,,
59.198,190.05,59.198,2.65,59.198,0,59.198,1,59.198,0.01,,,,,,,
59.205,190.05,59.205,2.65,59.205,0,59.205,1,59.205,0.01,,,,,,,
59.212,190.05,59.212,2.65,59.212,0,59.212,1,59.212,0.01,,,,,,,
59.219,190.05,59.219,2.65,59.219,0,59.219,1,59.219,0.01,,,,,,,
59.226,190.05,59.226,2.65,59.226,0,59.226,1,59.226,0.01,,,,,,,
59.233,190.05,59.233,2.65,59.233,0,59.233,1,59.233,0.01,,,,,,,
59.24,190.04,59.24,2.65,59.24,0,59.24,1,59.24,0.01,,,,,,,
59.247,190.04,59.247,2.65,59.247,0,59.247,1,59.247,0.01,,,,,,,
59.254,190.04,59.254,2.64,59.254,0,59.254,1,59.254,0.01,,,,,,,
59.261,190.04,59.261,2.64,59.261,0,59.261,1,59.261,0.01,,,,,,,
59.268,190.04,59.268,2.64,59.268,0,59.268,1,59.268,0.01,,,,,,,
59.275,190.04,59.275,2.64,59.275,0,59.275,1,59.275,0.01,,,,,,,
59.282,190.04,59.282,2.64,59.282,0,59.282,1,59.282,0.01,,,,,,,
59.289,190.04,59.289,2.64,59.289,0,59.289,1,59.289,0.01,,,,,,,
59.296,190.0482,59.296,2.64,59.296,0,59.296,1,59.296,0.01,,,,,,,
59.303,190.05,59.303,2.64,59.303,0,59.303,1,59.303,0.01,,,,,,,
59.31,190.05,59.31,2.64,59.31,0,59.31,1,59.31,0.01,,,,,,,
59.317,190.05,59.317,2.64,59.317,0,59.317,1,59.317,0.01,,,,,,,
59.324,190.05,59.324,2.64,59.324,0,59.324,1,59.324,0.01,,,,,,,
59.331,190.05,59.331,2.64,59.331,0,59.331,1,59.331,0.01,,,,,,,
59.338,190.0441,59.338,2.64,59.338,0,59.338,1,59.338,0.01,,,,,,,
59.344,190.05,59.344,2.64,59.344,0,59.344,1,59.344,0.01,,,,,,,
59.351,190.05,59.351,2.64,59.351,0,59.351,1,59.351,0.01,,,,,,,
59.358,190.05,59.358,2.64,59.358,0,59.358,1,59.358,0.01,,,,,,,
59.365,190.05,59.365,2.64,59.365,0,59.365,1,59.365,0.01,,,,,,,
59.372,190.05,59.372,2.64,59.372,0,59.372,1,59.372,0.01,,,,,,,
59.379,0,59.379,0,59.379,0,59.379,0.5,59.379,0,,,,,,,
